mtllib Velociraptor.mtl
o Cylinder
usemtl LightBrown
v 69.43561244735292 343.1628784833748 243.90229026669004
v 41.73476641970183 353.4299662021873 268.6628022857268
v 35.79974588802543 325.89434945204135 283.7744936993117
v 69.43561244735292 343.1628784833748 243.90229026669004
v 35.79974588802543 325.89434945204135 283.7744936993117
v 60.751702597387975 310.13213512851627 245.89828881016473
v 60.751702597387975 310.13213512851627 245.89828881016473
v 35.79974588802543 325.89434945204135 283.7744936993117
v 0.000021471249371078378 313.0765528109887 290.1925297096767
v 60.751702597387975 310.13213512851627 245.89828881016473
v 0.000021471249371078378 313.0765528109887 290.1925297096767
v 0.00001945762408799988 295.96815211460046 248.1051048916628
v 60.751702597387975 310.13213512851627 245.89828881016473
v 0.00001945762408799988 295.96815211460046 248.1051048916628
v 0.00001776687753681362 277.11015622348907 218.21977831350267
v 60.751702597387975 310.13213512851627 245.89828881016473
v 0.00001776687753681362 277.11015622348907 218.21977831350267
v 64.13260639229293 288.80368410343823 212.3646635146249
v 64.13260639229293 288.80368410343823 212.3646635146249
v 0.00001776687753681362 277.11015622348907 218.21977831350267
v 0.00001142097022219235 224.19346084655996 84.36793949321732
v 64.13260639229293 288.80368410343823 212.3646635146249
v 0.00001142097022219235 224.19346084655996 84.36793949321732
v 70.09222784426811 238.56509668140484 84.34455856014216
v 70.09222784426811 238.56509668140484 84.34455856014216
v 0.00001142097022219235 224.19346084655996 84.36793949321732
v 0.000009773899085489574 212.88307424441288 46.68454521990057
v 70.09222784426811 238.56509668140484 84.34455856014216
v 0.000009773899085489574 212.88307424441288 46.68454521990057
v 71.82225308313491 226.68927107502876 41.53165501843201
v 71.82225308313491 226.68927107502876 41.53165501843201
v 0.000009773899085489574 212.88307424441288 46.68454521990057
v 0.000008113690690191911 223.96225815572174 -18.585759904710155
v 71.82225308313491 226.68927107502876 41.53165501843201
v 0.000008113690690191911 223.96225815572174 -18.585759904710155
v 86.72647232946474 237.56671797686533 -23.963587754907703
v 86.72647232946474 237.56671797686533 -23.963587754907703
v 0.000008113690690191911 223.96225815572174 -18.585759904710155
v 0.000008499058611201424 277.7987541934418 -71.90429800671859
v 86.72647232946474 237.56671797686533 -23.963587754907703
v 0.000008499058611201424 277.7987541934418 -71.90429800671859
v 51.80010893271174 291.71925534045215 -77.20358755578839
v 51.80010893271174 291.71925534045215 -77.20358755578839
v 0.000008499058611201424 277.7987541934418 -71.90429800671859
v 0.000007487711008500697 316.88126094468225 -150.91173199934613
v 51.80010893271174 291.71925534045215 -77.20358755578839
v 0.000007487711008500697 316.88126094468225 -150.91173199934613
v 44.77759242138973 325.73801158471883 -150.21820856928315
v 44.77759242138973 325.73801158471883 -150.21820856928315
v 0.000007487711008500697 316.88126094468225 -150.91173199934613
v 0.00000503610500300275 347.40677557316826 -264.48916245606637
v 44.77759242138973 325.73801158471883 -150.21820856928315
v 0.00000503610500300275 347.40677557316826 -264.48916245606637
v 29.83333047053179 352.86309286828566 -263.5384800343819
v 29.83333047053179 352.86309286828566 -263.5384800343819
v 0.00000503610500300275 347.40677557316826 -264.48916245606637
v 0.000001557003957274462 380.5012696577939 -413.25744549799884
v 29.83333047053179 352.86309286828566 -263.5384800343819
v 0.000001557003957274462 380.5012696577939 -413.25744549799884
v 27.876264591610607 384.69367338752534 -412.5269807299512
v 0.000028385513477926323 433.11707124415886 360.30940287710524
v 30.72416854978428 445.9348888623219 353.8912829582507
v 48.61953665676083 452.900051880098 379.5077039399441
v 0.000028385513477926323 433.11707124415886 360.30940287710524
v 48.61953665676083 452.900051880098 379.5077039399441
v 0.00002955326785250784 443.8933993822021 383.6795512024029
v 30.72416854978428 445.9348888623219 353.8912829582507
v 42.565628283862225 469.8531276272594 344.63506186950997
v 48.61953665676083 452.900051880098 379.5077039399441
v 0.000030531016481861106 448.99075931257886 408.0119628166797
v 45.06005986311493 457.9974118104691 403.8400735999776
v 31.020648709275065 459.20322485616236 449.5159938300268
v 0.000030531016481861106 448.99075931257886 408.0119628166797
v 31.020648709275065 459.20322485616236 449.5159938300268
v 0.00003205394321306016 450.5010343061704 453.71582453190695
v 45.06005986311493 457.9974118104691 403.8400735999776
v 49.663646702995266 480.82949845801295 404.17935449842645
v 46.64350745918682 483.12955976040456 432.59622185193837
v 45.06005986311493 457.9974118104691 403.8400735999776
v 46.64350745918682 483.12955976040456 432.59622185193837
v 31.020648709275065 459.20322485616236 449.5159938300268
v 48.61953665676083 452.900051880098 379.5077039399441
v 52.489286067877856 483.5318503986225 368.5776125242787
v 49.663646702995266 480.82949845801295 404.17935449842645
v 48.61953665676083 452.900051880098 379.5077039399441
v 49.663646702995266 480.82949845801295 404.17935449842645
v 45.06005986311493 457.9974118104691 403.8400735999776
v 0.00002955326785250784 443.8933993822021 383.6795512024029
v 48.61953665676083 452.900051880098 379.5077039399441
v 45.06005986311493 457.9974118104691 403.8400735999776
v 0.00002955326785250784 443.8933993822021 383.6795512024029
v 45.06005986311493 457.9974118104691 403.8400735999776
v 0.000030531016481861106 448.99075931257886 408.0119628166797
v 0.0000328238213260037 451.31717329817144 476.7563816595209
v 28.491775317176007 459.5771660137489 471.7431841008185
v 25.96290979149785 459.9511071713355 493.9703743716102
v 0.0000328238213260037 451.31717329817144 476.7563816595209
v 25.96290979149785 459.9511071713355 493.9703743716102
v 0.000033617238225499765 453.7912599080445 498.51926403675145
v 28.491775317176007 459.5771660137489 471.7431841008185
v 40.17917906432217 472.88278629472217 470.34992384497974
v 41.385929984832046 473.13770353679917 494.6084966415485
v 28.491775317176007 459.5771660137489 471.7431841008185
v 41.385929984832046 473.13770353679917 494.6084966415485
v 25.96290979149785 459.9511071713355 493.9703743716102
v 41.385929984832046 473.13770353679917 494.6084966415485
v 0.00003502367634584404 475.21947602213453 516.410270655095
v 25.96290979149785 459.9511071713355 493.9703743716102
v 33.109739352323686 399.8703838402899 320.93574850562925
v 42.17511817319746 437.3238168401433 312.7737551967985
v 42.565628283862225 469.8531276272594 344.63506186950997
v 33.109739352323686 399.8703838402899 320.93574850562925
v 42.565628283862225 469.8531276272594 344.63506186950997
v 30.72416854978428 445.9348888623219 353.8912829582507
v 0.00003205394321306016 450.5010343061704 453.71582453190695
v 31.020648709275065 459.20322485616236 449.5159938300268
v 28.491775317176007 459.5771660137489 471.7431841008185
v 0.00003205394321306016 450.5010343061704 453.71582453190695
v 28.491775317176007 459.5771660137489 471.7431841008185
v 0.0000328238213260037 451.31717329817144 476.7563816595209
v 31.020648709275065 459.20322485616236 449.5159938300268
v 46.64350745918682 483.12955976040456 432.59622185193837
v 40.17917906432217 472.88278629472217 470.34992384497974
v 31.020648709275065 459.20322485616236 449.5159938300268
v 40.17917906432217 472.88278629472217 470.34992384497974
v 28.491775317176007 459.5771660137489 471.7431841008185
v 27.876264591610607 384.69367338752534 -412.5269807299512
v 0.000001557003957274462 380.5012696577939 -413.25744549799884
v -9.610029070384945e-7 400.60455452352863 -516.256835799076
v 27.876264591610607 384.69367338752534 -412.5269807299512
v -9.610029070384945e-7 400.60455452352863 -516.256835799076
v 22.34288777831466 403.5386664664981 -516.4163462265968
v 22.34288777831466 403.5386664664981 -516.4163462265968
v -9.610029070384945e-7 400.60455452352863 -516.256835799076
v -0.000005349034827819752 409.07056541814165 -663.5022604060695
v 22.34288777831466 403.5386664664981 -516.4163462265968
v -0.000005349034827819752 409.07056541814165 -663.5022604060695
v 14.079827513360783 411.2183289726405 -663.6987324163474
v 14.079827513360783 411.2183289726405 -663.6987324163474
v -0.000005349034827819752 409.07056541814165 -663.5022604060695
v -0.000008075240421198866 413.47071431180717 -753.9398768640907
v 14.079827513360783 411.2183289726405 -663.6987324163474
v -0.000008075240421198866 413.47071431180717 -753.9398768640907
v 8.020801378130784 414.6771085240023 -754.3562309373953
v 8.020801378130784 414.6771085240023 -754.3562309373953
v -0.000008075240421198866 413.47071431180717 -753.9398768640907
v -0.000009843942792207524 405.2821209625596 -799.2090917207021
v 8.020801378130784 414.6771085240023 -754.3562309373953
v -0.000009843942792207524 405.2821209625596 -799.2090917207021
v 3.296852398644319 405.8602922553171 -800.2149028289632
v -0.000010127390993306166 403.6833696823878 -806.116186409053
v 3.297148700498269 405.15730625919247 -805.3816517141482
v 3.296852398644319 405.8602922553171 -800.2149028289632
v -0.000010127390993306166 403.6833696823878 -806.116186409053
v 3.296852398644319 405.8602922553171 -800.2149028289632
v -0.000009843942792207524 405.2821209625596 -799.2090917207021
v 48.61953665676083 452.900051880098 379.5077039399441
v 42.565628283862225 469.8531276272594 344.63506186950997
v 52.489286067877856 483.5318503986225 368.5776125242787
v 0.000023569639792558102 349.1799022682902 311.8695062552155
v 34.45474262017456 361.99774086358065 305.4514282906016
v 33.109739352323686 399.8703838402899 320.93574850562925
v 0.000023569639792558102 349.1799022682902 311.8695062552155
v 33.109739352323686 399.8703838402899 320.93574850562925
v 0.000025538440604272114 387.05252426787496 327.35380549312436
v 0.000025538440604272114 387.05252426787496 327.35380549312436
v 33.109739352323686 399.8703838402899 320.93574850562925
v 30.72416854978428 445.9348888623219 353.8912829582507
v 0.000025538440604272114 387.05252426787496 327.35380549312436
v 30.72416854978428 445.9348888623219 353.8912829582507
v 0.000028385513477926323 433.11707124415886 360.30940287710524
v 35.79974588802543 325.89434945204135 283.7744936993117
v 41.73476641970183 353.4299662021873 268.6628022857268
v 41.954944918589945 395.3769124982856 290.718268252699
v 35.79974588802543 325.89434945204135 283.7744936993117
v 41.954944918589945 395.3769124982856 290.718268252699
v 34.45474262017456 361.99774086358065 305.4514282906016
v 0.000021471249371078378 313.0765528109887 290.1925297096767
v 35.79974588802543 325.89434945204135 283.7744936993117
v 34.45474262017456 361.99774086358065 305.4514282906016
v 0.000021471249371078378 313.0765528109887 290.1925297096767
v 34.45474262017456 361.99774086358065 305.4514282906016
v 0.000023569639792558102 349.1799022682902 311.8695062552155
v 34.45474262017456 361.99774086358065 305.4514282906016
v 41.954944918589945 395.3769124982856 290.718268252699
v 42.17511817319746 437.3238168401433 312.7737551967985
v 34.45474262017456 361.99774086358065 305.4514282906016
v 42.17511817319746 437.3238168401433 312.7737551967985
v 33.109739352323686 399.8703838402899 320.93574850562925
v 25.96290979149785 459.9511071713355 493.9703743716102
v 0.00003502367634584404 475.21947602213453 516.410270655095
v 0.000033617238225499765 453.7912599080445 498.51926403675145
v -69.43557049310812 343.1628784833748 243.90229026669004
v -60.75166064314317 310.13213512851627 245.89828881016473
v -35.79970393378062 325.89434945204135 283.7744936993117
v -69.43557049310812 343.1628784833748 243.90229026669004
v -35.79970393378062 325.89434945204135 283.7744936993117
v -41.73472446545702 353.4299662021873 268.6628022857268
v -60.75166064314317 310.13213512851627 245.89828881016473
v 0.00001945762408799988 295.96815211460046 248.1051048916628
v 0.000021471249371078378 313.0765528109887 290.1925297096767
v -60.75166064314317 310.13213512851627 245.89828881016473
v 0.000021471249371078378 313.0765528109887 290.1925297096767
v -35.79970393378062 325.89434945204135 283.7744936993117
v -60.75166064314317 310.13213512851627 245.89828881016473
v -64.13256443804812 288.80368410343823 212.3646635146249
v 0.00001776687753681362 277.11015622348907 218.21977831350267
v -60.75166064314317 310.13213512851627 245.89828881016473
v 0.00001776687753681362 277.11015622348907 218.21977831350267
v 0.00001945762408799988 295.96815211460046 248.1051048916628
v -64.13256443804812 288.80368410343823 212.3646635146249
v -70.0921963785845 238.56509668140484 84.34455856014216
v 0.00001142097022219235 224.19346084655996 84.36793949321732
v -64.13256443804812 288.80368410343823 212.3646635146249
v 0.00001142097022219235 224.19346084655996 84.36793949321732
v 0.00001776687753681362 277.11015622348907 218.21977831350267
v -70.0921963785845 238.56509668140484 84.34455856014216
v -71.8222321060125 226.68927107502876 41.53165501843201
v 0.000009773899085489574 212.88307424441288 46.68454521990057
v -70.0921963785845 238.56509668140484 84.34455856014216
v 0.000009773899085489574 212.88307424441288 46.68454521990057
v 0.00001142097022219235 224.19346084655996 84.36793949321732
v -71.8222321060125 226.68927107502876 41.53165501843201
v -86.72645135234234 237.56671797686533 -23.963587754907703
v 0.000008113690690191911 223.96225815572174 -18.585759904710155
v -71.8222321060125 226.68927107502876 41.53165501843201
v 0.000008113690690191911 223.96225815572174 -18.585759904710155
v 0.000009773899085489574 212.88307424441288 46.68454521990057
v -86.72645135234234 237.56671797686533 -23.963587754907703
v -51.80008795558933 291.71925534045215 -77.20358755578839
v 0.000008499058611201424 277.7987541934418 -71.90429800671859
v -86.72645135234234 237.56671797686533 -23.963587754907703
v 0.000008499058611201424 277.7987541934418 -71.90429800671859
v 0.000008113690690191911 223.96225815572174 -18.585759904710155
v -51.80008795558933 291.71925534045215 -77.20358755578839
v -44.777581932828525 325.73801158471883 -150.21820856928315
v 0.000007487711008500697 316.88126094468225 -150.91173199934613
v -51.80008795558933 291.71925534045215 -77.20358755578839
v 0.000007487711008500697 316.88126094468225 -150.91173199934613
v 0.000008499058611201424 277.7987541934418 -71.90429800671859
v -44.777581932828525 325.73801158471883 -150.21820856928315
v -29.83331998197059 352.86309286828566 -263.5384800343819
v 0.00000503610500300275 347.40677557316826 -264.48916245606637
v -44.777581932828525 325.73801158471883 -150.21820856928315
v 0.00000503610500300275 347.40677557316826 -264.48916245606637
v 0.000007487711008500697 316.88126094468225 -150.91173199934613
v -29.83331998197059 352.86309286828566 -263.5384800343819
v -27.876259347330006 384.69367338752534 -412.5269807299512
v 0.000001557003957274462 380.5012696577939 -413.25744549799884
v -29.83331998197059 352.86309286828566 -263.5384800343819
v 0.000001557003957274462 380.5012696577939 -413.25744549799884
v 0.00000503610500300275 347.40677557316826 -264.48916245606637
v 0.000028385513477926323 433.11707124415886 360.30940287710524
v 0.00002955326785250784 443.8933993822021 383.6795512024029
v -48.61947372539362 452.900051880098 379.5077039399441
v 0.000028385513477926323 433.11707124415886 360.30940287710524
v -48.61947372539362 452.900051880098 379.5077039399441
v -30.72411086269767 445.9348888623219 353.8912829582507
v -30.72411086269767 445.9348888623219 353.8912829582507
v -48.61947372539362 452.900051880098 379.5077039399441
v -42.565570596775615 469.8531276272594 344.63506186950997
v 0.000030531016481861106 448.99075931257886 408.0119628166797
v 0.00003205394321306016 450.5010343061704 453.71582453190695
v -31.020580533627253 459.20322485616236 449.5159938300268
v 0.000030531016481861106 448.99075931257886 408.0119628166797
v -31.020580533627253 459.20322485616236 449.5159938300268
v -45.05999693174772 457.9974118104691 403.8400735999776
v -45.05999693174772 457.9974118104691 403.8400735999776
v -31.020580533627253 459.20322485616236 449.5159938300268
v -46.64344452781961 483.12955976040456 432.59622185193837
v -45.05999693174772 457.9974118104691 403.8400735999776
v -46.64344452781961 483.12955976040456 432.59622185193837
v -49.663583771628055 480.82949845801295 404.17935449842645
v -48.61947372539362 452.900051880098 379.5077039399441
v -45.05999693174772 457.9974118104691 403.8400735999776
v -49.663583771628055 480.82949845801295 404.17935449842645
v -48.61947372539362 452.900051880098 379.5077039399441
v -49.663583771628055 480.82949845801295 404.17935449842645
v -52.489223136510645 483.5318503986225 368.5776125242787
v 0.00002955326785250784 443.8933993822021 383.6795512024029
v 0.000030531016481861106 448.99075931257886 408.0119628166797
v -45.05999693174772 457.9974118104691 403.8400735999776
v 0.00002955326785250784 443.8933993822021 383.6795512024029
v -45.05999693174772 457.9974118104691 403.8400735999776
v -48.61947372539362 452.900051880098 379.5077039399441
v 0.0000328238213260037 451.31717329817144 476.7563816595209
v 0.000033617238225499765 453.7912599080445 498.51926403675145
v -25.96284686013064 459.9511071713355 493.9703743716102
v 0.0000328238213260037 451.31717329817144 476.7563816595209
v -25.96284686013064 459.9511071713355 493.9703743716102
v -28.491712385808796 459.5771660137489 471.7431841008185
v -28.491712385808796 459.5771660137489 471.7431841008185
v -25.96284686013064 459.9511071713355 493.9703743716102
v -41.385861809184235 473.13770353679917 494.6084966415485
v -28.491712385808796 459.5771660137489 471.7431841008185
v -41.385861809184235 473.13770353679917 494.6084966415485
v -40.17911088867436 472.88278629472217 470.34992384497974
v -41.385861809184235 473.13770353679917 494.6084966415485
v -25.96284686013064 459.9511071713355 493.9703743716102
v 0.00003502367634584404 475.21947602213453 516.410270655095
v -33.10968690951768 399.8703838402899 320.93574850562925
v -30.72411086269767 445.9348888623219 353.8912829582507
v -42.565570596775615 469.8531276272594 344.63506186950997
v -33.10968690951768 399.8703838402899 320.93574850562925
v -42.565570596775615 469.8531276272594 344.63506186950997
v -42.17506573039145 437.3238168401433 312.7737551967985
v 0.00003205394321306016 450.5010343061704 453.71582453190695
v 0.0000328238213260037 451.31717329817144 476.7563816595209
v -28.491712385808796 459.5771660137489 471.7431841008185
v 0.00003205394321306016 450.5010343061704 453.71582453190695
v -28.491712385808796 459.5771660137489 471.7431841008185
v -31.020580533627253 459.20322485616236 449.5159938300268
v -31.020580533627253 459.20322485616236 449.5159938300268
v -28.491712385808796 459.5771660137489 471.7431841008185
v -40.17911088867436 472.88278629472217 470.34992384497974
v -31.020580533627253 459.20322485616236 449.5159938300268
v -40.17911088867436 472.88278629472217 470.34992384497974
v -46.64344452781961 483.12955976040456 432.59622185193837
v -27.876259347330006 384.69367338752534 -412.5269807299512
v -22.34288777831466 403.5386664664981 -516.4163462265968
v -9.610029070384945e-7 400.60455452352863 -516.256835799076
v -27.876259347330006 384.69367338752534 -412.5269807299512
v -9.610029070384945e-7 400.60455452352863 -516.256835799076
v 0.000001557003957274462 380.5012696577939 -413.25744549799884
v -22.34288777831466 403.5386664664981 -516.4163462265968
v -14.079838001921985 411.2183289726405 -663.6987324163474
v -0.000005349034827819752 409.07056541814165 -663.5022604060695
v -22.34288777831466 403.5386664664981 -516.4163462265968
v -0.000005349034827819752 409.07056541814165 -663.5022604060695
v -9.610029070384945e-7 400.60455452352863 -516.256835799076
v -14.079838001921985 411.2183289726405 -663.6987324163474
v -8.020817110972587 414.6771085240023 -754.3562309373953
v -0.000008075240421198866 413.47071431180717 -753.9398768640907
v -14.079838001921985 411.2183289726405 -663.6987324163474
v -0.000008075240421198866 413.47071431180717 -753.9398768640907
v -0.000005349034827819752 409.07056541814165 -663.5022604060695
v -8.020817110972587 414.6771085240023 -754.3562309373953
v -3.296872064696572 405.8602922553171 -800.2149028289632
v -0.000009843942792207524 405.2821209625596 -799.2090917207021
v -8.020817110972587 414.6771085240023 -754.3562309373953
v -0.000009843942792207524 405.2821209625596 -799.2090917207021
v -0.000008075240421198866 413.47071431180717 -753.9398768640907
v -0.000010127390993306166 403.6833696823878 -806.116186409053
v -0.000009843942792207524 405.2821209625596 -799.2090917207021
v -3.296872064696572 405.8602922553171 -800.2149028289632
v -0.000010127390993306166 403.6833696823878 -806.116186409053
v -3.296872064696572 405.8602922553171 -800.2149028289632
v -3.2971690220855976 405.15730625919247 -805.3816517141482
v -48.61947372539362 452.900051880098 379.5077039399441
v -52.489223136510645 483.5318503986225 368.5776125242787
v -42.565570596775615 469.8531276272594 344.63506186950997
v 0.000023569639792558102 349.1799022682902 311.8695062552155
v 0.000025538440604272114 387.05252426787496 327.35380549312436
v -33.10968690951768 399.8703838402899 320.93574850562925
v 0.000023569639792558102 349.1799022682902 311.8695062552155
v -33.10968690951768 399.8703838402899 320.93574850562925
v -34.45469542164915 361.99774086358065 305.4514282906016
v 0.000025538440604272114 387.05252426787496 327.35380549312436
v 0.000028385513477926323 433.11707124415886 360.30940287710524
v -30.72411086269767 445.9348888623219 353.8912829582507
v 0.000025538440604272114 387.05252426787496 327.35380549312436
v -30.72411086269767 445.9348888623219 353.8912829582507
v -33.10968690951768 399.8703838402899 320.93574850562925
v -35.79970393378062 325.89434945204135 283.7744936993117
v -34.45469542164915 361.99774086358065 305.4514282906016
v -41.954892475783936 395.3769124982856 290.718268252699
v -35.79970393378062 325.89434945204135 283.7744936993117
v -41.954892475783936 395.3769124982856 290.718268252699
v -41.73472446545702 353.4299662021873 268.6628022857268
v 0.000021471249371078378 313.0765528109887 290.1925297096767
v 0.000023569639792558102 349.1799022682902 311.8695062552155
v -34.45469542164915 361.99774086358065 305.4514282906016
v 0.000021471249371078378 313.0765528109887 290.1925297096767
v -34.45469542164915 361.99774086358065 305.4514282906016
v -35.79970393378062 325.89434945204135 283.7744936993117
v -34.45469542164915 361.99774086358065 305.4514282906016
v -33.10968690951768 399.8703838402899 320.93574850562925
v -42.17506573039145 437.3238168401433 312.7737551967985
v -34.45469542164915 361.99774086358065 305.4514282906016
v -42.17506573039145 437.3238168401433 312.7737551967985
v -41.954892475783936 395.3769124982856 290.718268252699
v -25.96284686013064 459.9511071713355 493.9703743716102
v 0.000033617238225499765 453.7912599080445 498.51926403675145
v 0.00003502367634584404 475.21947602213453 516.410270655095
vn 0.7649223524708938 -0.0026912803934761153 0.6441168773601865
vn 0.7649223524708938 -0.0026912803934761153 0.6441168773601865
vn 0.7649223524708938 -0.0026912803934761153 0.6441168773601865
vn 0.7649223524708938 -0.0026912803934761153 0.6441168773601865
vn 0.7649223524708938 -0.0026912803934761153 0.6441168773601865
vn 0.7649223524708938 -0.0026912803934761153 0.6441168773601865
vn 0.2780251084100188 -0.8548263239712927 0.4381483709193996
vn 0.2780251084100188 -0.8548263239712927 0.4381483709193996
vn 0.2780251084100188 -0.8548263239712927 0.4381483709193996
vn 0.2780251084100188 -0.8548263239712927 0.4381483709193996
vn 0.2780251084100188 -0.8548263239712927 0.4381483709193996
vn 0.2780251084100188 -0.8548263239712927 0.4381483709193996
vn 0.20449456932472126 -0.8218760199173211 0.5316970744715077
vn 0.20449456932472126 -0.8218760199173211 0.5316970744715077
vn 0.20449456932472126 -0.8218760199173211 0.5316970744715077
vn 0.20449456932472126 -0.8218760199173211 0.5316970744715077
vn 0.20449456932472126 -0.8218760199173211 0.5316970744715077
vn 0.20449456932472126 -0.8218760199173211 0.5316970744715077
vn 0.19290831840822972 -0.9114349869777743 0.36341800340893093
vn 0.19290831840822972 -0.9114349869777743 0.36341800340893093
vn 0.19290831840822972 -0.9114349869777743 0.36341800340893093
vn 0.19290831840822972 -0.9114349869777743 0.36341800340893093
vn 0.19290831840822972 -0.9114349869777743 0.36341800340893093
vn 0.19290831840822972 -0.9114349869777743 0.36341800340893093
vn 0.19687894454140303 -0.9409901559233288 0.2752747857172038
vn 0.19687894454140303 -0.9409901559233288 0.2752747857172038
vn 0.19687894454140303 -0.9409901559233288 0.2752747857172038
vn 0.19687894454140303 -0.9409901559233288 0.2752747857172038
vn 0.19687894454140303 -0.9409901559233288 0.2752747857172038
vn 0.19687894454140303 -0.9409901559233288 0.2752747857172038
vn 0.15912520421503573 -0.9764309174876482 -0.1458143777470275
vn 0.15912520421503573 -0.9764309174876482 -0.1458143777470275
vn 0.15912520421503573 -0.9764309174876482 -0.1458143777470275
vn 0.15912520421503573 -0.9764309174876482 -0.1458143777470275
vn 0.15912520421503573 -0.9764309174876482 -0.1458143777470275
vn 0.15912520421503573 -0.9764309174876482 -0.1458143777470275
vn 0.08076981509206545 -0.6867242477669864 -0.7224168080124246
vn 0.08076981509206545 -0.6867242477669864 -0.7224168080124246
vn 0.08076981509206545 -0.6867242477669864 -0.7224168080124246
vn 0.08076981509206545 -0.6867242477669864 -0.7224168080124246
vn 0.08076981509206545 -0.6867242477669864 -0.7224168080124246
vn 0.08076981509206545 -0.6867242477669864 -0.7224168080124246
vn 0.18734528538199952 -0.8818558831132329 -0.4327030684704201
vn 0.18734528538199952 -0.8818558831132329 -0.4327030684704201
vn 0.18734528538199952 -0.8818558831132329 -0.4327030684704201
vn 0.18734528538199952 -0.8818558831132329 -0.4327030684704201
vn 0.18734528538199952 -0.8818558831132329 -0.4327030684704201
vn 0.18734528538199952 -0.8818558831132329 -0.4327030684704201
vn 0.18763296544369212 -0.9489703053047406 -0.2534743180849566
vn 0.18763296544369212 -0.9489703053047406 -0.2534743180849566
vn 0.18763296544369212 -0.9489703053047406 -0.2534743180849566
vn 0.18763296544369212 -0.9489703053047406 -0.2534743180849566
vn 0.18763296544369212 -0.9489703053047406 -0.2534743180849566
vn 0.18763296544369212 -0.9489703053047406 -0.2534743180849566
vn 0.16716828282605178 -0.9630652636886499 -0.21109254627603607
vn 0.16716828282605178 -0.9630652636886499 -0.21109254627603607
vn 0.16716828282605178 -0.9630652636886499 -0.21109254627603607
vn 0.16716828282605178 -0.9630652636886499 -0.21109254627603607
vn 0.16716828282605178 -0.9630652636886499 -0.21109254627603607
vn 0.16716828282605178 -0.9630652636886499 -0.21109254627603607
vn 0.28663982789828907 -0.9295384517080759 0.231939379706406
vn 0.28663982789828907 -0.9295384517080759 0.231939379706406
vn 0.28663982789828907 -0.9295384517080759 0.231939379706406
vn 0.28663982789828907 -0.9295384517080759 0.231939379706406
vn 0.28663982789828907 -0.9295384517080759 0.231939379706406
vn 0.28663982789828907 -0.9295384517080759 0.231939379706406
vn 0.7580921508005714 -0.5250235801099454 -0.38684173924629633
vn 0.7580921508005714 -0.5250235801099454 -0.38684173924629633
vn 0.7580921508005714 -0.5250235801099454 -0.38684173924629633
vn 0.23297048490822606 -0.9703335130794465 0.06463456162553978
vn 0.23297048490822606 -0.9703335130794465 0.06463456162553978
vn 0.23297048490822606 -0.9703335130794465 0.06463456162553978
vn 0.23297048490822606 -0.9703335130794465 0.06463456162553978
vn 0.23297048490822606 -0.9703335130794465 0.06463456162553978
vn 0.23297048490822606 -0.9703335130794465 0.06463456162553978
vn 0.9206061787519387 -0.31773476160653175 0.22699974649896373
vn 0.9206061787519387 -0.31773476160653175 0.22699974649896373
vn 0.9206061787519387 -0.31773476160653175 0.22699974649896373
vn 0.9206061787519387 -0.31773476160653175 0.22699974649896373
vn 0.9206061787519387 -0.31773476160653175 0.22699974649896373
vn 0.9206061787519387 -0.31773476160653175 0.22699974649896373
vn 0.9847945767252552 -0.13423143927924389 0.11027947389042209
vn 0.9847945767252552 -0.13423143927924389 0.11027947389042209
vn 0.9847945767252552 -0.13423143927924389 0.11027947389042209
vn 0.9847945767252552 -0.13423143927924389 0.11027947389042209
vn 0.9847945767252552 -0.13423143927924389 0.11027947389042209
vn 0.9847945767252552 -0.13423143927924389 0.11027947389042209
vn 0.20284194643023312 -0.9553244464947522 0.2149659198521699
vn 0.20284194643023312 -0.9553244464947522 0.2149659198521699
vn 0.20284194643023312 -0.9553244464947522 0.2149659198521699
vn 0.20284194643023312 -0.9553244464947522 0.2149659198521699
vn 0.20284194643023312 -0.9553244464947522 0.2149659198521699
vn 0.20284194643023312 -0.9553244464947522 0.2149659198521699
vn 0.26791787956631424 -0.9603135628095868 0.07757493727130998
vn 0.26791787956631424 -0.9603135628095868 0.07757493727130998
vn 0.26791787956631424 -0.9603135628095868 0.07757493727130998
vn 0.26791787956631424 -0.9603135628095868 0.07757493727130998
vn 0.26791787956631424 -0.9603135628095868 0.07757493727130998
vn 0.26791787956631424 -0.9603135628095868 0.07757493727130998
vn 0.6990210715176292 -0.7144904040191943 0.029546643444458804
vn 0.6990210715176292 -0.7144904040191943 0.029546643444458804
vn 0.6990210715176292 -0.7144904040191943 0.029546643444458804
vn 0.6990210715176292 -0.7144904040191943 0.029546643444458804
vn 0.6990210715176292 -0.7144904040191943 0.029546643444458804
vn 0.6990210715176292 -0.7144904040191943 0.029546643444458804
vn 0.386806166335684 -0.49020486377030303 0.7810762966705813
vn 0.386806166335684 -0.49020486377030303 0.7810762966705813
vn 0.386806166335684 -0.49020486377030303 0.7810762966705813
vn 0.9244933246397401 -0.22829525160668865 0.3052758929073813
vn 0.9244933246397401 -0.22829525160668865 0.3052758929073813
vn 0.9244933246397401 -0.22829525160668865 0.3052758929073813
vn 0.9244933246397401 -0.22829525160668865 0.3052758929073813
vn 0.9244933246397401 -0.22829525160668865 0.3052758929073813
vn 0.9244933246397401 -0.22829525160668865 0.3052758929073813
vn 0.2797186400160097 -0.9592128330975261 0.04084388875476538
vn 0.2797186400160097 -0.9592128330975261 0.04084388875476538
vn 0.2797186400160097 -0.9592128330975261 0.04084388875476538
vn 0.2797186400160097 -0.9592128330975261 0.04084388875476538
vn 0.2797186400160097 -0.9592128330975261 0.04084388875476538
vn 0.2797186400160097 -0.9592128330975261 0.04084388875476538
vn 0.8120742540061114 -0.5829835174604655 0.025799696700556183
vn 0.8120742540061114 -0.5829835174604655 0.025799696700556183
vn 0.8120742540061114 -0.5829835174604655 0.025799696700556183
vn 0.8120742540061114 -0.5829835174604655 0.025799696700556183
vn 0.8120742540061114 -0.5829835174604655 0.025799696700556183
vn 0.8120742540061114 -0.5829835174604655 0.025799696700556183
vn 0.14010900158907477 -0.9723554767907305 -0.18680014568726483
vn 0.14010900158907477 -0.9723554767907305 -0.18680014568726483
vn 0.14010900158907477 -0.9723554767907305 -0.18680014568726483
vn 0.14010900158907477 -0.9723554767907305 -0.18680014568726483
vn 0.14010900158907477 -0.9723554767907305 -0.18680014568726483
vn 0.14010900158907477 -0.9723554767907305 -0.18680014568726483
vn 0.13739573003668148 -0.9888131349922684 -0.058060291374134404
vn 0.13739573003668148 -0.9888131349922684 -0.058060291374134404
vn 0.13739573003668148 -0.9888131349922684 -0.058060291374134404
vn 0.13739573003668148 -0.9888131349922684 -0.058060291374134404
vn 0.13739573003668148 -0.9888131349922684 -0.058060291374134404
vn 0.13739573003668148 -0.9888131349922684 -0.058060291374134404
vn 0.14858120809086225 -0.9877425525920093 -0.047835911209901306
vn 0.14858120809086225 -0.9877425525920093 -0.047835911209901306
vn 0.14858120809086225 -0.9877425525920093 -0.047835911209901306
vn 0.14858120809086225 -0.9877425525920093 -0.047835911209901306
vn 0.14858120809086225 -0.9877425525920093 -0.047835911209901306
vn 0.14858120809086225 -0.9877425525920093 -0.047835911209901306
vn 0.17446954021894165 -0.9695446663622223 0.17188228374197936
vn 0.17446954021894165 -0.9695446663622223 0.17188228374197936
vn 0.17446954021894165 -0.9695446663622223 0.17188228374197936
vn 0.17446954021894165 -0.9695446663622223 0.17188228374197936
vn 0.17446954021894165 -0.9695446663622223 0.17188228374197936
vn 0.17446954021894165 -0.9695446663622223 0.17188228374197936
vn 0.2990629291436703 -0.9373510556815379 0.17870188254384642
vn 0.2990629291436703 -0.9373510556815379 0.17870188254384642
vn 0.2990629291436703 -0.9373510556815379 0.17870188254384642
vn 0.2990629291436703 -0.9373510556815379 0.17870188254384642
vn 0.2990629291436703 -0.9373510556815379 0.17870188254384642
vn 0.2990629291436703 -0.9373510556815379 0.17870188254384642
vn 0.9395837857647487 -0.21402713676383853 -0.26716042793919875
vn 0.9395837857647487 -0.21402713676383853 -0.26716042793919875
vn 0.9395837857647487 -0.21402713676383853 -0.26716042793919875
vn 0.30303005630006724 -0.3560337644798991 0.8839755333316923
vn 0.30303005630006724 -0.3560337644798991 0.8839755333316923
vn 0.30303005630006724 -0.3560337644798991 0.8839755333316923
vn 0.30303005630006724 -0.3560337644798991 0.8839755333316923
vn 0.30303005630006724 -0.3560337644798991 0.8839755333316923
vn 0.30303005630006724 -0.3560337644798991 0.8839755333316923
vn 0.36774387575038514 -0.5347609221513068 0.7607859081160543
vn 0.36774387575038514 -0.5347609221513068 0.7607859081160543
vn 0.36774387575038514 -0.5347609221513068 0.7607859081160543
vn 0.36774387575038514 -0.5347609221513068 0.7607859081160543
vn 0.36774387575038514 -0.5347609221513068 0.7607859081160543
vn 0.36774387575038514 -0.5347609221513068 0.7607859081160543
vn 0.9702055262048709 -0.10763881574551457 0.21706018120888268
vn 0.9702055262048709 -0.10763881574551457 0.21706018120888268
vn 0.9702055262048709 -0.10763881574551457 0.21706018120888268
vn 0.9702055262048709 -0.10763881574551457 0.21706018120888268
vn 0.9702055262048709 -0.10763881574551457 0.21706018120888268
vn 0.9702055262048709 -0.10763881574551457 0.21706018120888268
vn 0.3246749602762877 -0.4824175899403841 0.8135474412016195
vn 0.3246749602762877 -0.4824175899403841 0.8135474412016195
vn 0.3246749602762877 -0.4824175899403841 0.8135474412016195
vn 0.3246749602762877 -0.4824175899403841 0.8135474412016195
vn 0.3246749602762877 -0.4824175899403841 0.8135474412016195
vn 0.3246749602762877 -0.4824175899403841 0.8135474412016195
vn 0.9469019573934693 -0.12581318582888504 0.29588464873325726
vn 0.9469019573934693 -0.12581318582888504 0.29588464873325726
vn 0.9469019573934693 -0.12581318582888504 0.29588464873325726
vn 0.9469019573934693 -0.12581318582888504 0.29588464873325726
vn 0.9469019573934693 -0.12581318582888504 0.29588464873325726
vn 0.9469019573934693 -0.12581318582888504 0.29588464873325726
vn 0.2754630506470187 -0.6161123989448434 0.7379197921147448
vn 0.2754630506470187 -0.6161123989448434 0.7379197921147448
vn 0.2754630506470187 -0.6161123989448434 0.7379197921147448
vn -0.764922406738776 -0.002691197254168414 0.6441168132616146
vn -0.764922406738776 -0.002691197254168414 0.6441168132616146
vn -0.764922406738776 -0.002691197254168414 0.6441168132616146
vn -0.764922406738776 -0.002691197254168414 0.6441168132616146
vn -0.764922406738776 -0.002691197254168414 0.6441168132616146
vn -0.764922406738776 -0.002691197254168414 0.6441168132616146
vn -0.27802533459271384 -0.8548261075364882 0.4381486496597082
vn -0.27802533459271384 -0.8548261075364882 0.4381486496597082
vn -0.27802533459271384 -0.8548261075364882 0.4381486496597082
vn -0.27802533459271384 -0.8548261075364882 0.4381486496597082
vn -0.27802533459271384 -0.8548261075364882 0.4381486496597082
vn -0.27802533459271384 -0.8548261075364882 0.4381486496597082
vn -0.204494430935057 -0.8218762408533875 0.5316967861829257
vn -0.204494430935057 -0.8218762408533875 0.5316967861829257
vn -0.204494430935057 -0.8218762408533875 0.5316967861829257
vn -0.204494430935057 -0.8218762408533875 0.5316967861829257
vn -0.204494430935057 -0.8218762408533875 0.5316967861829257
vn -0.204494430935057 -0.8218762408533875 0.5316967861829257
vn -0.19290848879042957 -0.9114349579392967 0.3634179857942983
vn -0.19290848879042957 -0.9114349579392967 0.3634179857942983
vn -0.19290848879042957 -0.9114349579392967 0.3634179857942983
vn -0.19290848879042957 -0.9114349579392967 0.3634179857942983
vn -0.19290848879042957 -0.9114349579392967 0.3634179857942983
vn -0.19290848879042957 -0.9114349579392967 0.3634179857942983
vn -0.19687885375449077 -0.9409901493277932 0.27527487319473165
vn -0.19687885375449077 -0.9409901493277932 0.27527487319473165
vn -0.19687885375449077 -0.9409901493277932 0.27527487319473165
vn -0.19687885375449077 -0.9409901493277932 0.27527487319473165
vn -0.19687885375449077 -0.9409901493277932 0.27527487319473165
vn -0.19687885375449077 -0.9409901493277932 0.27527487319473165
vn -0.15912513194152744 -0.9764309311855603 -0.14581436489143093
vn -0.15912513194152744 -0.9764309311855603 -0.14581436489143093
vn -0.15912513194152744 -0.9764309311855603 -0.14581436489143093
vn -0.15912513194152744 -0.9764309311855603 -0.14581436489143093
vn -0.15912513194152744 -0.9764309311855603 -0.14581436489143093
vn -0.15912513194152744 -0.9764309311855603 -0.14581436489143093
vn -0.08076981509206545 -0.6867242477669864 -0.7224168080124246
vn -0.08076981509206545 -0.6867242477669864 -0.7224168080124246
vn -0.08076981509206545 -0.6867242477669864 -0.7224168080124246
vn -0.08076981509206545 -0.6867242477669864 -0.7224168080124246
vn -0.08076981509206545 -0.6867242477669864 -0.7224168080124246
vn -0.08076981509206545 -0.6867242477669864 -0.7224168080124246
vn -0.18734523741568848 -0.8818558677547198 -0.4327031205390474
vn -0.18734523741568848 -0.8818558677547198 -0.4327031205390474
vn -0.18734523741568848 -0.8818558677547198 -0.4327031205390474
vn -0.18734523741568848 -0.8818558677547198 -0.4327031205390474
vn -0.18734523741568848 -0.8818558677547198 -0.4327031205390474
vn -0.18734523741568848 -0.8818558677547198 -0.4327031205390474
vn -0.18763314999274908 -0.9489702747060906 -0.25347429603027866
vn -0.18763314999274908 -0.9489702747060906 -0.25347429603027866
vn -0.18763314999274908 -0.9489702747060906 -0.25347429603027866
vn -0.18763314999274908 -0.9489702747060906 -0.25347429603027866
vn -0.18763314999274908 -0.9489702747060906 -0.25347429603027866
vn -0.18763314999274908 -0.9489702747060906 -0.25347429603027866
vn -0.16716809610187972 -0.9630653039636244 -0.21109251040035554
vn -0.16716809610187972 -0.9630653039636244 -0.21109251040035554
vn -0.16716809610187972 -0.9630653039636244 -0.21109251040035554
vn -0.16716809610187972 -0.9630653039636244 -0.21109251040035554
vn -0.16716809610187972 -0.9630653039636244 -0.21109251040035554
vn -0.16716809610187972 -0.9630653039636244 -0.21109251040035554
vn -0.28663950668726196 -0.9295386149312952 0.23193912252505414
vn -0.28663950668726196 -0.9295386149312952 0.23193912252505414
vn -0.28663950668726196 -0.9295386149312952 0.23193912252505414
vn -0.28663950668726196 -0.9295386149312952 0.23193912252505414
vn -0.28663950668726196 -0.9295386149312952 0.23193912252505414
vn -0.28663950668726196 -0.9295386149312952 0.23193912252505414
vn -0.7580921952559768 -0.525023587943108 -0.3868416414959994
vn -0.7580921952559768 -0.525023587943108 -0.3868416414959994
vn -0.7580921952559768 -0.525023587943108 -0.3868416414959994
vn -0.23297017560591962 -0.970333587770128 0.06463455517985854
vn -0.23297017560591962 -0.970333587770128 0.06463455517985854
vn -0.23297017560591962 -0.970333587770128 0.06463455517985854
vn -0.23297017560591962 -0.970333587770128 0.06463455517985854
vn -0.23297017560591962 -0.970333587770128 0.06463455517985854
vn -0.23297017560591962 -0.970333587770128 0.06463455517985854
vn -0.9206063501045899 -0.3177342133589708 0.22699981896085542
vn -0.9206063501045899 -0.3177342133589708 0.22699981896085542
vn -0.9206063501045899 -0.3177342133589708 0.22699981896085542
vn -0.9206063501045899 -0.3177342133589708 0.22699981896085542
vn -0.9206063501045899 -0.3177342133589708 0.22699981896085542
vn -0.9206063501045899 -0.3177342133589708 0.22699981896085542
vn -0.9847945980732793 -0.13423136090646176 0.11027937864753883
vn -0.9847945980732793 -0.13423136090646176 0.11027937864753883
vn -0.9847945980732793 -0.13423136090646176 0.11027937864753883
vn -0.9847945980732793 -0.13423136090646176 0.11027937864753883
vn -0.9847945980732793 -0.13423136090646176 0.11027937864753883
vn -0.9847945980732793 -0.13423136090646176 0.11027937864753883
vn -0.20284177641195045 -0.9553244773442352 0.21496594318405002
vn -0.20284177641195045 -0.9553244773442352 0.21496594318405002
vn -0.20284177641195045 -0.9553244773442352 0.21496594318405002
vn -0.20284177641195045 -0.9553244773442352 0.21496594318405002
vn -0.20284177641195045 -0.9553244773442352 0.21496594318405002
vn -0.20284177641195045 -0.9553244773442352 0.21496594318405002
vn -0.2679173346950379 -0.9603137114090357 0.07757497953406414
vn -0.2679173346950379 -0.9603137114090357 0.07757497953406414
vn -0.2679173346950379 -0.9603137114090357 0.07757497953406414
vn -0.2679173346950379 -0.9603137114090357 0.07757497953406414
vn -0.2679173346950379 -0.9603137114090357 0.07757497953406414
vn -0.2679173346950379 -0.9603137114090357 0.07757497953406414
vn -0.6990208603670178 -0.7144906107045417 0.029546640871771262
vn -0.6990208603670178 -0.7144906107045417 0.029546640871771262
vn -0.6990208603670178 -0.7144906107045417 0.029546640871771262
vn -0.6990208603670178 -0.7144906107045417 0.029546640871771262
vn -0.6990208603670178 -0.7144906107045417 0.029546640871771262
vn -0.6990208603670178 -0.7144906107045417 0.029546640871771262
vn -0.38680614664330437 -0.4902048467804507 0.7810763170855415
vn -0.38680614664330437 -0.4902048467804507 0.7810763170855415
vn -0.38680614664330437 -0.4902048467804507 0.7810763170855415
vn -0.9244932956882842 -0.22829516958689647 0.3052760419205949
vn -0.9244932956882842 -0.22829516958689647 0.3052760419205949
vn -0.9244932956882842 -0.22829516958689647 0.3052760419205949
vn -0.9244932956882842 -0.22829516958689647 0.3052760419205949
vn -0.9244932956882842 -0.22829516958689647 0.3052760419205949
vn -0.9244932956882842 -0.22829516958689647 0.3052760419205949
vn -0.2797173093347294 -0.9592132264685186 0.04084376361691105
vn -0.2797173093347294 -0.9592132264685186 0.04084376361691105
vn -0.2797173093347294 -0.9592132264685186 0.04084376361691105
vn -0.2797173093347294 -0.9592132264685186 0.04084376361691105
vn -0.2797173093347294 -0.9592132264685186 0.04084376361691105
vn -0.2797173093347294 -0.9592132264685186 0.04084376361691105
vn -0.8120739485128909 -0.5829839461450977 0.025799625651782256
vn -0.8120739485128909 -0.5829839461450977 0.025799625651782256
vn -0.8120739485128909 -0.5829839461450977 0.025799625651782256
vn -0.8120739485128909 -0.5829839461450977 0.025799625651782256
vn -0.8120739485128909 -0.5829839461450977 0.025799625651782256
vn -0.8120739485128909 -0.5829839461450977 0.025799625651782256
vn -0.14010952867017812 -0.972355411827811 -0.18680008850369523
vn -0.14010952867017812 -0.972355411827811 -0.18680008850369523
vn -0.14010952867017812 -0.972355411827811 -0.18680008850369523
vn -0.14010952867017812 -0.972355411827811 -0.18680008850369523
vn -0.14010952867017812 -0.972355411827811 -0.18680008850369523
vn -0.14010952867017812 -0.972355411827811 -0.18680008850369523
vn -0.13739589880439126 -0.9888131103277994 -0.05806031205218139
vn -0.13739589880439126 -0.9888131103277994 -0.05806031205218139
vn -0.13739589880439126 -0.9888131103277994 -0.05806031205218139
vn -0.13739589880439126 -0.9888131103277994 -0.05806031205218139
vn -0.13739589880439126 -0.9888131103277994 -0.05806031205218139
vn -0.13739589880439126 -0.9888131103277994 -0.05806031205218139
vn -0.14857949732421397 -0.9877428100683445 -0.04783590840753783
vn -0.14857949732421397 -0.9877428100683445 -0.04783590840753783
vn -0.14857949732421397 -0.9877428100683445 -0.04783590840753783
vn -0.14857949732421397 -0.9877428100683445 -0.04783590840753783
vn -0.14857949732421397 -0.9877428100683445 -0.04783590840753783
vn -0.14857949732421397 -0.9877428100683445 -0.04783590840753783
vn -0.17447109040601957 -0.9695443345284963 0.17188258200361597
vn -0.17447109040601957 -0.9695443345284963 0.17188258200361597
vn -0.17447109040601957 -0.9695443345284963 0.17188258200361597
vn -0.17447109040601957 -0.9695443345284963 0.17188258200361597
vn -0.17447109040601957 -0.9695443345284963 0.17188258200361597
vn -0.17447109040601957 -0.9695443345284963 0.17188258200361597
vn -0.29906888074446353 -0.9373490947525324 0.17870220797981715
vn -0.29906888074446353 -0.9373490947525324 0.17870220797981715
vn -0.29906888074446353 -0.9373490947525324 0.17870220797981715
vn -0.29906888074446353 -0.9373490947525324 0.17870220797981715
vn -0.29906888074446353 -0.9373490947525324 0.17870220797981715
vn -0.29906888074446353 -0.9373490947525324 0.17870220797981715
vn -0.9395838535885398 -0.21402715486106283 -0.2671601749097128
vn -0.9395838535885398 -0.21402715486106283 -0.2671601749097128
vn -0.9395838535885398 -0.21402715486106283 -0.2671601749097128
vn -0.30302987150907834 -0.3560338170620016 0.883975575500507
vn -0.30302987150907834 -0.3560338170620016 0.883975575500507
vn -0.30302987150907834 -0.3560338170620016 0.883975575500507
vn -0.30302987150907834 -0.3560338170620016 0.883975575500507
vn -0.30302987150907834 -0.3560338170620016 0.883975575500507
vn -0.30302987150907834 -0.3560338170620016 0.883975575500507
vn -0.36774366432364924 -0.5347609939360946 0.7607859598561841
vn -0.36774366432364924 -0.5347609939360946 0.7607859598561841
vn -0.36774366432364924 -0.5347609939360946 0.7607859598561841
vn -0.36774366432364924 -0.5347609939360946 0.7607859598561841
vn -0.36774366432364924 -0.5347609939360946 0.7607859598561841
vn -0.36774366432364924 -0.5347609939360946 0.7607859598561841
vn -0.9702055143790836 -0.10763874737827284 0.21706026797010522
vn -0.9702055143790836 -0.10763874737827284 0.21706026797010522
vn -0.9702055143790836 -0.10763874737827284 0.21706026797010522
vn -0.9702055143790836 -0.10763874737827284 0.21706026797010522
vn -0.9702055143790836 -0.10763874737827284 0.21706026797010522
vn -0.9702055143790836 -0.10763874737827284 0.21706026797010522
vn -0.32467491731907144 -0.48241727237098375 0.8135476466575233
vn -0.32467491731907144 -0.48241727237098375 0.8135476466575233
vn -0.32467491731907144 -0.48241727237098375 0.8135476466575233
vn -0.32467491731907144 -0.48241727237098375 0.8135476466575233
vn -0.32467491731907144 -0.48241727237098375 0.8135476466575233
vn -0.32467491731907144 -0.48241727237098375 0.8135476466575233
vn -0.9469020653421575 -0.12581295987736887 0.29588439934821215
vn -0.9469020653421575 -0.12581295987736887 0.29588439934821215
vn -0.9469020653421575 -0.12581295987736887 0.29588439934821215
vn -0.9469020653421575 -0.12581295987736887 0.29588439934821215
vn -0.9469020653421575 -0.12581295987736887 0.29588439934821215
vn -0.9469020653421575 -0.12581295987736887 0.29588439934821215
vn -0.2754636426248209 -0.6161100056590004 0.7379215693545835
vn -0.2754636426248209 -0.6161100056590004 0.7379215693545835
vn -0.2754636426248209 -0.6161100056590004 0.7379215693545835
f 1//1 2//2 3//3
f 4//4 5//5 6//6
f 7//7 8//8 9//9
f 10//10 11//11 12//12
f 13//13 14//14 15//15
f 16//16 17//17 18//18
f 19//19 20//20 21//21
f 22//22 23//23 24//24
f 25//25 26//26 27//27
f 28//28 29//29 30//30
f 31//31 32//32 33//33
f 34//34 35//35 36//36
f 37//37 38//38 39//39
f 40//40 41//41 42//42
f 43//43 44//44 45//45
f 46//46 47//47 48//48
f 49//49 50//50 51//51
f 52//52 53//53 54//54
f 55//55 56//56 57//57
f 58//58 59//59 60//60
f 61//61 62//62 63//63
f 64//64 65//65 66//66
f 67//67 68//68 69//69
f 70//70 71//71 72//72
f 73//73 74//74 75//75
f 76//76 77//77 78//78
f 79//79 80//80 81//81
f 82//82 83//83 84//84
f 85//85 86//86 87//87
f 88//88 89//89 90//90
f 91//91 92//92 93//93
f 94//94 95//95 96//96
f 97//97 98//98 99//99
f 100//100 101//101 102//102
f 103//103 104//104 105//105
f 106//106 107//107 108//108
f 109//109 110//110 111//111
f 112//112 113//113 114//114
f 115//115 116//116 117//117
f 118//118 119//119 120//120
f 121//121 122//122 123//123
f 124//124 125//125 126//126
f 127//127 128//128 129//129
f 130//130 131//131 132//132
f 133//133 134//134 135//135
f 136//136 137//137 138//138
f 139//139 140//140 141//141
f 142//142 143//143 144//144
f 145//145 146//146 147//147
f 148//148 149//149 150//150
f 151//151 152//152 153//153
f 154//154 155//155 156//156
f 157//157 158//158 159//159
f 160//160 161//161 162//162
f 163//163 164//164 165//165
f 166//166 167//167 168//168
f 169//169 170//170 171//171
f 172//172 173//173 174//174
f 175//175 176//176 177//177
f 178//178 179//179 180//180
f 181//181 182//182 183//183
f 184//184 185//185 186//186
f 187//187 188//188 189//189
f 190//190 191//191 192//192
f 193//193 194//194 195//195
f 196//196 197//197 198//198
f 199//199 200//200 201//201
f 202//202 203//203 204//204
f 205//205 206//206 207//207
f 208//208 209//209 210//210
f 211//211 212//212 213//213
f 214//214 215//215 216//216
f 217//217 218//218 219//219
f 220//220 221//221 222//222
f 223//223 224//224 225//225
f 226//226 227//227 228//228
f 229//229 230//230 231//231
f 232//232 233//233 234//234
f 235//235 236//236 237//237
f 238//238 239//239 240//240
f 241//241 242//242 243//243
f 244//244 245//245 246//246
f 247//247 248//248 249//249
f 250//250 251//251 252//252
f 253//253 254//254 255//255
f 256//256 257//257 258//258
f 259//259 260//260 261//261
f 262//262 263//263 264//264
f 265//265 266//266 267//267
f 268//268 269//269 270//270
f 271//271 272//272 273//273
f 274//274 275//275 276//276
f 277//277 278//278 279//279
f 280//280 281//281 282//282
f 283//283 284//284 285//285
f 286//286 287//287 288//288
f 289//289 290//290 291//291
f 292//292 293//293 294//294
f 295//295 296//296 297//297
f 298//298 299//299 300//300
f 301//301 302//302 303//303
f 304//304 305//305 306//306
f 307//307 308//308 309//309
f 310//310 311//311 312//312
f 313//313 314//314 315//315
f 316//316 317//317 318//318
f 319//319 320//320 321//321
f 322//322 323//323 324//324
f 325//325 326//326 327//327
f 328//328 329//329 330//330
f 331//331 332//332 333//333
f 334//334 335//335 336//336
f 337//337 338//338 339//339
f 340//340 341//341 342//342
f 343//343 344//344 345//345
f 346//346 347//347 348//348
f 349//349 350//350 351//351
f 352//352 353//353 354//354
f 355//355 356//356 357//357
f 358//358 359//359 360//360
f 361//361 362//362 363//363
f 364//364 365//365 366//366
f 367//367 368//368 369//369
f 370//370 371//371 372//372
f 373//373 374//374 375//375
f 376//376 377//377 378//378
f 379//379 380//380 381//381
f 382//382 383//383 384//384
o Cylinder_1
usemtl Brown
v 0.000022221049621785633 415.23736645515044 189.5926803559316
v 0.000024464206206264603 422.03840932952284 251.3560593404679
v 33.13675526383918 410.96974738464365 253.00081400763955
v 0.000022221049621785633 415.23736645515044 189.5926803559316
v 33.13675526383918 410.96974738464365 253.00081400763955
v 54.13174755355158 394.480755616335 184.70706954995853
v 67.78071677237449 367.21805392844647 219.98213810799786
v 40.78868771073985 381.33650001977634 250.58740013920652
v 41.73476641970183 353.4299662021873 268.6628022857268
v 67.78071677237449 367.21805392844647 219.98213810799786
v 41.73476641970183 353.4299662021873 268.6628022857268
v 69.43561244735292 343.1628784833748 243.90229026669004
v 0.000022221049621785633 415.23736645515044 189.5926803559316
v 54.13174755355158 394.480755616335 184.70706954995853
v 60.03090769447908 394.73163331278107 120.11205089296703
v 0.000022221049621785633 415.23736645515044 189.5926803559316
v 60.03090769447908 394.73163331278107 120.11205089296703
v 0.000020072845896563617 413.7440383507651 124.3507275005073
v 76.42697793190564 340.624143316513 243.96190758762194
v 67.6854544152593 309.98999404391515 245.09402598383872
v 86.73938899258474 311.0153975365979 243.8321051368291
v 76.42697793190564 340.624143316513 243.96190758762194
v 86.73938899258474 311.0153975365979 243.8321051368291
v 83.15905045070849 339.19887362217145 242.93079833978808
v 77.40172187863209 290.5888374721758 214.6964591442176
v 78.94865879316058 312.63216203038536 205.08599765348433
v 87.6341681487088 311.6973589103334 207.71791332848247
v 77.40172187863209 290.5888374721758 214.6964591442176
v 87.6341681487088 311.6973589103334 207.71791332848247
v 90.67083212069065 292.37396986378894 217.0282337966915
v 54.13174755355158 394.480755616335 184.70706954995853
v 67.78071677237449 367.21805392844647 219.98213810799786
v 72.36129695325872 350.04739447441193 187.86440503623132
v 54.13174755355158 394.480755616335 184.70706954995853
v 72.36129695325872 350.04739447441193 187.86440503623132
v 60.03090769447908 394.73163331278107 120.11205089296703
v 54.13174755355158 394.480755616335 184.70706954995853
v 33.13675526383918 410.96974738464365 253.00081400763955
v 40.78868771073985 381.33650001977634 250.58740013920652
v 54.13174755355158 394.480755616335 184.70706954995853
v 40.78868771073985 381.33650001977634 250.58740013920652
v 67.78071677237449 367.21805392844647 219.98213810799786
v 72.36129695325872 350.04739447441193 187.86440503623132
v 71.74576525057091 313.56700710468346 202.45410295560222
v 85.08630259441361 289.4457351151876 87.85630019957271
v 72.36129695325872 350.04739447441193 187.86440503623132
v 85.08630259441361 289.4457351151876 87.85630019957271
v 83.76013416034084 355.9046526195926 70.81889329700323
v 0.000020072845896563617 413.7440383507651 124.3507275005073
v 60.03090769447908 394.73163331278107 120.11205089296703
v 69.78244294489286 390.06618694620835 55.799384954414734
v 0.000020072845896563617 413.7440383507651 124.3507275005073
v 69.78244294489286 390.06618694620835 55.799384954414734
v 0.0000177903463046661 410.5467383665244 56.98507205170344
v 60.03090769447908 394.73163331278107 120.11205089296703
v 72.36129695325872 350.04739447441193 187.86440503623132
v 83.76013416034084 355.9046526195926 70.81889329700323
v 60.03090769447908 394.73163331278107 120.11205089296703
v 83.76013416034084 355.9046526195926 70.81889329700323
v 69.78244294489286 390.06618694620835 55.799384954414734
v 71.74576525057091 313.56700710468346 202.45410295560222
v 64.13260639229293 288.80368410343823 212.3646635146249
v 70.09222784426811 238.56509668140484 84.34455856014216
v 71.74576525057091 313.56700710468346 202.45410295560222
v 70.09222784426811 238.56509668140484 84.34455856014216
v 85.08630259441361 289.4457351151876 87.85630019957271
v 92.99838020266179 363.8928168762008 14.330356413088948
v 83.76013416034084 355.9046526195926 70.81889329700323
v 102.01650805532154 345.892775085637 64.83221290722724
v 92.99838020266179 363.8928168762008 14.330356413088948
v 102.01650805532154 345.892775085637 64.83221290722724
v 110.21724135640397 355.4150383729696 9.59120622095443
v 87.6565245169104 342.02761980529544 -52.19892819735385
v 92.99838020266179 363.8928168762008 14.330356413088948
v 110.21724135640397 355.4150383729696 9.59120622095443
v 87.6565245169104 342.02761980529544 -52.19892819735385
v 110.21724135640397 355.4150383729696 9.59120622095443
v 105.19887387523795 337.3808734737016 -46.40414454724125
v 69.78244294489286 390.06618694620835 55.799384954414734
v 83.76013416034084 355.9046526195926 70.81889329700323
v 92.99838020266179 363.8928168762008 14.330356413088948
v 69.78244294489286 390.06618694620835 55.799384954414734
v 92.99838020266179 363.8928168762008 14.330356413088948
v 79.22285600437817 383.7940624838333 3.4571773703013258
v 0.0000177903463046661 410.5467383665244 56.98507205170344
v 69.78244294489286 390.06618694620835 55.799384954414734
v 79.22285600437817 383.7940624838333 3.4571773703013258
v 0.0000177903463046661 410.5467383665244 56.98507205170344
v 79.22285600437817 383.7940624838333 3.4571773703013258
v 0.000016019710917402783 407.25126761551405 5.7160011702786955
v 85.08630259441361 289.4457351151876 87.85630019957271
v 70.09222784426811 238.56509668140484 84.34455856014216
v 111.71104321988423 236.33354951638003 77.19864991498389
v 85.08630259441361 289.4457351151876 87.85630019957271
v 111.71104321988423 236.33354951638003 77.19864991498389
v 107.99081349297921 281.93273597174846 79.98546489281513
v 86.72647232946474 237.56671797686533 -23.963587754907703
v 95.86289017535819 288.1813425392309 -42.71552610394183
v 113.64084408396138 277.1840035186754 -35.782003794151244
v 86.72647232946474 237.56671797686533 -23.963587754907703
v 113.64084408396138 277.1840035186754 -35.782003794151244
v 115.56715225715834 232.90400789109458 -19.39368970355195
v 79.22285600437817 383.7940624838333 3.4571773703013258
v 92.99838020266179 363.8928168762008 14.330356413088948
v 87.6565245169104 342.02761980529544 -52.19892819735385
v 79.22285600437817 383.7940624838333 3.4571773703013258
v 87.6565245169104 342.02761980529544 -52.19892819735385
v 80.00458420358882 375.3036902325005 -56.91723274053252
v 0.000016019710917402783 407.25126761551405 5.7160011702786955
v 79.22285600437817 383.7940624838333 3.4571773703013258
v 80.00458420358882 375.3036902325005 -56.91723274053252
v 0.000016019710917402783 407.25126761551405 5.7160011702786955
v 80.00458420358882 375.3036902325005 -56.91723274053252
v 0.00001387713869619822 394.02904535377417 -45.11348230391751
v 95.86289017535819 288.1813425392309 -42.71552610394183
v 86.72647232946474 237.56671797686533 -23.963587754907703
v 51.80010893271174 291.71925534045215 -77.20358755578839
v 95.86289017535819 288.1813425392309 -42.71552610394183
v 51.80010893271174 291.71925534045215 -77.20358755578839
v 65.4847130382177 316.25363443327956 -84.15447549687549
v 87.6565245169104 342.02761980529544 -52.19892819735385
v 95.86289017535819 288.1813425392309 -42.71552610394183
v 65.4847130382177 316.25363443327956 -84.15447549687549
v 87.6565245169104 342.02761980529544 -52.19892819735385
v 65.4847130382177 316.25363443327956 -84.15447549687549
v 57.67494610021231 343.7973917251532 -88.70851791850839
v 80.00458420358882 375.3036902325005 -56.91723274053252
v 87.6565245169104 342.02761980529544 -52.19892819735385
v 57.67494610021231 343.7973917251532 -88.70851791850839
v 80.00458420358882 375.3036902325005 -56.91723274053252
v 57.67494610021231 343.7973917251532 -88.70851791850839
v 50.02303200829374 375.69079700715855 -94.34630196219557
v 0.00001387713869619822 394.02904535377417 -45.11348230391751
v 80.00458420358882 375.3036902325005 -56.91723274053252
v 50.02303200829374 375.69079700715855 -94.34630196219557
v 0.00001387713869619822 394.02904535377417 -45.11348230391751
v 50.02303200829374 375.69079700715855 -94.34630196219557
v 0.000012531524320177423 393.4692862866101 -86.43645058836242
v 65.4847130382177 316.25363443327956 -84.15447549687549
v 51.80010893271174 291.71925534045215 -77.20358755578839
v 44.77759242138973 325.73801158471883 -150.21820856928315
v 65.4847130382177 316.25363443327956 -84.15447549687549
v 44.77759242138973 325.73801158471883 -150.21820856928315
v 55.45718178834022 342.75354109053217 -148.8640327650597
v 57.67494610021231 343.7973917251532 -88.70851791850839
v 65.4847130382177 316.25363443327956 -84.15447549687549
v 55.45718178834022 342.75354109053217 -148.8640327650597
v 57.67494610021231 343.7973917251532 -88.70851791850839
v 55.45718178834022 342.75354109053217 -148.8640327650597
v 50.11737661630377 366.21152232779025 -146.9619039423277
v 50.02303200829374 375.69079700715855 -94.34630196219557
v 57.67494610021231 343.7973917251532 -88.70851791850839
v 50.11737661630377 366.21152232779025 -146.9619039423277
v 50.02303200829374 375.69079700715855 -94.34630196219557
v 50.11737661630377 366.21152232779025 -146.9619039423277
v 44.77759242138973 388.0749695932446 -145.21696696670654
v 0.000012531524320177423 393.4692862866101 -86.43645058836242
v 50.02303200829374 375.69079700715855 -94.34630196219557
v 44.77759242138973 388.0749695932446 -145.21696696670654
v 0.000012531524320177423 393.4692862866101 -86.43645058836242
v 44.77759242138973 388.0749695932446 -145.21696696670654
v 0.000011156755907927736 405.444865612717 -143.88493256203446
v 55.45718178834022 342.75354109053217 -148.8640327650597
v 44.77759242138973 325.73801158471883 -150.21820856928315
v 29.83333047053179 352.86309286828566 -263.5384800343819
v 55.45718178834022 342.75354109053217 -148.8640327650597
v 29.83333047053179 352.86309286828566 -263.5384800343819
v 36.446074628541965 364.9174702643178 -261.4384200478106
v 50.11737661630377 366.21152232779025 -146.9619039423277
v 55.45718178834022 342.75354109053217 -148.8640327650597
v 36.446074628541965 364.9174702643178 -261.4384200478106
v 50.11737661630377 366.21152232779025 -146.9619039423277
v 36.446074628541965 364.9174702643178 -261.4384200478106
v 33.13969468311598 384.0808265490165 -258.0998297978355
v 44.77759242138973 388.0749695932446 -145.21696696670654
v 50.11737661630377 366.21152232779025 -146.9619039423277
v 33.13969468311598 384.0808265490165 -258.0998297978355
v 44.77759242138973 388.0749695932446 -145.21696696670654
v 33.13969468311598 384.0808265490165 -258.0998297978355
v 29.833333092672092 399.92778372609337 -255.3389700106145
v 0.000011156755907927736 405.444865612717 -143.88493256203446
v 44.77759242138973 388.0749695932446 -145.21696696670654
v 29.833333092672092 399.92778372609337 -255.3389700106145
v 0.000011156755907927736 405.444865612717 -143.88493256203446
v 29.833333092672092 399.92778372609337 -255.3389700106145
v 0.000007761845472160174 408.70347888018233 -253.810032698534
v 29.833333092672092 399.92778372609337 -255.3389700106145
v 33.13969468311598 384.0808265490165 -258.0998297978355
v 30.41670162243463 408.679753969109 -408.3481734959589
v 29.833333092672092 399.92778372609337 -255.3389700106145
v 30.41670162243463 408.679753969109 -408.3481734959589
v 27.876264591610607 420.855798673764 -406.2269266328324
v 33.13969468311598 384.0808265490165 -258.0998297978355
v 36.446074628541965 364.9174702643178 -261.4384200478106
v 32.95717536322286 393.9556182336549 -410.91342177432324
v 33.13969468311598 384.0808265490165 -258.0998297978355
v 32.95717536322286 393.9556182336549 -410.91342177432324
v 30.41670162243463 408.679753969109 -408.3481734959589
v 0.000007761845472160174 408.70347888018233 -253.810032698534
v 29.833333092672092 399.92778372609337 -255.3389700106145
v 27.876264591610607 420.855798673764 -406.2269266328324
v 0.000007761845472160174 408.70347888018233 -253.810032698534
v 27.876264591610607 420.855798673764 -406.2269266328324
v 0.0000036513232914804693 427.5985589634761 -405.0521667701479
v 36.446074628541965 364.9174702643178 -261.4384200478106
v 29.83333047053179 352.86309286828566 -263.5384800343819
v 27.876264591610607 384.69367338752534 -412.5269807299512
v 36.446074628541965 364.9174702643178 -261.4384200478106
v 27.876264591610607 384.69367338752534 -412.5269807299512
v 32.95717536322286 393.9556182336549 -410.91342177432324
v 107.99081349297921 281.93273597174846 79.98546489281513
v 111.71104321988423 236.33354951638003 77.19864991498389
v 120.09870365870484 224.85725473364417 38.58358826997725
v 107.99081349297921 281.93273597174846 79.98546489281513
v 120.09870365870484 224.85725473364417 38.58358826997725
v 116.11998334098189 278.6701992406788 28.261599520261864
v 102.01650805532154 345.892775085637 64.83221290722724
v 107.99081349297921 281.93273597174846 79.98546489281513
v 116.11998334098189 278.6701992406788 28.261599520261864
v 102.01650805532154 345.892775085637 64.83221290722724
v 116.11998334098189 278.6701992406788 28.261599520261864
v 110.21724135640397 355.4150383729696 9.59120622095443
v 116.11998334098189 278.6701992406788 28.261599520261864
v 120.09870365870484 224.85725473364417 38.58358826997725
v 115.56715225715834 232.90400789109458 -19.39368970355195
v 116.11998334098189 278.6701992406788 28.261599520261864
v 115.56715225715834 232.90400789109458 -19.39368970355195
v 113.64084408396138 277.1840035186754 -35.782003794151244
v 110.21724135640397 355.4150383729696 9.59120622095443
v 116.11998334098189 278.6701992406788 28.261599520261864
v 113.64084408396138 277.1840035186754 -35.782003794151244
v 110.21724135640397 355.4150383729696 9.59120622095443
v 113.64084408396138 277.1840035186754 -35.782003794151244
v 105.19887387523795 337.3808734737016 -46.40414454724125
v 95.86289017535819 288.1813425392309 -42.71552610394183
v 87.6565245169104 342.02761980529544 -52.19892819735385
v 105.19887387523795 337.3808734737016 -46.40414454724125
v 95.86289017535819 288.1813425392309 -42.71552610394183
v 105.19887387523795 337.3808734737016 -46.40414454724125
v 113.64084408396138 277.1840035186754 -35.782003794151244
v 83.76013416034084 355.9046526195926 70.81889329700323
v 85.08630259441361 289.4457351151876 87.85630019957271
v 107.99081349297921 281.93273597174846 79.98546489281513
v 83.76013416034084 355.9046526195926 70.81889329700323
v 107.99081349297921 281.93273597174846 79.98546489281513
v 102.01650805532154 345.892775085637 64.83221290722724
v 115.56715225715834 232.90400789109458 -19.39368970355195
v 120.09870365870484 224.85725473364417 38.58358826997725
v 116.82988062880213 188.9295076050566 38.06698952143842
v 115.56715225715834 232.90400789109458 -19.39368970355195
v 116.82988062880213 188.9295076050566 38.06698952143842
v 111.7496621022292 208.57671568522386 -6.9226827072975
v 120.09870365870484 224.85725473364417 38.58358826997725
v 111.71104321988423 236.33354951638003 77.19864991498389
v 108.8675313467138 179.33115716199842 69.97219123722107
v 120.09870365870484 224.85725473364417 38.58358826997725
v 108.8675313467138 179.33115716199842 69.97219123722107
v 116.82988062880213 188.9295076050566 38.06698952143842
v 111.7496621022292 208.57671568522386 -6.9226827072975
v 116.82988062880213 188.9295076050566 38.06698952143842
v 113.37869298528403 154.66863018035133 8.888835250494287
v 111.7496621022292 208.57671568522386 -6.9226827072975
v 113.37869298528403 154.66863018035133 8.888835250494287
v 108.47428372157538 186.25187450210578 -24.49233018950972
v 108.8675313467138 179.33115716199842 69.97219123722107
v 78.73476556457263 181.09139035223126 77.08266434289723
v 82.39325437596335 140.96311482664044 27.300063474326283
v 108.8675313467138 179.33115716199842 69.97219123722107
v 82.39325437596335 140.96311482664044 27.300063474326283
v 104.82112834355576 142.3797408595553 20.238723605078906
v 86.72647232946474 237.56671797686533 -23.963587754907703
v 115.56715225715834 232.90400789109458 -19.39368970355195
v 111.7496621022292 208.57671568522386 -6.9226827072975
v 86.72647232946474 237.56671797686533 -23.963587754907703
v 111.7496621022292 208.57671568522386 -6.9226827072975
v 87.2205517377165 212.54653145818185 -4.097589377676144
v 111.71104321988423 236.33354951638003 77.19864991498389
v 70.09222784426811 238.56509668140484 84.34455856014216
v 78.73476556457263 181.09139035223126 77.08266434289723
v 111.71104321988423 236.33354951638003 77.19864991498389
v 78.73476556457263 181.09139035223126 77.08266434289723
v 108.8675313467138 179.33115716199842 69.97219123722107
v 70.09222784426811 238.56509668140484 84.34455856014216
v 71.82225308313491 226.68927107502876 41.53165501843201
v 75.01540638824736 190.40816423815411 40.31920323681717
v 70.09222784426811 238.56509668140484 84.34455856014216
v 75.01540638824736 190.40816423815411 40.31920323681717
v 78.73476556457263 181.09139035223126 77.08266434289723
v 71.82225308313491 226.68927107502876 41.53165501843201
v 86.72647232946474 237.56671797686533 -23.963587754907703
v 87.2205517377165 212.54653145818185 -4.097589377676144
v 71.82225308313491 226.68927107502876 41.53165501843201
v 87.2205517377165 212.54653145818185 -4.097589377676144
v 75.01540638824736 190.40816423815411 40.31920323681717
v 87.35757430125659 188.92471673525424 -22.1155544860116
v 87.35756905697599 140.04631181694361 -35.18179058496046
v 77.31828012999131 156.48872092347162 11.058493457604856
v 75.01540638824736 190.40816423815411 40.31920323681717
v 87.2205517377165 212.54653145818185 -4.097589377676144
v 87.35757430125659 188.92471673525424 -22.1155544860116
v 75.01540638824736 190.40816423815411 40.31920323681717
v 87.35757430125659 188.92471673525424 -22.1155544860116
v 77.31828012999131 156.48872092347162 11.058493457604856
v 87.2205517377165 212.54653145818185 -4.097589377676144
v 111.7496621022292 208.57671568522386 -6.9226827072975
v 108.47428372157538 186.25187450210578 -24.49233018950972
v 87.2205517377165 212.54653145818185 -4.097589377676144
v 108.47428372157538 186.25187450210578 -24.49233018950972
v 87.35757430125659 188.92471673525424 -22.1155544860116
v 116.82988062880213 188.9295076050566 38.06698952143842
v 108.8675313467138 179.33115716199842 69.97219123722107
v 104.82112834355576 142.3797408595553 20.238723605078906
v 116.82988062880213 188.9295076050566 38.06698952143842
v 104.82112834355576 142.3797408595553 20.238723605078906
v 113.37869298528403 154.66863018035133 8.888835250494287
v 78.73476556457263 181.09139035223126 77.08266434289723
v 75.01540638824736 190.40816423815411 40.31920323681717
v 77.31828012999131 156.48872092347162 11.058493457604856
v 78.73476556457263 181.09139035223126 77.08266434289723
v 77.31828012999131 156.48872092347162 11.058493457604856
v 82.39325437596335 140.96311482664044 27.300063474326283
v 108.47428372157538 186.25187450210578 -24.49233018950972
v 113.37869298528403 154.66863018035133 8.888835250494287
v 106.25108633500076 137.02263779122623 -36.970134378779676
v 87.35756905697599 140.04631181694361 -35.18179058496046
v 106.25108633500076 137.02263779122623 -36.970134378779676
v 109.56666737074102 116.03043008021936 -62.83345419805422
v 87.35756905697599 140.04631181694361 -35.18179058496046
v 109.56666737074102 116.03043008021936 -62.83345419805422
v 89.39217162458135 122.55994681608405 -66.29815711138758
v 84.62617465877202 119.08884809850642 -17.288722513800106
v 87.35756905697599 140.04631181694361 -35.18179058496046
v 89.39217162458135 122.55994681608405 -66.29815711138758
v 84.62617465877202 119.08884809850642 -17.288722513800106
v 89.39217162458135 122.55994681608405 -66.29815711138758
v 87.25953247542293 92.94501864498349 -22.815563873776703
v 104.82113883211696 120.34083517610266 -24.467431978897636
v 84.62617465877202 119.08884809850642 -17.288722513800106
v 87.25953247542293 92.94501864498349 -22.815563873776703
v 104.82113883211696 120.34083517610266 -24.467431978897636
v 87.25953247542293 92.94501864498349 -22.815563873776703
v 116.01404887284389 94.11347482424348 -29.992668577842174
v 106.25108633500076 137.02263779122623 -36.970134378779676
v 104.82113883211696 120.34083517610266 -24.467431978897636
v 116.01404887284389 94.11347482424348 -29.992668577842174
v 106.25108633500076 137.02263779122623 -36.970134378779676
v 116.01404887284389 94.11347482424348 -29.992668577842174
v 109.56666737074102 116.03043008021936 -62.83345419805422
v 113.37869298528403 154.66863018035133 8.888835250494287
v 104.82112834355576 142.3797408595553 20.238723605078906
v 104.82113883211696 120.34083517610266 -24.467431978897636
v 113.37869298528403 154.66863018035133 8.888835250494287
v 104.82113883211696 120.34083517610266 -24.467431978897636
v 106.25108633500076 137.02263779122623 -36.970134378779676
v 82.39325437596335 140.96311482664044 27.300063474326283
v 77.31828012999131 156.48872092347162 11.058493457604856
v 87.35756905697599 140.04631181694361 -35.18179058496046
v 82.39325437596335 140.96311482664044 27.300063474326283
v 87.35756905697599 140.04631181694361 -35.18179058496046
v 84.62617465877202 119.08884809850642 -17.288722513800106
v 104.82112834355576 142.3797408595553 20.238723605078906
v 82.39325437596335 140.96311482664044 27.300063474326283
v 84.62617465877202 119.08884809850642 -17.288722513800106
v 104.82112834355576 142.3797408595553 20.238723605078906
v 84.62617465877202 119.08884809850642 -17.288722513800106
v 104.82113883211696 120.34083517610266 -24.467431978897636
v 108.47428372157538 186.25187450210578 -24.49233018950972
v 106.25108633500076 137.02263779122623 -36.970134378779676
v 87.35756905697599 140.04631181694361 -35.18179058496046
v 108.47428372157538 186.25187450210578 -24.49233018950972
v 87.35756905697599 140.04631181694361 -35.18179058496046
v 87.35757430125659 188.92471673525424 -22.1155544860116
v 109.56666737074102 116.03043008021936 -62.83345419805422
v 116.01404887284389 94.11347482424348 -29.992668577842174
v 116.01404887284389 63.348989894295265 -25.556247066907044
v 109.56666737074102 116.03043008021936 -62.83345419805422
v 116.01404887284389 63.348989894295265 -25.556247066907044
v 117.13054572421242 72.78559667974304 -54.1929929425718
v 116.01404887284389 94.11347482424348 -29.992668577842174
v 87.25953247542293 92.94501864498349 -22.815563873776703
v 87.25953247542293 64.6917784032298 -18.146246828875956
v 116.01404887284389 94.11347482424348 -29.992668577842174
v 87.25953247542293 64.6917784032298 -18.146246828875956
v 116.01404887284389 63.348989894295265 -25.556247066907044
v 87.25953247542293 92.94501864498349 -22.815563873776703
v 89.39217162458135 122.55994681608405 -66.29815711138758
v 89.39217162458135 75.08349888822562 -53.2745414439961
v 87.25953247542293 92.94501864498349 -22.815563873776703
v 89.39217162458135 75.08349888822562 -53.2745414439961
v 87.25953247542293 64.6917784032298 -18.146246828875956
v 89.39217162458135 122.55994681608405 -66.29815711138758
v 109.56666737074102 116.03043008021936 -62.83345419805422
v 117.13054572421242 72.78559667974304 -54.1929929425718
v 89.39217162458135 122.55994681608405 -66.29815711138758
v 117.13054572421242 72.78559667974304 -54.1929929425718
v 89.39217162458135 75.08349888822562 -53.2745414439961
v 116.01404887284389 63.348989894295265 -25.556247066907044
v 110.88982034346827 24.6736326156973 9.012635433865265
v 126.70581545934965 24.367004027438185 3.3836726629964295
v 117.13054572421242 72.78559667974304 -54.1929929425718
v 116.01404887284389 63.348989894295265 -25.556247066907044
v 126.70581545934965 24.367004027438185 3.3836726629964295
v 117.13054572421242 72.78559667974304 -54.1929929425718
v 126.70581545934965 24.367004027438185 3.3836726629964295
v 123.29527099048846 24.79311128396532 -43.212076872780635
v 89.39217162458135 75.08349888822562 -53.2745414439961
v 96.14148733799993 25.397813573961955 -42.85893497687216
v 83.41729456033818 25.63193400435293 -42.713511112243246
v 109.16849012183775 25.111785252460265 -43.03040717537982
v 117.13054572421242 72.78559667974304 -54.1929929425718
v 123.29527099048846 24.79311128396532 -43.212076872780635
v 86.24358421601528 24.36703357555368 8.62763777201932
v 87.25953247542293 64.6917784032298 -18.146246828875956
v 69.91175641594964 24.67365063441871 6.509934365301394
v 110.88982034346827 24.6736326156973 9.012635433865265
v 116.01404887284389 63.348989894295265 -25.556247066907044
v 87.25953247542293 64.6917784032298 -18.146246828875956
v 110.88982034346827 24.6736326156973 9.012635433865265
v 87.25953247542293 64.6917784032298 -18.146246828875956
v 86.24358421601528 24.36703357555368 8.62763777201932
v 87.25953247542293 64.6917784032298 -18.146246828875956
v 89.39217162458135 75.08349888822562 -53.2745414439961
v 83.41729456033818 25.63193400435293 -42.713511112243246
v 87.25953247542293 64.6917784032298 -18.146246828875956
v 83.41729456033818 25.63193400435293 -42.713511112243246
v 69.91175641594964 24.67365063441871 6.509934365301394
v 96.14148733799993 25.397813573961955 -42.85893497687216
v 89.39217162458135 75.08349888822562 -53.2745414439961
v 117.13054572421242 72.78559667974304 -54.1929929425718
v 96.14148733799993 25.397813573961955 -42.85893497687216
v 117.13054572421242 72.78559667974304 -54.1929929425718
v 109.16849012183775 25.111785252460265 -43.03040717537982
v 123.84817549424042 7.0454017505577875 -33.442997453576
v 123.29527099048846 24.79311128396532 -43.212076872780635
v 126.70581545934965 24.367004027438185 3.3836726629964295
v 127.48633222974149 -4.6269534801478835 10.330160596458802
v 123.84817549424042 7.0454017505577875 -33.442997453576
v 126.70581545934965 24.367004027438185 3.3836726629964295
v 123.84817549424042 7.0454017505577875 -33.442997453576
v 127.48633222974149 -4.6269534801478835 10.330160596458802
v 124.74926876420795 -4.626960916156776 -23.058788356481227
v 126.70581545934965 24.367004027438185 3.3836726629964295
v 110.88982034346827 24.6736326156973 9.012635433865265
v 114.78636278417525 14.861860604787237 38.448159343575014
v 126.70581545934965 24.367004027438185 3.3836726629964295
v 114.78636278417525 14.861860604787237 38.448159343575014
v 129.4694254732849 14.577223960649398 33.22240175887961
v 109.16849012183775 25.111785252460265 -43.03040717537982
v 123.29527099048846 24.79311128396532 -43.212076872780635
v 123.84817549424042 7.0454017505577875 -33.442997453576
v 109.16849012183775 25.111785252460265 -43.03040717537982
v 123.84817549424042 7.0454017505577875 -33.442997453576
v 109.72139462558971 7.0515926240687365 -33.439473297964625
v 124.74926876420795 -4.626960916156776 -23.058788356481227
v 110.31667291659687 -4.626960916156776 -23.058788356481227
v 109.72139462558971 7.0515926240687365 -33.439473297964625
v 124.74926876420795 -4.626960916156776 -23.058788356481227
v 109.72139462558971 7.0515926240687365 -33.439473297964625
v 123.84817549424042 7.0454017505577875 -33.442997453576
v 111.67231945192725 -4.6269537047903775 15.97668125937674
v 110.31667291659687 -4.626960916156776 -23.058788356481227
v 124.74926876420795 -4.626960916156776 -23.058788356481227
v 111.67231945192725 -4.6269537047903775 15.97668125937674
v 124.74926876420795 -4.626960916156776 -23.058788356481227
v 127.48633222974149 -4.6269534801478835 10.330160596458802
v 129.5765136831551 -4.6270082911906725 34.17532680166739
v 129.4694254732849 14.577223960649398 33.22240175887961
v 131.68224967283095 10.193089458778747 52.90150956423796
v 129.5765136831551 -4.6270082911906725 34.17532680166739
v 131.68224967283095 10.193089458778747 52.90150956423796
v 131.78933788270115 -4.627003024962663 53.85462281207288
v 127.48633222974149 -4.6269534801478835 10.330160596458802
v 126.70581545934965 24.367004027438185 3.3836726629964295
v 129.4694254732849 14.577223960649398 33.22240175887961
v 127.48633222974149 -4.6269534801478835 10.330160596458802
v 129.4694254732849 14.577223960649398 33.22240175887961
v 129.5765136831551 -4.6270082911906725 34.17532680166739
v 110.88982034346827 24.6736326156973 9.012635433865265
v 111.67231945192725 -4.6269537047903775 15.97668125937674
v 114.89527600369456 -4.6269656326326265 39.41736791530892
v 110.88982034346827 24.6736326156973 9.012635433865265
v 114.89527600369456 -4.6269656326326265 39.41736791530892
v 114.78636278417525 14.861860604787237 38.448159343575014
v 111.67231945192725 -4.6269537047903775 15.97668125937674
v 127.48633222974149 -4.6269534801478835 10.330160596458802
v 129.5765136831551 -4.6270082911906725 34.17532680166739
v 111.67231945192725 -4.6269537047903775 15.97668125937674
v 129.5765136831551 -4.6270082911906725 34.17532680166739
v 114.89527600369456 -4.6269656326326265 39.41736791530892
v 131.68224967283095 10.193089458778747 52.90150956423796
v 116.99605090392197 10.477757568750606 58.12839466921973
v 118.97672128982776 8.426307745353705 57.573319327928886
v 131.68224967283095 10.193089458778747 52.90150956423796
v 118.97672128982776 8.426307745353705 57.573319327928886
v 129.73395747535506 8.217785463912492 53.744795365677035
v 129.4694254732849 14.577223960649398 33.22240175887961
v 114.78636278417525 14.861860604787237 38.448159343575014
v 116.99605090392197 10.477757568750606 58.12839466921973
v 129.4694254732849 14.577223960649398 33.22240175887961
v 116.99605090392197 10.477757568750606 58.12839466921973
v 131.68224967283095 10.193089458778747 52.90150956423796
v 114.78636278417525 14.861860604787237 38.448159343575014
v 114.89527600369456 -4.6269656326326265 39.41736791530892
v 117.10497461200248 -4.626957744115028 59.097775713163394
v 114.78636278417525 14.861860604787237 38.448159343575014
v 117.10497461200248 -4.626957744115028 59.097775713163394
v 116.99605090392197 10.477757568750606 58.12839466921973
v 114.89527600369456 -4.6269656326326265 39.41736791530892
v 129.5765136831551 -4.6270082911906725 34.17532680166739
v 131.78933788270115 -4.627003024962663 53.85462281207288
v 114.89527600369456 -4.6269656326326265 39.41736791530892
v 131.78933788270115 -4.627003024962663 53.85462281207288
v 117.10497461200248 -4.626957744115028 59.097775713163394
v 116.99605090392197 10.477757568750606 58.12839466921973
v 117.10497461200248 -4.626957744115028 59.097775713163394
v 119.05649728632852 -2.6374902550147583 58.283412116345275
v 116.99605090392197 10.477757568750606 58.12839466921973
v 119.05649728632852 -2.6374902550147583 58.283412116345275
v 118.97672128982776 8.426307745353705 57.573319327928886
v 117.10497461200248 -4.626957744115028 59.097775713163394
v 131.78933788270115 -4.627003024962663 53.85462281207288
v 129.8124014245832 -2.637513059212014 54.44291018959723
v 117.10497461200248 -4.626957744115028 59.097775713163394
v 129.8124014245832 -2.637513059212014 54.44291018959723
v 119.05649728632852 -2.6374902550147583 58.283412116345275
v 131.78933788270115 -4.627003024962663 53.85462281207288
v 131.68224967283095 10.193089458778747 52.90150956423796
v 129.73395747535506 8.217785463912492 53.744795365677035
v 131.78933788270115 -4.627003024962663 53.85462281207288
v 129.73395747535506 8.217785463912492 53.744795365677035
v 129.8124014245832 -2.637513059212014 54.44291018959723
v 83.41729456033818 25.63193400435293 -42.713511112243246
v 81.12789861973852 7.152290682242696 -33.382441761911714
v 78.6752115140689 -4.6270133589571145 -23.058759512931864
v 68.6645825805681 -4.6270274760162735 13.362041680765744
v 83.41729456033818 25.63193400435293 -42.713511112243246
v 78.6752115140689 -4.6270133589571145 -23.058759512931864
v 83.41729456033818 25.63193400435293 -42.713511112243246
v 68.6645825805681 -4.6270274760162735 13.362041680765744
v 69.91175641594964 24.67365063441871 6.509934365301394
v 86.24358421601528 24.36703357555368 8.62763777201932
v 69.91175641594964 24.67365063441871 6.509934365301394
v 65.18906671934246 44.74333439597343 32.682978888072114
v 86.24358421601528 24.36703357555368 8.62763777201932
v 65.18906671934246 44.74333439597343 32.682978888072114
v 80.35100040296129 44.071972356191125 34.55262001344452
v 83.41729456033818 25.63193400435293 -42.713511112243246
v 96.14148733799993 25.397813573961955 -42.85893497687216
v 94.97638649402234 7.09788913515182 -33.41325190207803
v 83.41729456033818 25.63193400435293 -42.713511112243246
v 94.97638649402234 7.09788913515182 -33.41325190207803
v 81.12789861973852 7.152290682242696 -33.382441761911714
v 92.82648317312578 -4.62696026062137 -23.058785734341104
v 78.6752115140689 -4.6270133589571145 -23.058759512931864
v 81.12789861973852 7.152290682242696 -33.382441761911714
v 92.82648317312578 -4.62696026062137 -23.058785734341104
v 81.12789861973852 7.152290682242696 -33.382441761911714
v 94.97638649402234 7.09788913515182 -33.41325190207803
v 68.6645825805681 -4.6270274760162735 13.362041680765744
v 78.6752115140689 -4.6270133589571145 -23.058759512931864
v 92.82648317312578 -4.62696026062137 -23.058785734341104
v 68.6645825805681 -4.6270274760162735 13.362041680765744
v 92.82648317312578 -4.62696026062137 -23.058785734341104
v 84.99954646043307 -4.626978356447868 15.462438920889774
v 80.18035151220829 25.06710877135261 31.638006214981772
v 80.35100040296129 44.071972356191125 34.55262001344452
v 76.82825455064403 35.91095408100848 52.65123855854552
v 80.18035151220829 25.06710877135261 31.638006214981772
v 76.82825455064403 35.91095408100848 52.65123855854552
v 76.65756894992683 21.20199405269245 50.611960138724854
v 84.99954646043307 -4.626978356447868 15.462438920889774
v 86.24358421601528 24.36703357555368 8.62763777201932
v 80.35100040296129 44.071972356191125 34.55262001344452
v 84.99954646043307 -4.626978356447868 15.462438920889774
v 80.35100040296129 44.071972356191125 34.55262001344452
v 80.18035151220829 25.06710877135261 31.638006214981772
v 69.91175641594964 24.67365063441871 6.509934365301394
v 68.6645825805681 -4.6270274760162735 13.362041680765744
v 65.01548627573356 25.456346873922975 29.72726045757239
v 69.91175641594964 24.67365063441871 6.509934365301394
v 65.01548627573356 25.456346873922975 29.72726045757239
v 65.18906671934246 44.74333439597343 32.682978888072114
v 68.6645825805681 -4.6270274760162735 13.362041680765744
v 84.99954646043307 -4.626978356447868 15.462438920889774
v 80.18035151220829 25.06710877135261 31.638006214981772
v 68.6645825805681 -4.6270274760162735 13.362041680765744
v 80.18035151220829 25.06710877135261 31.638006214981772
v 65.01548627573356 25.456346873922975 29.72726045757239
v 76.82825455064403 35.91095408100848 52.65123855854552
v 61.663074657333254 36.58245509417226 50.781227711384744
v 63.6658129760076 34.491447736416895 50.76843194810192
v 76.82825455064403 35.91095408100848 52.65123855854552
v 63.6658129760076 34.491447736416895 50.76843194810192
v 74.77389677801511 33.99959472615558 52.1381961060097
v 80.35100040296129 44.071972356191125 34.55262001344452
v 65.18906671934246 44.74333439597343 32.682978888072114
v 61.663074657333254 36.58245509417226 50.781227711384744
v 80.35100040296129 44.071972356191125 34.55262001344452
v 61.663074657333254 36.58245509417226 50.781227711384744
v 76.82825455064403 35.91095408100848 52.65123855854552
v 65.18906671934246 44.74333439597343 32.682978888072114
v 65.01548627573356 25.456346873922975 29.72726045757239
v 61.48945750376015 21.591309508347944 48.70083417097453
v 65.18906671934246 44.74333439597343 32.682978888072114
v 61.48945750376015 21.591309508347944 48.70083417097453
v 61.663074657333254 36.58245509417226 50.781227711384744
v 65.01548627573356 25.456346873922975 29.72726045757239
v 80.18035151220829 25.06710877135261 31.638006214981772
v 76.65756894992683 21.20199405269245 50.611960138724854
v 65.01548627573356 25.456346873922975 29.72726045757239
v 76.65756894992683 21.20199405269245 50.611960138724854
v 61.48945750376015 21.591309508347944 48.70083417097453
v 61.663074657333254 36.58245509417226 50.781227711384744
v 61.48945750376015 21.591309508347944 48.70083417097453
v 63.53864441571659 23.510828967664153 49.24459761712245
v 61.663074657333254 36.58245509417226 50.781227711384744
v 63.53864441571659 23.510828967664153 49.24459761712245
v 63.6658129760076 34.491447736416895 50.76843194810192
v 61.48945750376015 21.591309508347944 48.70083417097453
v 76.65756894992683 21.20199405269245 50.611960138724854
v 74.64886263992867 23.225710739934602 50.644432451189815
v 61.48945750376015 21.591309508347944 48.70083417097453
v 74.64886263992867 23.225710739934602 50.644432451189815
v 63.53864441571659 23.510828967664153 49.24459761712245
v 76.65756894992683 21.20199405269245 50.611960138724854
v 76.82825455064403 35.91095408100848 52.65123855854552
v 74.77389677801511 33.99959472615558 52.1381961060097
v 76.65756894992683 21.20199405269245 50.611960138724854
v 74.77389677801511 33.99959472615558 52.1381961060097
v 74.64886263992867 23.225710739934602 50.644432451189815
v 110.88982034346827 24.6736326156973 9.012635433865265
v 86.24358421601528 24.36703357555368 8.62763777201932
v 90.10750198710411 15.057776159036365 55.926776957309826
v 110.88982034346827 24.6736326156973 9.012635433865265
v 90.10750198710411 15.057776159036365 55.926776957309826
v 105.86454090047027 14.760682051084308 53.11490396516809
v 96.14148733799993 25.397813573961955 -42.85893497687216
v 109.16849012183775 25.111785252460265 -43.03040717537982
v 109.72139462558971 7.0515926240687365 -33.439473297964625
v 96.14148733799993 25.397813573961955 -42.85893497687216
v 109.72139462558971 7.0515926240687365 -33.439473297964625
v 94.97638649402234 7.09788913515182 -33.41325190207803
v 110.31667291659687 -4.626960916156776 -23.058788356481227
v 92.82648317312578 -4.62696026062137 -23.058785734341104
v 94.97638649402234 7.09788913515182 -33.41325190207803
v 110.31667291659687 -4.626960916156776 -23.058788356481227
v 94.97638649402234 7.09788913515182 -33.41325190207803
v 109.72139462558971 7.0515926240687365 -33.439473297964625
v 84.99954646043307 -4.626978356447868 15.462438920889774
v 92.82648317312578 -4.62696026062137 -23.058785734341104
v 110.31667291659687 -4.626960916156776 -23.058788356481227
v 84.99954646043307 -4.626978356447868 15.462438920889774
v 110.31667291659687 -4.626960916156776 -23.058788356481227
v 111.67231945192725 -4.6269537047903775 15.97668125937674
v 105.87264855827925 -5.287670881449868 54.1199467801987
v 105.86454090047027 14.760682051084308 53.11490396516809
v 106.03346966718618 10.183779823219906 84.20922912323935
v 105.87264855827925 -5.287670881449868 54.1199467801987
v 106.03346966718618 10.183779823219906 84.20922912323935
v 106.04156683643396 -5.287673258988272 85.21437620893136
v 111.67231945192725 -4.6269537047903775 15.97668125937674
v 110.88982034346827 24.6736326156973 9.012635433865265
v 105.86454090047027 14.760682051084308 53.11490396516809
v 111.67231945192725 -4.6269537047903775 15.97668125937674
v 105.86454090047027 14.760682051084308 53.11490396516809
v 105.87264855827925 -5.287670881449868 54.1199467801987
v 86.24358421601528 24.36703357555368 8.62763777201932
v 84.99954646043307 -4.626978356447868 15.462438920889774
v 90.11574599620872 -5.287624613889917 56.94898434207065
v 86.24358421601528 24.36703357555368 8.62763777201932
v 90.11574599620872 -5.287624613889917 56.94898434207065
v 90.10750198710411 15.057776159036365 55.926776957309826
v 84.99954646043307 -4.626978356447868 15.462438920889774
v 111.67231945192725 -4.6269537047903775 15.97668125937674
v 105.87264855827925 -5.287670881449868 54.1199467801987
v 84.99954646043307 -4.626978356447868 15.462438920889774
v 105.87264855827925 -5.287670881449868 54.1199467801987
v 90.11574599620872 -5.287624613889917 56.94898434207065
v 106.03346966718618 10.183779823219906 84.20922912323935
v 90.27304294855185 10.480999793976768 87.02165800908885
v 92.38244993464832 8.339403456731333 86.79744957597573
v 106.03346966718618 10.183779823219906 84.20922912323935
v 92.38244993464832 8.339403456731333 86.79744957597573
v 103.92651700441093 8.121663278990585 84.73740710294301
v 105.86454090047027 14.760682051084308 53.11490396516809
v 90.10750198710411 15.057776159036365 55.926776957309826
v 90.27304294855185 10.480999793976768 87.02165800908885
v 105.86454090047027 14.760682051084308 53.11490396516809
v 90.27304294855185 10.480999793976768 87.02165800908885
v 106.03346966718618 10.183779823219906 84.20922912323935
v 90.10750198710411 15.057776159036365 55.926776957309826
v 90.11574599620872 -5.287624613889917 56.94898434207065
v 90.28127646909525 -5.287638790973304 88.0440535730163
v 90.10750198710411 15.057776159036365 55.926776957309826
v 90.28127646909525 -5.287638790973304 88.0440535730163
v 90.27304294855185 10.480999793976768 87.02165800908885
v 90.11574599620872 -5.287624613889917 56.94898434207065
v 105.87264855827925 -5.287670881449868 54.1199467801987
v 106.04156683643396 -5.287673258988272 85.21437620893136
v 90.11574599620872 -5.287624613889917 56.94898434207065
v 106.04156683643396 -5.287673258988272 85.21437620893136
v 90.28127646909525 -5.287638790973304 88.0440535730163
v 90.27304294855185 10.480999793976768 87.02165800908885
v 90.28127646909525 -5.287638790973304 88.0440535730163
v 92.38847036877814 -3.2106704405010267 87.5463133948829
v 90.27304294855185 10.480999793976768 87.02165800908885
v 92.38847036877814 -3.2106704405010267 87.5463133948829
v 92.38244993464832 8.339403456731333 86.79744957597573
v 90.28127646909525 -5.287638790973304 88.0440535730163
v 106.04156683643396 -5.287673258988272 85.21437620893136
v 103.93244304148993 -3.2106916961029817 85.47365315390385
v 90.28127646909525 -5.287638790973304 88.0440535730163
v 103.93244304148993 -3.2106916961029817 85.47365315390385
v 92.38847036877814 -3.2106704405010267 87.5463133948829
v 106.04156683643396 -5.287673258988272 85.21437620893136
v 106.03346966718618 10.183779823219906 84.20922912323935
v 103.92651700441093 8.121663278990585 84.73740710294301
v 106.04156683643396 -5.287673258988272 85.21437620893136
v 103.92651700441093 8.121663278990585 84.73740710294301
v 103.93244304148993 -3.2106916961029817 85.47365315390385
v 83.15905045070849 339.19887362217145 242.93079833978808
v 86.73938899258474 311.0153975365979 243.8321051368291
v 90.67083212069065 292.37396986378894 217.0282337966915
v 83.15905045070849 339.19887362217145 242.93079833978808
v 90.67083212069065 292.37396986378894 217.0282337966915
v 87.6341681487088 311.6973589103334 207.71791332848247
v 77.51079767085002 355.9394952569433 224.2538997062956
v 83.15905045070849 339.19887362217145 242.93079833978808
v 87.6341681487088 311.6973589103334 207.71791332848247
v 77.51079767085002 355.9394952569433 224.2538997062956
v 87.6341681487088 311.6973589103334 207.71791332848247
v 81.43575362385263 341.37862104758824 196.29412548166067
v 74.100053919326 363.508753606291 221.44846038931678
v 76.42697793190564 340.624143316513 243.96190758762194
v 83.15905045070849 339.19887362217145 242.93079833978808
v 74.100053919326 363.508753606291 221.44846038931678
v 83.15905045070849 339.19887362217145 242.93079833978808
v 77.51079767085002 355.9394952569433 224.2538997062956
v 78.94865879316058 312.63216203038536 205.08599765348433
v 78.35282460840972 347.5298047141388 191.406707027922
v 81.43575362385263 341.37862104758824 196.29412548166067
v 78.94865879316058 312.63216203038536 205.08599765348433
v 81.43575362385263 341.37862104758824 196.29412548166067
v 87.6341681487088 311.6973589103334 207.71791332848247
v 78.35282460840972 347.5298047141388 191.406707027922
v 74.100053919326 363.508753606291 221.44846038931678
v 77.51079767085002 355.9394952569433 224.2538997062956
v 78.35282460840972 347.5298047141388 191.406707027922
v 77.51079767085002 355.9394952569433 224.2538997062956
v 81.43575362385263 341.37862104758824 196.29412548166067
v 67.6854544152593 309.98999404391515 245.09402598383872
v 60.751702597387975 310.13213512851627 245.89828881016473
v 58.13636412888172 265.0614245460855 237.50197116283465
v 67.6854544152593 309.98999404391515 245.09402598383872
v 58.13636412888172 265.0614245460855 237.50197116283465
v 67.03829445626752 267.4867362674013 236.33641902475838
v 71.74576525057091 313.56700710468346 202.45410295560222
v 72.36129695325872 350.04739447441193 187.86440503623132
v 78.35282460840972 347.5298047141388 191.406707027922
v 71.74576525057091 313.56700710468346 202.45410295560222
v 78.35282460840972 347.5298047141388 191.406707027922
v 78.94865879316058 312.63216203038536 205.08599765348433
v 86.73938899258474 311.0153975365979 243.8321051368291
v 67.6854544152593 309.98999404391515 245.09402598383872
v 67.03829445626752 267.4867362674013 236.33641902475838
v 86.73938899258474 311.0153975365979 243.8321051368291
v 67.03829445626752 267.4867362674013 236.33641902475838
v 78.2043852460015 269.96975604674805 235.14313512406022
v 72.36129695325872 350.04739447441193 187.86440503623132
v 67.78071677237449 367.21805392844647 219.98213810799786
v 74.100053919326 363.508753606291 221.44846038931678
v 72.36129695325872 350.04739447441193 187.86440503623132
v 74.100053919326 363.508753606291 221.44846038931678
v 78.35282460840972 347.5298047141388 191.406707027922
v 64.13260639229293 288.80368410343823 212.3646635146249
v 71.74576525057091 313.56700710468346 202.45410295560222
v 78.94865879316058 312.63216203038536 205.08599765348433
v 64.13260639229293 288.80368410343823 212.3646635146249
v 78.94865879316058 312.63216203038536 205.08599765348433
v 77.40172187863209 290.5888374721758 214.6964591442176
v 69.43561244735292 343.1628784833748 243.90229026669004
v 60.751702597387975 310.13213512851627 245.89828881016473
v 67.6854544152593 309.98999404391515 245.09402598383872
v 69.43561244735292 343.1628784833748 243.90229026669004
v 67.6854544152593 309.98999404391515 245.09402598383872
v 76.42697793190564 340.624143316513 243.96190758762194
v 67.78071677237449 367.21805392844647 219.98213810799786
v 69.43561244735292 343.1628784833748 243.90229026669004
v 76.42697793190564 340.624143316513 243.96190758762194
v 67.78071677237449 367.21805392844647 219.98213810799786
v 76.42697793190564 340.624143316513 243.96190758762194
v 74.100053919326 363.508753606291 221.44846038931678
v 67.44496219546363 251.8089351369185 207.8036968255951
v 80.63044713906038 253.23391126781246 209.70007038875391
v 71.92904761329146 234.53942602739647 291.1901911920786
v 67.44496219546363 251.8089351369185 207.8036968255951
v 71.92904761329146 234.53942602739647 291.1901911920786
v 59.309782401892335 234.5773730361008 286.69160548727075
v 67.03829445626752 267.4867362674013 236.33641902475838
v 58.13636412888172 265.0614245460855 237.50197116283465
v 46.52004136100004 239.72923080370248 305.62865944245885
v 67.03829445626752 267.4867362674013 236.33641902475838
v 46.52004136100004 239.72923080370248 305.62865944245885
v 55.67570571669876 241.20287369589656 306.32667296854845
v 80.63044713906038 253.23391126781246 209.70007038875391
v 78.2043852460015 269.96975604674805 235.14313512406022
v 65.0492489542421 242.71161131490845 307.0413423245412
v 80.63044713906038 253.23391126781246 209.70007038875391
v 65.0492489542421 242.71161131490845 307.0413423245412
v 71.92904761329146 234.53942602739647 291.1901911920786
v 54.66981598748362 249.822338958069 209.11464133512857
v 67.44496219546363 251.8089351369185 207.8036968255951
v 59.309782401892335 234.5773730361008 286.69160548727075
v 54.66981598748362 249.822338958069 209.11464133512857
v 59.309782401892335 234.5773730361008 286.69160548727075
v 46.39476074172535 233.95414257648716 285.3940657091477
v 78.2043852460015 269.96975604674805 235.14313512406022
v 67.03829445626752 267.4867362674013 236.33641902475838
v 55.67570571669876 241.20287369589656 306.32667296854845
v 78.2043852460015 269.96975604674805 235.14313512406022
v 55.67570571669876 241.20287369589656 306.32667296854845
v 65.0492489542421 242.71161131490845 307.0413423245412
v 58.13636412888172 265.0614245460855 237.50197116283465
v 54.66981598748362 249.822338958069 209.11464133512857
v 46.39476074172535 233.95414257648716 285.3940657091477
v 58.13636412888172 265.0614245460855 237.50197116283465
v 46.39476074172535 233.95414257648716 285.3940657091477
v 46.52004136100004 239.72923080370248 305.62865944245885
v 90.67083212069065 292.37396986378894 217.0282337966915
v 86.73938899258474 311.0153975365979 243.8321051368291
v 78.2043852460015 269.96975604674805 235.14313512406022
v 90.67083212069065 292.37396986378894 217.0282337966915
v 78.2043852460015 269.96975604674805 235.14313512406022
v 80.63044713906038 253.23391126781246 209.70007038875391
v 64.13260639229293 288.80368410343823 212.3646635146249
v 77.40172187863209 290.5888374721758 214.6964591442176
v 67.44496219546363 251.8089351369185 207.8036968255951
v 64.13260639229293 288.80368410343823 212.3646635146249
v 67.44496219546363 251.8089351369185 207.8036968255951
v 54.66981598748362 249.822338958069 209.11464133512857
v 77.40172187863209 290.5888374721758 214.6964591442176
v 90.67083212069065 292.37396986378894 217.0282337966915
v 80.63044713906038 253.23391126781246 209.70007038875391
v 77.40172187863209 290.5888374721758 214.6964591442176
v 80.63044713906038 253.23391126781246 209.70007038875391
v 67.44496219546363 251.8089351369185 207.8036968255951
v 60.751702597387975 310.13213512851627 245.89828881016473
v 64.13260639229293 288.80368410343823 212.3646635146249
v 54.66981598748362 249.822338958069 209.11464133512857
v 60.751702597387975 310.13213512851627 245.89828881016473
v 54.66981598748362 249.822338958069 209.11464133512857
v 58.13636412888172 265.0614245460855 237.50197116283465
v 27.962989259907545 505.79511211002523 299.66566708381595
v 0.000029718922094129543 520.7069082868985 295.6129690791227
v 0.00003160419309736445 543.1713121429583 327.19261729127174
v 27.962989259907545 505.79511211002523 299.66566708381595
v 0.00003160419309736445 543.1713121429583 327.19261729127174
v 22.33399610055585 527.1838927355603 328.7223970153636
v 42.565628283862225 469.8531276272594 344.63506186950997
v 42.207325922507835 482.08862096902095 342.8432783996702
v 52.489286067877856 483.5318503986225 368.5776125242787
v 22.33399610055585 527.1838927355603 328.7223970153636
v 0.00003160419309736445 543.1713121429583 327.19261729127174
v 0.000033009410891793756 546.0933467020907 367.50869390597853
v 22.33399610055585 527.1838927355603 328.7223970153636
v 0.000033009410891793756 546.0933467020907 367.50869390597853
v 38.58049945524499 537.9032488059672 365.4512589114721
v 38.58049945524499 537.9032488059672 365.4512589114721
v 0.000033009410891793756 546.0933467020907 367.50869390597853
v 0.00003337122752291146 540.748462394203 385.2902035463267
v 38.58049945524499 537.9032488059672 365.4512589114721
v 0.00003337122752291146 540.748462394203 385.2902035463267
v 45.69227886667477 535.3657325734719 382.3412405029897
v 42.207325922507835 482.08862096902095 342.8432783996702
v 38.64450327783857 504.9115185540442 335.12040114482505
v 50.04786367693896 505.8968182821095 367.2916700057796
v 42.207325922507835 482.08862096902095 342.8432783996702
v 50.04786367693896 505.8968182821095 367.2916700057796
v 52.489286067877856 483.5318503986225 368.5776125242787
v 45.10971795612477 530.1957964197074 392.3768220747131
v 0.00003354810476188233 539.5031774873627 392.32286766720875
v 0.00003415408660270873 536.5389454010907 414.83622828054786
v 45.10971795612477 530.1957964197074 392.3768220747131
v 0.00003415408660270873 536.5389454010907 414.83622828054786
v 46.45531120554324 535.1703981703677 416.2357800690408
v 46.45531120554324 535.1703981703677 416.2357800690408
v 0.00003415408660270873 536.5389454010907 414.83622828054786
v 0.000034609918342636426 524.9026041776092 443.1889494684245
v 46.45531120554324 535.1703981703677 416.2357800690408
v 0.000034609918342636426 524.9026041776092 443.1889494684245
v 39.221224681939475 520.1145340828457 442.3271260444151
v 38.8324320731715 506.97219962995405 443.07198344701465
v 37.37331063730494 495.5058163622581 481.21854513884836
v 41.385929984832046 473.13770353679917 494.6084966415485
v 38.8324320731715 506.97219962995405 443.07198344701465
v 41.385929984832046 473.13770353679917 494.6084966415485
v 40.17917906432217 472.88278629472217 470.34992384497974
v 27.023652073658013 506.3200701013808 496.88597828460354
v 0.00003589957027265076 510.16131731408007 501.33770057836176
v 0.000035585043771406075 491.57441449406303 514.0811366826742
v 27.023652073658013 506.3200701013808 496.88597828460354
v 0.000035585043771406075 491.57441449406303 514.0811366826742
v 26.191678422010227 492.26644851226905 504.9548300291785
v 33.63811111142468 512.2075058789142 473.10836810876145
v 0.00003535580504814505 516.1241448087445 477.12687087534016
v 0.00003589957027265076 510.16131731408007 501.33770057836176
v 33.63811111142468 512.2075058789142 473.10836810876145
v 0.00003589957027265076 510.16131731408007 501.33770057836176
v 27.023652073658013 506.3200701013808 496.88597828460354
v 38.58049945524499 537.9032488059672 365.4512589114721
v 45.69227886667477 535.3657325734719 382.3412405029897
v 50.04786367693896 505.8968182821095 367.2916700057796
v 40.17917906432217 472.88278629472217 470.34992384497974
v 46.64350745918682 483.12955976040456 432.59622185193837
v 46.690962954344286 506.29362835490053 418.192571813962
v 40.17917906432217 472.88278629472217 470.34992384497974
v 46.690962954344286 506.29362835490053 418.192571813962
v 38.8324320731715 506.97219962995405 443.07198344701465
v 47.45614544825912 515.3384987104646 395.72611522772416
v 45.10971795612477 530.1957964197074 392.3768220747131
v 42.75233253967485 522.6301893002147 404.19306791971565
v 47.45614544825912 515.3384987104646 395.72611522772416
v 42.75233253967485 522.6301893002147 404.19306791971565
v 43.9212721970523 515.2285380003797 405.86158917306165
v 46.45531120554324 535.1703981703677 416.2357800690408
v 39.221224681939475 520.1145340828457 442.3271260444151
v 50.03896413275925 529.0250668110973 418.81840020815855
v 45.10971795612477 530.1957964197074 392.3768220747131
v 46.45531120554324 535.1703981703677 416.2357800690408
v 50.03896413275925 529.0250668110973 418.81840020815855
v 47.45614544825912 515.3384987104646 395.72611522772416
v 46.690962954344286 506.29362835490053 418.192571813962
v 46.64350745918682 483.12955976040456 432.59622185193837
v 47.45614544825912 515.3384987104646 395.72611522772416
v 46.64350745918682 483.12955976040456 432.59622185193837
v 49.663646702995266 480.82949845801295 404.17935449842645
v 33.63811111142468 512.2075058789142 473.10836810876145
v 37.37331063730494 495.5058163622581 481.21854513884836
v 38.8324320731715 506.97219962995405 443.07198344701465
v 33.63811111142468 512.2075058789142 473.10836810876145
v 38.8324320731715 506.97219962995405 443.07198344701465
v 39.221224681939475 520.1145340828457 442.3271260444151
v 50.04786367693896 505.8968182821095 367.2916700057796
v 38.64450327783857 504.9115185540442 335.12040114482505
v 22.33399610055585 527.1838927355603 328.7223970153636
v 50.04786367693896 505.8968182821095 367.2916700057796
v 22.33399610055585 527.1838927355603 328.7223970153636
v 38.58049945524499 537.9032488059672 365.4512589114721
v 26.191678422010227 492.26644851226905 504.9548300291785
v 0.000035585043771406075 491.57441449406303 514.0811366826742
v 0.00003502367634584404 475.21947602213453 516.410270655095
v 26.191678422010227 492.26644851226905 504.9548300291785
v 0.00003502367634584404 475.21947602213453 516.410270655095
v 41.385929984832046 473.13770353679917 494.6084966415485
v 34.59628050931201 437.57331474389736 283.1398788090219
v 33.13675526383918 410.96974738464365 253.00081400763955
v 30.54987226187336 446.82808437861434 277.0442616376881
v 48.781637370134376 507.28668062671176 383.44396960842505
v 47.45614544825912 515.3384987104646 395.72611522772416
v 49.663646702995266 480.82949845801295 404.17935449842645
v 45.10971795612477 530.1957964197074 392.3768220747131
v 50.03896413275925 529.0250668110973 418.81840020815855
v 45.20798528602427 522.0469434089239 419.07897895130907
v 45.10971795612477 530.1957964197074 392.3768220747131
v 45.20798528602427 522.0469434089239 419.07897895130907
v 42.75233253967485 522.6301893002147 404.19306791971565
v 50.04786367693896 505.8968182821095 367.2916700057796
v 45.69227886667477 535.3657325734719 382.3412405029897
v 48.781637370134376 507.28668062671176 383.44396960842505
v 39.221224681939475 520.1145340828457 442.3271260444151
v 0.000034609918342636426 524.9026041776092 443.1889494684245
v 0.00003535580504814505 516.1241448087445 477.12687087534016
v 39.221224681939475 520.1145340828457 442.3271260444151
v 0.00003535580504814505 516.1241448087445 477.12687087534016
v 33.63811111142468 512.2075058789142 473.10836810876145
v 26.191678422010227 492.26644851226905 504.9548300291785
v 37.37331063730494 495.5058163622581 481.21854513884836
v 33.548121878453685 500.5122170003865 486.99900011786383
v 26.191678422010227 492.26644851226905 504.9548300291785
v 33.548121878453685 500.5122170003865 486.99900011786383
v 30.52610256004982 499.5866233564169 493.49863553376275
v 37.37331063730494 495.5058163622581 481.21854513884836
v 26.191678422010227 492.26644851226905 504.9548300291785
v 41.385929984832046 473.13770353679917 494.6084966415485
v 50.04786367693896 505.8968182821095 367.2916700057796
v 48.781637370134376 507.28668062671176 383.44396960842505
v 49.663646702995266 480.82949845801295 404.17935449842645
v 50.04786367693896 505.8968182821095 367.2916700057796
v 49.663646702995266 480.82949845801295 404.17935449842645
v 52.489286067877856 483.5318503986225 368.5776125242787
v 45.69227886667477 535.3657325734719 382.3412405029897
v 0.00003337122752291146 540.748462394203 385.2902035463267
v 0.00003354810476188233 539.5031774873627 392.32286766720875
v 45.69227886667477 535.3657325734719 382.3412405029897
v 0.00003354810476188233 539.5031774873627 392.32286766720875
v 45.10971795612477 530.1957964197074 392.3768220747131
v 48.781637370134376 507.28668062671176 383.44396960842505
v 45.69227886667477 535.3657325734719 382.3412405029897
v 45.10971795612477 530.1957964197074 392.3768220747131
v 48.781637370134376 507.28668062671176 383.44396960842505
v 45.10971795612477 530.1957964197074 392.3768220747131
v 47.45614544825912 515.3384987104646 395.72611522772416
v 41.54055235406872 467.8722530397683 307.5200938975648
v 36.05580837692514 492.6183340925002 306.8795751391629
v 38.64450327783857 504.9115185540442 335.12040114482505
v 41.54055235406872 467.8722530397683 307.5200938975648
v 38.64450327783857 504.9115185540442 335.12040114482505
v 42.207325922507835 482.08862096902095 342.8432783996702
v 42.17511817319746 437.3238168401433 312.7737551967985
v 41.54055235406872 467.8722530397683 307.5200938975648
v 42.207325922507835 482.08862096902095 342.8432783996702
v 42.17511817319746 437.3238168401433 312.7737551967985
v 42.207325922507835 482.08862096902095 342.8432783996702
v 42.565628283862225 469.8531276272594 344.63506186950997
v 45.20798528602427 522.0469434089239 419.07897895130907
v 43.540081173015324 510.722570087817 418.767176536105
v 43.9212721970523 515.2285380003797 405.86158917306165
v 45.20798528602427 522.0469434089239 419.07897895130907
v 43.9212721970523 515.2285380003797 405.86158917306165
v 42.75233253967485 522.6301893002147 404.19306791971565
v 39.62511295241711 511.0606392043392 432.33857709060845
v 43.540081173015324 510.722570087817 418.767176536105
v 45.20798528602427 522.0469434089239 419.07897895130907
v 39.62511295241711 511.0606392043392 432.33857709060845
v 45.20798528602427 522.0469434089239 419.07897895130907
v 39.81879734570953 517.6078505579949 431.9674489740719
v 38.8324320731715 506.97219962995405 443.07198344701465
v 46.690962954344286 506.29362835490053 418.192571813962
v 43.540081173015324 510.722570087817 418.767176536105
v 38.8324320731715 506.97219962995405 443.07198344701465
v 43.540081173015324 510.722570087817 418.767176536105
v 39.62511295241711 511.0606392043392 432.33857709060845
v 39.221224681939475 520.1145340828457 442.3271260444151
v 38.8324320731715 506.97219962995405 443.07198344701465
v 39.62511295241711 511.0606392043392 432.33857709060845
v 39.221224681939475 520.1145340828457 442.3271260444151
v 39.62511295241711 511.0606392043392 432.33857709060845
v 39.81879734570953 517.6078505579949 431.9674489740719
v 50.03896413275925 529.0250668110973 418.81840020815855
v 39.221224681939475 520.1145340828457 442.3271260444151
v 39.81879734570953 517.6078505579949 431.9674489740719
v 50.03896413275925 529.0250668110973 418.81840020815855
v 39.81879734570953 517.6078505579949 431.9674489740719
v 45.20798528602427 522.0469434089239 419.07897895130907
v 46.690962954344286 506.29362835490053 418.192571813962
v 47.45614544825912 515.3384987104646 395.72611522772416
v 43.9212721970523 515.2285380003797 405.86158917306165
v 46.690962954344286 506.29362835490053 418.192571813962
v 43.9212721970523 515.2285380003797 405.86158917306165
v 43.540081173015324 510.722570087817 418.767176536105
v 32.37083857064022 505.0185639313455 484.73808533712776
v 30.62136229502471 503.4122626910136 491.2550899012414
v 28.83491121903262 502.92479623433775 490.4888796200505
v 32.37083857064022 505.0185639313455 484.73808533712776
v 28.83491121903262 502.92479623433775 490.4888796200505
v 30.584384872507826 504.53109747466397 483.9718331016935
v 37.37331063730494 495.5058163622581 481.21854513884836
v 33.63811111142468 512.2075058789142 473.10836810876145
v 32.37083857064022 505.0185639313455 484.73808533712776
v 37.37331063730494 495.5058163622581 481.21854513884836
v 32.37083857064022 505.0185639313455 484.73808533712776
v 33.548121878453685 500.5122170003865 486.99900011786383
v 33.63811111142468 512.2075058789142 473.10836810876145
v 27.023652073658013 506.3200701013808 496.88597828460354
v 30.62136229502471 503.4122626910136 491.2550899012414
v 33.63811111142468 512.2075058789142 473.10836810876145
v 30.62136229502471 503.4122626910136 491.2550899012414
v 32.37083857064022 505.0185639313455 484.73808533712776
v 27.023652073658013 506.3200701013808 496.88597828460354
v 26.191678422010227 492.26644851226905 504.9548300291785
v 30.52610256004982 499.5866233564169 493.49863553376275
v 27.023652073658013 506.3200701013808 496.88597828460354
v 30.52610256004982 499.5866233564169 493.49863553376275
v 30.62136229502471 503.4122626910136 491.2550899012414
v 28.83491121903262 502.92479623433775 490.4888796200505
v 28.73964623977713 499.0991568997467 492.7324672068152
v 31.761665558180994 500.0247505437162 486.23283179091635
v 28.83491121903262 502.92479623433775 490.4888796200505
v 31.761665558180994 500.0247505437162 486.23283179091635
v 30.584384872507826 504.53109747466397 483.9718331016935
v 30.52610256004982 499.5866233564169 493.49863553376275
v 33.548121878453685 500.5122170003865 486.99900011786383
v 31.761665558180994 500.0247505437162 486.23283179091635
v 30.52610256004982 499.5866233564169 493.49863553376275
v 31.761665558180994 500.0247505437162 486.23283179091635
v 28.73964623977713 499.0991568997467 492.7324672068152
v 30.62136229502471 503.4122626910136 491.2550899012414
v 30.52610256004982 499.5866233564169 493.49863553376275
v 28.73964623977713 499.0991568997467 492.7324672068152
v 30.62136229502471 503.4122626910136 491.2550899012414
v 28.73964623977713 499.0991568997467 492.7324672068152
v 28.83491121903262 502.92479623433775 490.4888796200505
v 33.548121878453685 500.5122170003865 486.99900011786383
v 32.37083857064022 505.0185639313455 484.73808533712776
v 30.584384872507826 504.53109747466397 483.9718331016935
v 33.548121878453685 500.5122170003865 486.99900011786383
v 30.584384872507826 504.53109747466397 483.9718331016935
v 31.761665558180994 500.0247505437162 486.23283179091635
v 32.95717536322286 393.9556182336549 -410.91342177432324
v 27.876264591610607 384.69367338752534 -412.5269807299512
v 22.34288777831466 403.5386664664981 -516.4163462265968
v 32.95717536322286 393.9556182336549 -410.91342177432324
v 22.34288777831466 403.5386664664981 -516.4163462265968
v 25.85127741248698 410.0208487454201 -516.7689305588262
v 30.41670162243463 408.679753969109 -408.3481734959589
v 32.95717536322286 393.9556182336549 -410.91342177432324
v 25.85127741248698 410.0208487454201 -516.7689305588262
v 30.41670162243463 408.679753969109 -408.3481734959589
v 25.85127741248698 410.0208487454201 -516.7689305588262
v 24.09707341790977 420.3259016523798 -517.3294406348392
v 27.876264591610607 420.855798673764 -406.2269266328324
v 30.41670162243463 408.679753969109 -408.3481734959589
v 24.09707341790977 420.3259016523798 -517.3294406348392
v 27.876264591610607 420.855798673764 -406.2269266328324
v 24.09707341790977 420.3259016523798 -517.3294406348392
v 22.34288777831466 428.8476894578949 -517.7928683520942
v 0.0000036513232914804693 427.5985589634761 -405.0521667701479
v 27.876264591610607 420.855798673764 -406.2269266328324
v 22.34288777831466 428.8476894578949 -517.7928683520942
v 0.0000036513232914804693 427.5985589634761 -405.0521667701479
v 22.34288777831466 428.8476894578949 -517.7928683520942
v 2.6335033351948534e-7 433.56670271778916 -518.0495450470797
v 2.6335033351948534e-7 433.56670271778916 -518.0495450470797
v 22.34288777831466 428.8476894578949 -517.7928683520942
v 14.079827513360783 429.7441059444259 -665.3944415140228
v 2.6335033351948534e-7 433.56670271778916 -518.0495450470797
v 14.079827513360783 429.7441059444259 -665.3944415140228
v -0.0000044815343926802535 433.198450484143 -665.7106511104325
v 22.34288777831466 428.8476894578949 -517.7928683520942
v 24.09707341790977 420.3259016523798 -517.3294406348392
v 15.366522247350645 423.5063491167072 -664.8236112406177
v 22.34288777831466 428.8476894578949 -517.7928683520942
v 15.366522247350645 423.5063491167072 -664.8236112406177
v 14.079827513360783 429.7441059444259 -665.3944415140228
v 25.85127741248698 410.0208487454201 -516.7689305588262
v 22.34288777831466 403.5386664664981 -516.4163462265968
v 14.079827513360783 411.2183289726405 -663.6987324163474
v 25.85127741248698 410.0208487454201 -516.7689305588262
v 14.079827513360783 411.2183289726405 -663.6987324163474
v 16.65323271418231 415.96314406833 -664.1331272897197
v 24.09707341790977 420.3259016523798 -517.3294406348392
v 25.85127741248698 410.0208487454201 -516.7689305588262
v 16.65323271418231 415.96314406833 -664.1331272897197
v 24.09707341790977 420.3259016523798 -517.3294406348392
v 16.65323271418231 415.96314406833 -664.1331272897197
v 15.366522247350645 423.5063491167072 -664.8236112406177
v 16.65323271418231 415.96314406833 -664.1331272897197
v 14.079827513360783 411.2183289726405 -663.6987324163474
v 8.020801378130784 414.6771085240023 -754.3562309373953
v 16.65323271418231 415.96314406833 -664.1331272897197
v 8.020801378130784 414.6771085240023 -754.3562309373953
v 9.504772837624671 417.3422936647317 -755.2766234865616
v 15.366522247350645 423.5063491167072 -664.8236112406177
v 16.65323271418231 415.96314406833 -664.1331272897197
v 9.504772837624671 417.3422936647317 -755.2766234865616
v 15.366522247350645 423.5063491167072 -664.8236112406177
v 9.504772837624671 417.3422936647317 -755.2766234865616
v 8.762772686106075 419.1974681567006 -756.7328555232316
v 14.079827513360783 429.7441059444259 -665.3944415140228
v 15.366522247350645 423.5063491167072 -664.8236112406177
v 8.762772686106075 419.1974681567006 -756.7328555232316
v 14.079827513360783 429.7441059444259 -665.3944415140228
v 8.762772686106075 419.1974681567006 -756.7328555232316
v 8.020801378130784 421.5965790235511 -761.0949224373531
v -0.000008014204120107408 422.9249759068812 -763.5103123151957
v 8.020801378130784 421.5965790235511 -761.0949224373531
v 3.296852398644319 408.2205529566555 -808.5674056418635
v -0.000008014204120107408 422.9249759068812 -763.5103123151957
v 3.296852398644319 408.2205529566555 -808.5674056418635
v -0.00001009416086846784 408.4273870714949 -810.8372980530032
v 8.020801378130784 421.5965790235511 -761.0949224373531
v 8.762772686106075 419.1974681567006 -756.7328555232316
v 3.804286039678715 407.84707683289355 -804.4684760143275
v 8.020801378130784 421.5965790235511 -761.0949224373531
v 3.804286039678715 407.84707683289355 -804.4684760143275
v 3.296852398644319 408.2205529566555 -808.5674056418635
v 8.762772686106075 419.1974681567006 -756.7328555232316
v 9.504772837624671 417.3422936647317 -755.2766234865616
v 4.311749507559028 407.1372952164361 -802.4373870888804
v 8.762772686106075 419.1974681567006 -756.7328555232316
v 4.311749507559028 407.1372952164361 -802.4373870888804
v 3.804286039678715 407.84707683289355 -804.4684760143275
v 9.504772837624671 417.3422936647317 -755.2766234865616
v 8.020801378130784 414.6771085240023 -754.3562309373953
v 3.296852398644319 405.8602922553171 -800.2149028289632
v 9.504772837624671 417.3422936647317 -755.2766234865616
v 3.296852398644319 405.8602922553171 -800.2149028289632
v 4.311749507559028 407.1372952164361 -802.4373870888804
v 4.311749507559028 407.1372952164361 -802.4373870888804
v 3.297148700498269 405.15730625919247 -805.3816517141482
v 3.2971490282658067 406.3205291903511 -808.5116901513817
v 4.311749507559028 407.1372952164361 -802.4373870888804
v 3.2971490282658067 406.3205291903511 -808.5116901513817
v 3.804286039678715 407.84707683289355 -804.4684760143275
v 3.804286039678715 407.84707683289355 -804.4684760143275
v 3.2971490282658067 406.3205291903511 -808.5116901513817
v 3.296852398644319 408.2205529566555 -808.5674056418635
v 3.296852398644319 405.8602922553171 -800.2149028289632
v 3.297148700498269 405.15730625919247 -805.3816517141482
v 4.311749507559028 407.1372952164361 -802.4373870888804
v 3.296852398644319 408.2205529566555 -808.5674056418635
v 3.2971490282658067 406.3205291903511 -808.5116901513817
v -0.000010231661341004073 405.20706320733984 -811.2204237707891
v 3.296852398644319 408.2205529566555 -808.5674056418635
v -0.000010231661341004073 405.20706320733984 -811.2204237707891
v -0.00001009416086846784 408.4273870714949 -810.8372980530032
v 3.2971490282658067 406.3205291903511 -808.5116901513817
v 3.297148700498269 405.15730625919247 -805.3816517141482
v -0.000010127390993306166 403.6833696823878 -806.116186409053
v 3.2971490282658067 406.3205291903511 -808.5116901513817
v -0.000010127390993306166 403.6833696823878 -806.116186409053
v -0.000010231661341004073 405.20706320733984 -811.2204237707891
v 43.30826561547383 205.49270306174577 319.120057900257
v 48.70328257367646 204.7690345548732 320.88425490836465
v 55.67570571669876 241.20287369589656 306.32667296854845
v 43.30826561547383 205.49270306174577 319.120057900257
v 55.67570571669876 241.20287369589656 306.32667296854845
v 46.52004136100004 239.72923080370248 305.62865944245885
v 54.88638904345862 177.76292022089484 320.4449137002933
v 61.06423549979809 181.52476656702896 306.5801265710358
v 58.228883727242646 200.88421710859978 310.8368224794753
v 54.88638904345862 177.76292022089484 320.4449137002933
v 58.228883727242646 200.88421710859978 310.8368224794753
v 54.22668476526951 204.02810188249597 322.69044811640634
v 46.77789214958466 220.18186666433587 297.33995100008786
v 46.39476074172535 233.95414257648716 285.3940657091477
v 59.309782401892335 234.5773730361008 286.69160548727075
v 46.77789214958466 220.18186666433587 297.33995100008786
v 59.309782401892335 234.5773730361008 286.69160548727075
v 56.96039713549908 221.8208722173013 298.11629307633336
v 50.813103857940405 201.87888896172947 308.4117202391311
v 44.81301753684875 202.6838228114225 306.44962505412326
v 46.77789214958466 220.18186666433587 297.33995100008786
v 50.813103857940405 201.87888896172947 308.4117202391311
v 46.77789214958466 220.18186666433587 297.33995100008786
v 56.96039713549908 221.8208722173013 298.11629307633336
v 56.96039713549908 221.8208722173013 298.11629307633336
v 59.309782401892335 234.5773730361008 286.69160548727075
v 71.92904761329146 234.53942602739647 291.1901911920786
v 56.96039713549908 221.8208722173013 298.11629307633336
v 71.92904761329146 234.53942602739647 291.1901911920786
v 69.54545390453859 223.8465071246667 299.07582830431176
v 48.70328257367646 204.7690345548732 320.88425490836465
v 43.30826561547383 205.49270306174577 319.120057900257
v 30.79483785302159 182.64366602408793 312.26247207424825
v 48.70328257367646 204.7690345548732 320.88425490836465
v 30.79483785302159 182.64366602408793 312.26247207424825
v 40.473435648838176 180.283656311661 315.13302367703034
v 44.81301753684875 202.6838228114225 306.44962505412326
v 43.30826561547383 205.49270306174577 319.120057900257
v 46.52004136100004 239.72923080370248 305.62865944245885
v 44.81301753684875 202.6838228114225 306.44962505412326
v 46.52004136100004 239.72923080370248 305.62865944245885
v 46.77789214958466 220.18186666433587 297.33995100008786
v 30.79483785302159 182.64366602408793 312.26247207424825
v 43.30826561547383 205.49270306174577 319.120057900257
v 44.81301753684875 202.6838228114225 306.44962505412326
v 30.79483785302159 182.64366602408793 312.26247207424825
v 44.81301753684875 202.6838228114225 306.44962505412326
v 35.77963407192101 186.64209229375848 297.9895750108118
v 40.473435648838176 180.283656311661 315.13302367703034
v 54.88638904345862 177.76292022089484 320.4449137002933
v 54.22668476526951 204.02810188249597 322.69044811640634
v 40.473435648838176 180.283656311661 315.13302367703034
v 54.22668476526951 204.02810188249597 322.69044811640634
v 48.70328257367646 204.7690345548732 320.88425490836465
v 40.473435648838176 180.283656311661 315.13302367703034
v 30.79483785302159 182.64366602408793 312.26247207424825
v 31.853356560206976 153.8256173677852 282.26756235062413
v 40.473435648838176 180.283656311661 315.13302367703034
v 31.853356560206976 153.8256173677852 282.26756235062413
v 41.011976068024296 151.61390529561035 284.2337902176171
v 58.228883727242646 200.88421710859978 310.8368224794753
v 50.813103857940405 201.87888896172947 308.4117202391311
v 56.96039713549908 221.8208722173013 298.11629307633336
v 58.228883727242646 200.88421710859978 310.8368224794753
v 56.96039713549908 221.8208722173013 298.11629307633336
v 69.54545390453859 223.8465071246667 299.07582830431176
v 71.92904761329146 234.53942602739647 291.1901911920786
v 65.0492489542421 242.71161131490845 307.0413423245412
v 69.54545390453859 223.8465071246667 299.07582830431176
v 35.77963407192101 186.64209229375848 297.9895750108118
v 44.81301753684875 202.6838228114225 306.44962505412326
v 50.813103857940405 201.87888896172947 308.4117202391311
v 35.77963407192101 186.64209229375848 297.9895750108118
v 50.813103857940405 201.87888896172947 308.4117202391311
v 45.40113214055509 184.21747306462052 300.9946948578875
v 43.9647971038994 160.64242658117942 281.09139519893836
v 41.011976068024296 151.61390529561035 284.2337902176171
v 41.72076419049745 150.93656317900798 274.216312687542
v 43.9647971038994 160.64242658117942 281.09139519893836
v 41.72076419049745 150.93656317900798 274.216312687542
v 43.99985511971636 157.87332988099269 271.68728898799446
v 45.40113214055509 184.21747306462052 300.9946948578875
v 40.473435648838176 180.283656311661 315.13302367703034
v 41.011976068024296 151.61390529561035 284.2337902176171
v 45.40113214055509 184.21747306462052 300.9946948578875
v 41.011976068024296 151.61390529561035 284.2337902176171
v 43.9647971038994 160.64242658117942 281.09139519893836
v 30.79483785302159 182.64366602408793 312.26247207424825
v 35.77963407192101 186.64209229375848 297.9895750108118
v 34.849922762714414 162.98765802649052 279.0775912020231
v 30.79483785302159 182.64366602408793 312.26247207424825
v 34.849922762714414 162.98765802649052 279.0775912020231
v 31.853356560206976 153.8256173677852 282.26756235062413
v 35.77963407192101 186.64209229375848 297.9895750108118
v 45.40113214055509 184.21747306462052 300.9946948578875
v 43.9647971038994 160.64242658117942 281.09139519893836
v 35.77963407192101 186.64209229375848 297.9895750108118
v 43.9647971038994 160.64242658117942 281.09139519893836
v 34.849922762714414 162.98765802649052 279.0775912020231
v 41.72076419049745 150.93656317900798 274.216312687542
v 32.56017021103389 153.1486738164413 272.24968625518346
v 34.09517114291475 153.79311195998724 272.16219059404705
v 41.72076419049745 150.93656317900798 274.216312687542
v 34.09517114291475 153.79311195998724 272.16219059404705
v 40.80506297691613 152.17281829741475 273.60266878077283
v 41.011976068024296 151.61390529561035 284.2337902176171
v 31.853356560206976 153.8256173677852 282.26756235062413
v 32.56017021103389 153.1486738164413 272.24968625518346
v 41.011976068024296 151.61390529561035 284.2337902176171
v 32.56017021103389 153.1486738164413 272.24968625518346
v 41.72076419049745 150.93656317900798 274.216312687542
v 31.853356560206976 153.8256173677852 282.26756235062413
v 34.849922762714414 162.98765802649052 279.0775912020231
v 34.88305088327024 160.2190228229189 269.6730234943401
v 31.853356560206976 153.8256173677852 282.26756235062413
v 34.88305088327024 160.2190228229189 269.6730234943401
v 32.56017021103389 153.1486738164413 272.24968625518346
v 34.849922762714414 162.98765802649052 279.0775912020231
v 43.9647971038994 160.64242658117942 281.09139519893836
v 43.99985511971636 157.87332988099269 271.68728898799446
v 34.849922762714414 162.98765802649052 279.0775912020231
v 43.99985511971636 157.87332988099269 271.68728898799446
v 34.88305088327024 160.2190228229189 269.6730234943401
v 32.56017021103389 153.1486738164413 272.24968625518346
v 34.88305088327024 160.2190228229189 269.6730234943401
v 35.796612430366395 158.9719120424474 270.2748153288155
v 32.56017021103389 153.1486738164413 272.24968625518346
v 35.796612430366395 158.9719120424474 270.2748153288155
v 34.09517114291475 153.79311195998724 272.16219059404705
v 34.88305088327024 160.2190228229189 269.6730234943401
v 43.99985511971636 157.87332988099269 271.68728898799446
v 42.474430244212726 157.25379157758712 271.7502204362916
v 34.88305088327024 160.2190228229189 269.6730234943401
v 42.474430244212726 157.25379157758712 271.7502204362916
v 35.796612430366395 158.9719120424474 270.2748153288155
v 43.99985511971636 157.87332988099269 271.68728898799446
v 41.72076419049745 150.93656317900798 274.216312687542
v 40.80506297691613 152.17281829741475 273.60266878077283
v 43.99985511971636 157.87332988099269 271.68728898799446
v 40.80506297691613 152.17281829741475 273.60266878077283
v 42.474430244212726 157.25379157758712 271.7502204362916
v 54.88638904345862 177.76292022089484 320.4449137002933
v 40.473435648838176 180.283656311661 315.13302367703034
v 52.34996126515398 147.71059807387297 285.7769726988584
v 54.88638904345862 177.76292022089484 320.4449137002933
v 52.34996126515398 147.71059807387297 285.7769726988584
v 60.993248917584424 148.39984404327564 290.8542751390224
v 48.70328257367646 204.7690345548732 320.88425490836465
v 54.22668476526951 204.02810188249597 322.69044811640634
v 65.0492489542421 242.71161131490845 307.0413423245412
v 48.70328257367646 204.7690345548732 320.88425490836465
v 65.0492489542421 242.71161131490845 307.0413423245412
v 55.67570571669876 241.20287369589656 306.32667296854845
v 45.40113214055509 184.21747306462052 300.9946948578875
v 50.813103857940405 201.87888896172947 308.4117202391311
v 58.228883727242646 200.88421710859978 310.8368224794753
v 45.40113214055509 184.21747306462052 300.9946948578875
v 58.228883727242646 200.88421710859978 310.8368224794753
v 61.06423549979809 181.52476656702896 306.5801265710358
v 62.721737582235164 157.8772126814162 286.8177512253122
v 60.993248917584424 148.39984404327564 290.8542751390224
v 67.0969936890333 144.8282879380584 277.0435260605344
v 62.721737582235164 157.8772126814162 286.8177512253122
v 67.0969936890333 144.8282879380584 277.0435260605344
v 68.47370125525686 152.0994088909947 273.8327878155265
v 61.06423549979809 181.52476656702896 306.5801265710358
v 54.88638904345862 177.76292022089484 320.4449137002933
v 60.993248917584424 148.39984404327564 290.8542751390224
v 61.06423549979809 181.52476656702896 306.5801265710358
v 60.993248917584424 148.39984404327564 290.8542751390224
v 62.721737582235164 157.8772126814162 286.8177512253122
v 40.473435648838176 180.283656311661 315.13302367703034
v 45.40113214055509 184.21747306462052 300.9946948578875
v 54.104487782988144 157.32799947965754 281.67965706768894
v 40.473435648838176 180.283656311661 315.13302367703034
v 54.104487782988144 157.32799947965754 281.67965706768894
v 52.34996126515398 147.71059807387297 285.7769726988584
v 45.40113214055509 184.21747306462052 300.9946948578875
v 61.06423549979809 181.52476656702896 306.5801265710358
v 62.721737582235164 157.8772126814162 286.8177512253122
v 45.40113214055509 184.21747306462052 300.9946948578875
v 62.721737582235164 157.8772126814162 286.8177512253122
v 54.104487782988144 157.32799947965754 281.67965706768894
v 67.0969936890333 144.8282879380584 277.0435260605344
v 58.45184956127014 144.1389161057819 271.96515378718146
v 59.79815603285033 145.21610182469354 272.20181752930836
v 67.0969936890333 144.8282879380584 277.0435260605344
v 59.79815603285033 145.21610182469354 272.20181752930836
v 66.13048326285025 145.72109506337722 275.92160654146966
v 60.993248917584424 148.39984404327564 290.8542751390224
v 52.34996126515398 147.71059807387297 285.7769726988584
v 58.45184956127014 144.1389161057819 271.96515378718146
v 60.993248917584424 148.39984404327564 290.8542751390224
v 58.45184956127014 144.1389161057819 271.96515378718146
v 67.0969936890333 144.8282879380584 277.0435260605344
v 52.34996126515398 147.71059807387297 285.7769726988584
v 54.104487782988144 157.32799947965754 281.67965706768894
v 59.85461071351892 151.55009080347824 268.69358187046794
v 52.34996126515398 147.71059807387297 285.7769726988584
v 59.85461071351892 151.55009080347824 268.69358187046794
v 58.45184956127014 144.1389161057819 271.96515378718146
v 54.104487782988144 157.32799947965754 281.67965706768894
v 62.721737582235164 157.8772126814162 286.8177512253122
v 68.47370125525686 152.0994088909947 273.8327878155265
v 54.104487782988144 157.32799947965754 281.67965706768894
v 68.47370125525686 152.0994088909947 273.8327878155265
v 59.85461071351892 151.55009080347824 268.69358187046794
v 58.45184956127014 144.1389161057819 271.96515378718146
v 59.85461071351892 151.55009080347824 268.69358187046794
v 60.82563122101874 150.6445086097057 269.80547432708346
v 58.45184956127014 144.1389161057819 271.96515378718146
v 60.82563122101874 150.6445086097057 269.80547432708346
v 59.79815603285033 145.21610182469354 272.20181752930836
v 59.85461071351892 151.55009080347824 268.69358187046794
v 68.47370125525686 152.0994088909947 273.8327878155265
v 67.13887451391201 151.04691324076978 273.5697977823669
v 59.85461071351892 151.55009080347824 268.69358187046794
v 67.13887451391201 151.04691324076978 273.5697977823669
v 60.82563122101874 150.6445086097057 269.80547432708346
v 68.47370125525686 152.0994088909947 273.8327878155265
v 67.0969936890333 144.8282879380584 277.0435260605344
v 66.13048326285025 145.72109506337722 275.92160654146966
v 68.47370125525686 152.0994088909947 273.8327878155265
v 66.13048326285025 145.72109506337722 275.92160654146966
v 67.13887451391201 151.04691324076978 273.5697977823669
v 54.22668476526951 204.02810188249597 322.69044811640634
v 58.228883727242646 200.88421710859978 310.8368224794753
v 69.54545390453859 223.8465071246667 299.07582830431176
v 54.22668476526951 204.02810188249597 322.69044811640634
v 69.54545390453859 223.8465071246667 299.07582830431176
v 65.0492489542421 242.71161131490845 307.0413423245412
v 46.52004136100004 239.72923080370248 305.62865944245885
v 46.39476074172535 233.95414257648716 285.3940657091477
v 46.77789214958466 220.18186666433587 297.33995100008786
v 41.164618721334136 424.95989793450565 287.58617023909346
v 34.59628050931201 437.57331474389736 283.1398788090219
v 36.05580837692514 492.6183340925002 306.8795751391629
v 41.164618721334136 424.95989793450565 287.58617023909346
v 36.05580837692514 492.6183340925002 306.8795751391629
v 41.54055235406872 467.8722530397683 307.5200938975648
v 41.954944918589945 395.3769124982856 290.718268252699
v 41.164618721334136 424.95989793450565 287.58617023909346
v 41.54055235406872 467.8722530397683 307.5200938975648
v 41.954944918589945 395.3769124982856 290.718268252699
v 41.54055235406872 467.8722530397683 307.5200938975648
v 42.17511817319746 437.3238168401433 312.7737551967985
v 38.64450327783857 504.9115185540442 335.12040114482505
v 36.05580837692514 492.6183340925002 306.8795751391629
v 27.962989259907545 505.79511211002523 299.66566708381595
v 38.64450327783857 504.9115185540442 335.12040114482505
v 27.962989259907545 505.79511211002523 299.66566708381595
v 22.33399610055585 527.1838927355603 328.7223970153636
v 30.54987226187336 446.82808437861434 277.0442616376881
v 0.000026547955217432525 455.1965293668437 276.1509078320909
v 0.000029718922094129543 520.7069082868985 295.6129690791227
v 30.54987226187336 446.82808437861434 277.0442616376881
v 0.000029718922094129543 520.7069082868985 295.6129690791227
v 27.962989259907545 505.79511211002523 299.66566708381595
v 40.78868771073985 381.33650001977634 250.58740013920652
v 33.13675526383918 410.96974738464365 253.00081400763955
v 34.59628050931201 437.57331474389736 283.1398788090219
v 40.78868771073985 381.33650001977634 250.58740013920652
v 34.59628050931201 437.57331474389736 283.1398788090219
v 41.164618721334136 424.95989793450565 287.58617023909346
v 41.73476641970183 353.4299662021873 268.6628022857268
v 40.78868771073985 381.33650001977634 250.58740013920652
v 41.164618721334136 424.95989793450565 287.58617023909346
v 41.73476641970183 353.4299662021873 268.6628022857268
v 41.164618721334136 424.95989793450565 287.58617023909346
v 41.954944918589945 395.3769124982856 290.718268252699
v 33.13675526383918 410.96974738464365 253.00081400763955
v 0.000024464206206264603 422.03840932952284 251.3560593404679
v 0.000026547955217432525 455.1965293668437 276.1509078320909
v 33.13675526383918 410.96974738464365 253.00081400763955
v 0.000026547955217432525 455.1965293668437 276.1509078320909
v 30.54987226187336 446.82808437861434 277.0442616376881
v 36.05580837692514 492.6183340925002 306.8795751391629
v 34.59628050931201 437.57331474389736 283.1398788090219
v 30.54987226187336 446.82808437861434 277.0442616376881
v 36.05580837692514 492.6183340925002 306.8795751391629
v 30.54987226187336 446.82808437861434 277.0442616376881
v 27.962989259907545 505.79511211002523 299.66566708381595
v 0.000022221049621785633 415.23736645515044 189.5926803559316
v -54.13170559930677 394.480755616335 184.70706954995853
v -33.13670806531377 410.96974738464365 253.00081400763955
v 0.000022221049621785633 415.23736645515044 189.5926803559316
v -33.13670806531377 410.96974738464365 253.00081400763955
v 0.000024464206206264603 422.03840932952284 251.3560593404679
v -67.78067481812968 367.21805392844647 219.98213810799786
v -69.43557049310812 343.1628784833748 243.90229026669004
v -41.73472446545702 353.4299662021873 268.6628022857268
v -67.78067481812968 367.21805392844647 219.98213810799786
v -41.73472446545702 353.4299662021873 268.6628022857268
v -40.78864051221444 381.33650001977634 250.58740013920652
v 0.000022221049621785633 415.23736645515044 189.5926803559316
v 0.000020072845896563617 413.7440383507651 124.3507275005073
v -60.030865740234276 394.73163331278107 120.11205089296703
v 0.000022221049621785633 415.23736645515044 189.5926803559316
v -60.030865740234276 394.73163331278107 120.11205089296703
v -54.13170559930677 394.480755616335 184.70706954995853
v -76.42693597766083 340.624143316513 243.96190758762194
v -83.15900849646368 339.19887362217423 242.93081931690978
v -86.73934703833993 311.01539753660074 243.8321261139508
v -76.42693597766083 340.624143316513 243.96190758762194
v -86.73934703833993 311.01539753660074 243.8321261139508
v -67.6854124610145 309.98999404391515 245.09402598383872
v -77.40167992438728 290.5888374721758 214.6964591442176
v -90.67081114356824 292.37396986379173 217.0282547738132
v -87.63412619446399 311.6973589103362 207.71793430560413
v -77.40167992438728 290.5888374721758 214.6964591442176
v -87.63412619446399 311.6973589103362 207.71793430560413
v -78.94861683891577 312.63216203038536 205.08599765348433
v -54.13170559930677 394.480755616335 184.70706954995853
v -60.030865740234276 394.73163331278107 120.11205089296703
v -72.36125499901391 350.04739447441193 187.86440503623132
v -54.13170559930677 394.480755616335 184.70706954995853
v -72.36125499901391 350.04739447441193 187.86440503623132
v -67.78067481812968 367.21805392844647 219.98213810799786
v -54.13170559930677 394.480755616335 184.70706954995853
v -67.78067481812968 367.21805392844647 219.98213810799786
v -40.78864051221444 381.33650001977634 250.58740013920652
v -54.13170559930677 394.480755616335 184.70706954995853
v -40.78864051221444 381.33650001977634 250.58740013920652
v -33.13670806531377 410.96974738464365 253.00081400763955
v -72.36125499901391 350.04739447441193 187.86440503623132
v -83.76010269465723 355.9046526195926 70.81889329700323
v -85.08627112873 289.4457351151876 87.85630019957271
v -72.36125499901391 350.04739447441193 187.86440503623132
v -85.08627112873 289.4457351151876 87.85630019957271
v -71.7457232963261 313.56700710468346 202.45410295560222
v 0.000020072845896563617 413.7440383507651 124.3507275005073
v 0.0000177903463046661 410.5467383665244 56.98507205170344
v -69.78241147920926 390.06618694620835 55.799384954414734
v 0.000020072845896563617 413.7440383507651 124.3507275005073
v -69.78241147920926 390.06618694620835 55.799384954414734
v -60.030865740234276 394.73163331278107 120.11205089296703
v -60.030865740234276 394.73163331278107 120.11205089296703
v -69.78241147920926 390.06618694620835 55.799384954414734
v -83.76010269465723 355.9046526195926 70.81889329700323
v -60.030865740234276 394.73163331278107 120.11205089296703
v -83.76010269465723 355.9046526195926 70.81889329700323
v -72.36125499901391 350.04739447441193 187.86440503623132
v -71.7457232963261 313.56700710468346 202.45410295560222
v -85.08627112873 289.4457351151876 87.85630019957271
v -70.0921963785845 238.56509668140484 84.34455856014216
v -71.7457232963261 313.56700710468346 202.45410295560222
v -70.0921963785845 238.56509668140484 84.34455856014216
v -64.13256443804812 288.80368410343823 212.3646635146249
v -92.99833824841699 363.8928168762008 14.330356413088948
v -110.21719940215917 355.4150383729696 9.59120622095443
v -102.01646610107673 345.892775085637 64.83221290722724
v -92.99833824841699 363.8928168762008 14.330356413088948
v -102.01646610107673 345.892775085637 64.83221290722724
v -83.76010269465723 355.9046526195926 70.81889329700323
v -87.65650353978799 342.02761980529544 -52.19892819735385
v -105.19885289811555 337.3808734737016 -46.40414454724125
v -110.21719940215917 355.4150383729696 9.59120622095443
v -87.65650353978799 342.02761980529544 -52.19892819735385
v -110.21719940215917 355.4150383729696 9.59120622095443
v -92.99833824841699 363.8928168762008 14.330356413088948
v -69.78241147920926 390.06618694620835 55.799384954414734
v -79.22282453869457 383.7940624838333 3.4571773703013258
v -92.99833824841699 363.8928168762008 14.330356413088948
v -69.78241147920926 390.06618694620835 55.799384954414734
v -92.99833824841699 363.8928168762008 14.330356413088948
v -83.76010269465723 355.9046526195926 70.81889329700323
v 0.0000177903463046661 410.5467383665244 56.98507205170344
v 0.000016019710917402783 407.25126761551405 5.7160011702786955
v -79.22282453869457 383.7940624838333 3.4571773703013258
v 0.0000177903463046661 410.5467383665244 56.98507205170344
v -79.22282453869457 383.7940624838333 3.4571773703013258
v -69.78241147920926 390.06618694620835 55.799384954414734
v -85.08627112873 289.4457351151876 87.85630019957271
v -107.99079251585681 281.93273597174846 79.98546489281513
v -111.71102224276183 236.33354951638142 77.19866040354474
v -85.08627112873 289.4457351151876 87.85630019957271
v -111.71102224276183 236.33354951638142 77.19866040354474
v -70.0921963785845 238.56509668140484 84.34455856014216
v -86.72645135234234 237.56671797686533 -23.963587754907703
v -115.56715225715834 232.90400789109458 -19.39368970355195
v -113.64082310683898 277.1840035186754 -35.782003794151244
v -86.72645135234234 237.56671797686533 -23.963587754907703
v -113.64082310683898 277.1840035186754 -35.782003794151244
v -95.86286919823579 288.1813425392309 -42.71552610394183
v -79.22282453869457 383.7940624838333 3.4571773703013258
v -80.00456322646642 375.3036902325005 -56.91723274053252
v -87.65650353978799 342.02761980529544 -52.19892819735385
v -79.22282453869457 383.7940624838333 3.4571773703013258
v -87.65650353978799 342.02761980529544 -52.19892819735385
v -92.99833824841699 363.8928168762008 14.330356413088948
v 0.000016019710917402783 407.25126761551405 5.7160011702786955
v 0.00001387713869619822 394.02904535377417 -45.11348230391751
v -80.00456322646642 375.3036902325005 -56.91723274053252
v 0.000016019710917402783 407.25126761551405 5.7160011702786955
v -80.00456322646642 375.3036902325005 -56.91723274053252
v -79.22282453869457 383.7940624838333 3.4571773703013258
v -95.86286919823579 288.1813425392309 -42.71552610394183
v -65.4846920610953 316.25363443327956 -84.15447549687549
v -51.80008795558933 291.71925534045215 -77.20358755578839
v -95.86286919823579 288.1813425392309 -42.71552610394183
v -51.80008795558933 291.71925534045215 -77.20358755578839
v -86.72645135234234 237.56671797686533 -23.963587754907703
v -87.65650353978799 342.02761980529544 -52.19892819735385
v -57.674925123089906 343.7973917251532 -88.70851791850839
v -65.4846920610953 316.25363443327956 -84.15447549687549
v -87.65650353978799 342.02761980529544 -52.19892819735385
v -65.4846920610953 316.25363443327956 -84.15447549687549
v -95.86286919823579 288.1813425392309 -42.71552610394183
v -80.00456322646642 375.3036902325005 -56.91723274053252
v -50.023011031171336 375.69079700715855 -94.34630196219557
v -57.674925123089906 343.7973917251532 -88.70851791850839
v -80.00456322646642 375.3036902325005 -56.91723274053252
v -57.674925123089906 343.7973917251532 -88.70851791850839
v -87.65650353978799 342.02761980529544 -52.19892819735385
v 0.00001387713869619822 394.02904535377417 -45.11348230391751
v 0.000012531524320177423 393.4692862866101 -86.43645058836242
v -50.023011031171336 375.69079700715855 -94.34630196219557
v 0.00001387713869619822 394.02904535377417 -45.11348230391751
v -50.023011031171336 375.69079700715855 -94.34630196219557
v -80.00456322646642 375.3036902325005 -56.91723274053252
v -65.4846920610953 316.25363443327956 -84.15447549687549
v -55.45717129977902 342.75354109053217 -148.8640327650597
v -44.777581932828525 325.73801158471883 -150.21820856928315
v -65.4846920610953 316.25363443327956 -84.15447549687549
v -44.777581932828525 325.73801158471883 -150.21820856928315
v -51.80008795558933 291.71925534045215 -77.20358755578839
v -57.674925123089906 343.7973917251532 -88.70851791850839
v -50.11736612774257 366.21152232779025 -146.9619039423277
v -55.45717129977902 342.75354109053217 -148.8640327650597
v -57.674925123089906 343.7973917251532 -88.70851791850839
v -55.45717129977902 342.75354109053217 -148.8640327650597
v -65.4846920610953 316.25363443327956 -84.15447549687549
v -50.023011031171336 375.69079700715855 -94.34630196219557
v -44.77757144426732 388.0749695932446 -145.21696696670654
v -50.11736612774257 366.21152232779025 -146.9619039423277
v -50.023011031171336 375.69079700715855 -94.34630196219557
v -50.11736612774257 366.21152232779025 -146.9619039423277
v -57.674925123089906 343.7973917251532 -88.70851791850839
v 0.000012531524320177423 393.4692862866101 -86.43645058836242
v 0.000011156755907927736 405.444865612717 -143.88493256203446
v -44.77757144426732 388.0749695932446 -145.21696696670654
v 0.000012531524320177423 393.4692862866101 -86.43645058836242
v -44.77757144426732 388.0749695932446 -145.21696696670654
v -50.023011031171336 375.69079700715855 -94.34630196219557
v -55.45717129977902 342.75354109053217 -148.8640327650597
v -36.44606413998076 364.9174702643178 -261.4384200478106
v -29.83331998197059 352.86309286828566 -263.5384800343819
v -55.45717129977902 342.75354109053217 -148.8640327650597
v -29.83331998197059 352.86309286828566 -263.5384800343819
v -44.777581932828525 325.73801158471883 -150.21820856928315
v -50.11736612774257 366.21152232779025 -146.9619039423277
v -33.139684194554775 384.0808265490165 -258.0998297978355
v -36.44606413998076 364.9174702643178 -261.4384200478106
v -50.11736612774257 366.21152232779025 -146.9619039423277
v -36.44606413998076 364.9174702643178 -261.4384200478106
v -55.45717129977902 342.75354109053217 -148.8640327650597
v -44.77757144426732 388.0749695932446 -145.21696696670654
v -29.83331735983029 399.92778372609337 -255.3389700106145
v -33.139684194554775 384.0808265490165 -258.0998297978355
v -44.77757144426732 388.0749695932446 -145.21696696670654
v -33.139684194554775 384.0808265490165 -258.0998297978355
v -50.11736612774257 366.21152232779025 -146.9619039423277
v 0.000011156755907927736 405.444865612717 -143.88493256203446
v 0.000007761845472160174 408.70347888018233 -253.810032698534
v -29.83331735983029 399.92778372609337 -255.3389700106145
v 0.000011156755907927736 405.444865612717 -143.88493256203446
v -29.83331735983029 399.92778372609337 -255.3389700106145
v -44.77757144426732 388.0749695932446 -145.21696696670654
v -29.83331735983029 399.92778372609337 -255.3389700106145
v -27.876259347330006 420.855798673764 -406.2269266328324
v -30.41669637815403 408.679753969109 -408.3481734959589
v -29.83331735983029 399.92778372609337 -255.3389700106145
v -30.41669637815403 408.679753969109 -408.3481734959589
v -33.139684194554775 384.0808265490165 -258.0998297978355
v -33.139684194554775 384.0808265490165 -258.0998297978355
v -30.41669637815403 408.679753969109 -408.3481734959589
v -32.95717011894226 393.9556182336549 -410.91342177432324
v -33.139684194554775 384.0808265490165 -258.0998297978355
v -32.95717011894226 393.9556182336549 -410.91342177432324
v -36.44606413998076 364.9174702643178 -261.4384200478106
v 0.000007761845472160174 408.70347888018233 -253.810032698534
v 0.0000036513232914804693 427.5985589634761 -405.0521667701479
v -27.876259347330006 420.855798673764 -406.2269266328324
v 0.000007761845472160174 408.70347888018233 -253.810032698534
v -27.876259347330006 420.855798673764 -406.2269266328324
v -29.83331735983029 399.92778372609337 -255.3389700106145
v -36.44606413998076 364.9174702643178 -261.4384200478106
v -32.95717011894226 393.9556182336549 -410.91342177432324
v -27.876259347330006 384.69367338752534 -412.5269807299512
v -36.44606413998076 364.9174702643178 -261.4384200478106
v -27.876259347330006 384.69367338752534 -412.5269807299512
v -29.83331998197059 352.86309286828566 -263.5384800343819
v -107.99079251585681 281.93273597174846 79.98546489281513
v -116.11996236385949 278.6701992406788 28.261599520261864
v -120.09868268158243 224.85725473364556 38.583598758538095
v -107.99079251585681 281.93273597174846 79.98546489281513
v -120.09868268158243 224.85725473364556 38.583598758538095
v -111.71102224276183 236.33354951638142 77.19866040354474
v -102.01646610107673 345.892775085637 64.83221290722724
v -110.21719940215917 355.4150383729696 9.59120622095443
v -116.11996236385949 278.6701992406788 28.261599520261864
v -102.01646610107673 345.892775085637 64.83221290722724
v -116.11996236385949 278.6701992406788 28.261599520261864
v -107.99079251585681 281.93273597174846 79.98546489281513
v -116.11996236385949 278.6701992406788 28.261599520261864
v -113.64082310683898 277.1840035186754 -35.782003794151244
v -115.56715225715834 232.90400789109458 -19.39368970355195
v -116.11996236385949 278.6701992406788 28.261599520261864
v -115.56715225715834 232.90400789109458 -19.39368970355195
v -120.09868268158243 224.85725473364556 38.583598758538095
v -110.21719940215917 355.4150383729696 9.59120622095443
v -105.19885289811555 337.3808734737016 -46.40414454724125
v -113.64082310683898 277.1840035186754 -35.782003794151244
v -110.21719940215917 355.4150383729696 9.59120622095443
v -113.64082310683898 277.1840035186754 -35.782003794151244
v -116.11996236385949 278.6701992406788 28.261599520261864
v -95.86286919823579 288.1813425392309 -42.71552610394183
v -113.64082310683898 277.1840035186754 -35.782003794151244
v -105.19885289811555 337.3808734737016 -46.40414454724125
v -95.86286919823579 288.1813425392309 -42.71552610394183
v -105.19885289811555 337.3808734737016 -46.40414454724125
v -87.65650353978799 342.02761980529544 -52.19892819735385
v -83.76010269465723 355.9046526195926 70.81889329700323
v -102.01646610107673 345.892775085637 64.83221290722724
v -107.99079251585681 281.93273597174846 79.98546489281513
v -83.76010269465723 355.9046526195926 70.81889329700323
v -107.99079251585681 281.93273597174846 79.98546489281513
v -85.08627112873 289.4457351151876 87.85630019957271
v -115.56715225715834 232.90400789109458 -19.39368970355195
v -111.7496621022292 208.57671568522525 -6.922672218736658
v -116.82985965167973 188.929507605058 38.06700000999926
v -115.56715225715834 232.90400789109458 -19.39368970355195
v -116.82985965167973 188.929507605058 38.06700000999926
v -120.09868268158243 224.85725473364556 38.583598758538095
v -120.09868268158243 224.85725473364556 38.583598758538095
v -116.82985965167973 188.929507605058 38.06700000999926
v -108.8675103695914 179.33115716199984 69.97220172578191
v -120.09868268158243 224.85725473364556 38.583598758538095
v -108.8675103695914 179.33115716199984 69.97220172578191
v -111.71102224276183 236.33354951638142 77.19866040354474
v -111.7496621022292 208.57671568522525 -6.922672218736658
v -108.47428372157538 186.2518745021072 -24.492319700948876
v -113.37869298528403 154.66863018035275 8.88884573905513
v -111.7496621022292 208.57671568522525 -6.922672218736658
v -113.37869298528403 154.66863018035275 8.88884573905513
v -116.82985965167973 188.929507605058 38.06700000999926
v -108.8675103695914 179.33115716199984 69.97220172578191
v -104.82112834355576 142.37974085955673 20.23873409363975
v -82.39324388740215 140.96311482664183 27.300073962887126
v -108.8675103695914 179.33115716199984 69.97220172578191
v -82.39324388740215 140.96311482664183 27.300073962887126
v -78.73475507601142 181.09139035223126 77.08266434289723
v -86.72645135234234 237.56671797686533 -23.963587754907703
v -87.2205307605941 212.54653145818327 -4.097578889115302
v -111.7496621022292 208.57671568522525 -6.922672218736658
v -86.72645135234234 237.56671797686533 -23.963587754907703
v -111.7496621022292 208.57671568522525 -6.922672218736658
v -115.56715225715834 232.90400789109458 -19.39368970355195
v -111.71102224276183 236.33354951638142 77.19866040354474
v -108.8675103695914 179.33115716199984 69.97220172578191
v -78.73475507601142 181.09139035223126 77.08266434289723
v -111.71102224276183 236.33354951638142 77.19866040354474
v -78.73475507601142 181.09139035223126 77.08266434289723
v -70.0921963785845 238.56509668140484 84.34455856014216
v -70.0921963785845 238.56509668140484 84.34455856014216
v -78.73475507601142 181.09139035223126 77.08266434289723
v -75.01538541112495 190.40816423815411 40.31920323681717
v -70.0921963785845 238.56509668140484 84.34455856014216
v -75.01538541112495 190.40816423815411 40.31920323681717
v -71.8222321060125 226.68927107502876 41.53165501843201
v -71.8222321060125 226.68927107502876 41.53165501843201
v -75.01538541112495 190.40816423815411 40.31920323681717
v -87.2205307605941 212.54653145818327 -4.097578889115302
v -71.8222321060125 226.68927107502876 41.53165501843201
v -87.2205307605941 212.54653145818327 -4.097578889115302
v -86.72645135234234 237.56671797686533 -23.963587754907703
v -87.35755332413419 188.92471673525566 -22.115543997450757
v -77.3182591528689 156.48872092347162 11.058493457604856
v -87.35755856841479 140.046311816945 -35.18178009639961
v -75.01538541112495 190.40816423815411 40.31920323681717
v -77.3182591528689 156.48872092347162 11.058493457604856
v -87.35755332413419 188.92471673525566 -22.115543997450757
v -75.01538541112495 190.40816423815411 40.31920323681717
v -87.35755332413419 188.92471673525566 -22.115543997450757
v -87.2205307605941 212.54653145818327 -4.097578889115302
v -87.2205307605941 212.54653145818327 -4.097578889115302
v -87.35755332413419 188.92471673525566 -22.115543997450757
v -108.47428372157538 186.2518745021072 -24.492319700948876
v -87.2205307605941 212.54653145818327 -4.097578889115302
v -108.47428372157538 186.2518745021072 -24.492319700948876
v -111.7496621022292 208.57671568522525 -6.922672218736658
v -116.82985965167973 188.929507605058 38.06700000999926
v -113.37869298528403 154.66863018035275 8.88884573905513
v -104.82112834355576 142.37974085955673 20.23873409363975
v -116.82985965167973 188.929507605058 38.06700000999926
v -104.82112834355576 142.37974085955673 20.23873409363975
v -108.8675103695914 179.33115716199984 69.97220172578191
v -78.73475507601142 181.09139035223126 77.08266434289723
v -82.39324388740215 140.96311482664183 27.300073962887126
v -77.3182591528689 156.48872092347162 11.058493457604856
v -78.73475507601142 181.09139035223126 77.08266434289723
v -77.3182591528689 156.48872092347162 11.058493457604856
v -75.01538541112495 190.40816423815411 40.31920323681717
v -108.47428372157538 186.2518745021072 -24.492319700948876
v -106.25108633500076 137.02263779122762 -36.97012389021884
v -113.37869298528403 154.66863018035275 8.88884573905513
v -87.35755856841479 140.046311816945 -35.18178009639961
v -89.39217162458135 122.55994681608546 -66.29814662282674
v -109.56666737074102 116.03043008022077 -62.83344370949337
v -87.35755856841479 140.046311816945 -35.18178009639961
v -109.56666737074102 116.03043008022077 -62.83344370949337
v -106.25108633500076 137.02263779122762 -36.97012389021884
v -84.62617465877202 119.08884809850782 -17.288712025239263
v -87.25953247542293 92.94502913354505 -22.81555862949769
v -89.39217162458135 122.55994681608546 -66.29814662282674
v -84.62617465877202 119.08884809850782 -17.288712025239263
v -89.39217162458135 122.55994681608546 -66.29814662282674
v -87.35755856841479 140.046311816945 -35.18178009639961
v -104.82113883211696 120.34083517610406 -24.467421490336793
v -116.01404887284389 94.11348531280572 -29.992658089282738
v -87.25953247542293 92.94502913354505 -22.81555862949769
v -104.82113883211696 120.34083517610406 -24.467421490336793
v -87.25953247542293 92.94502913354505 -22.81555862949769
v -84.62617465877202 119.08884809850782 -17.288712025239263
v -106.25108633500076 137.02263779122762 -36.97012389021884
v -109.56666737074102 116.03043008022077 -62.83344370949337
v -116.01404887284389 94.11348531280572 -29.992658089282738
v -106.25108633500076 137.02263779122762 -36.97012389021884
v -116.01404887284389 94.11348531280572 -29.992658089282738
v -104.82113883211696 120.34083517610406 -24.467421490336793
v -113.37869298528403 154.66863018035275 8.88884573905513
v -106.25108633500076 137.02263779122762 -36.97012389021884
v -104.82113883211696 120.34083517610406 -24.467421490336793
v -113.37869298528403 154.66863018035275 8.88884573905513
v -104.82113883211696 120.34083517610406 -24.467421490336793
v -104.82112834355576 142.37974085955673 20.23873409363975
v -82.39324388740215 140.96311482664183 27.300073962887126
v -84.62617465877202 119.08884809850782 -17.288712025239263
v -87.35755856841479 140.046311816945 -35.18178009639961
v -82.39324388740215 140.96311482664183 27.300073962887126
v -87.35755856841479 140.046311816945 -35.18178009639961
v -77.3182591528689 156.48872092347162 11.058493457604856
v -104.82112834355576 142.37974085955673 20.23873409363975
v -104.82113883211696 120.34083517610406 -24.467421490336793
v -84.62617465877202 119.08884809850782 -17.288712025239263
v -104.82112834355576 142.37974085955673 20.23873409363975
v -84.62617465877202 119.08884809850782 -17.288712025239263
v -82.39324388740215 140.96311482664183 27.300073962887126
v -108.47428372157538 186.2518745021072 -24.492319700948876
v -87.35755332413419 188.92471673525566 -22.115543997450757
v -87.35755856841479 140.046311816945 -35.18178009639961
v -108.47428372157538 186.2518745021072 -24.492319700948876
v -87.35755856841479 140.046311816945 -35.18178009639961
v -106.25108633500076 137.02263779122762 -36.97012389021884
v -109.56666737074102 116.03043008022077 -62.83344370949337
v -117.13054572421242 72.78560716830458 -54.19298769829278
v -116.01404887284389 63.34900038285681 -25.55624182262803
v -109.56666737074102 116.03043008022077 -62.83344370949337
v -116.01404887284389 63.34900038285681 -25.55624182262803
v -116.01404887284389 94.11348531280572 -29.992658089282738
v -116.01404887284389 94.11348531280572 -29.992658089282738
v -116.01404887284389 63.34900038285681 -25.55624182262803
v -87.25953247542293 64.69178889179135 -18.146241584596943
v -116.01404887284389 94.11348531280572 -29.992658089282738
v -87.25953247542293 64.69178889179135 -18.146241584596943
v -87.25953247542293 92.94502913354505 -22.81555862949769
v -87.25953247542293 92.94502913354505 -22.81555862949769
v -87.25953247542293 64.69178889179135 -18.146241584596943
v -89.39217162458135 75.08350937678718 -53.27453619971708
v -87.25953247542293 92.94502913354505 -22.81555862949769
v -89.39217162458135 75.08350937678718 -53.27453619971708
v -89.39217162458135 122.55994681608546 -66.29814662282674
v -89.39217162458135 122.55994681608546 -66.29814662282674
v -89.39217162458135 75.08350937678718 -53.27453619971708
v -117.13054572421242 72.78560716830458 -54.19298769829278
v -89.39217162458135 122.55994681608546 -66.29814662282674
v -117.13054572421242 72.78560716830458 -54.19298769829278
v -109.56666737074102 116.03043008022077 -62.83344370949337
v -116.01404887284389 63.34900038285681 -25.55624182262803
v -126.70581545934965 24.367014516000083 3.3836805294156522
v -110.88982034346827 24.673640482118813 9.012641989214735
v -117.13054572421242 72.78560716830458 -54.19298769829278
v -123.29527099048846 24.79312177252722 -43.21206900636142
v -126.70581545934965 24.367014516000083 3.3836805294156522
v -117.13054572421242 72.78560716830458 -54.19298769829278
v -126.70581545934965 24.367014516000083 3.3836805294156522
v -116.01404887284389 63.34900038285681 -25.55624182262803
v -89.39217162458135 75.08350937678718 -53.27453619971708
v -83.41729456033818 25.631939248634055 -42.71350586796353
v -96.14148733799993 25.39781881824308 -42.85892973259245
v -109.16849012183775 25.111795741022167 -43.0303993089606
v -123.29527099048846 24.79312177252722 -43.21206900636142
v -117.13054572421242 72.78560716830458 -54.19298769829278
v -86.24358421601528 24.36704144197502 8.627643016298684
v -69.91175641594964 24.67365587869966 6.509938298511005
v -87.25953247542293 64.69178889179135 -18.146241584596943
v -110.88982034346827 24.673640482118813 9.012641989214735
v -86.24358421601528 24.36704144197502 8.627643016298684
v -87.25953247542293 64.69178889179135 -18.146241584596943
v -110.88982034346827 24.673640482118813 9.012641989214735
v -87.25953247542293 64.69178889179135 -18.146241584596943
v -116.01404887284389 63.34900038285681 -25.55624182262803
v -87.25953247542293 64.69178889179135 -18.146241584596943
v -69.91175641594964 24.67365587869966 6.509938298511005
v -83.41729456033818 25.631939248634055 -42.71350586796353
v -87.25953247542293 64.69178889179135 -18.146241584596943
v -83.41729456033818 25.631939248634055 -42.71350586796353
v -89.39217162458135 75.08350937678718 -53.27453619971708
v -96.14148733799993 25.39781881824308 -42.85892973259245
v -109.16849012183775 25.111795741022167 -43.0303993089606
v -117.13054572421242 72.78560716830458 -54.19298769829278
v -96.14148733799993 25.39781881824308 -42.85892973259245
v -117.13054572421242 72.78560716830458 -54.19298769829278
v -89.39217162458135 75.08350937678718 -53.27453619971708
v -126.70581545934965 24.367014516000083 3.3836805294156522
v -123.29527099048846 24.79312177252722 -43.21206900636142
v -123.84817549424042 7.045412239119335 -33.44299220929698
v -124.74926876420795 -4.626951738664981 -23.058780490061828
v -126.70581545934965 24.367014516000083 3.3836805294156522
v -123.84817549424042 7.045412239119335 -33.44299220929698
v -126.70581545934965 24.367014516000083 3.3836805294156522
v -124.74926876420795 -4.626951738664981 -23.058780490061828
v -127.48633222974149 -4.6269429915859845 10.330168462878024
v -126.70581545934965 24.367014516000083 3.3836805294156522
v -129.4694254732849 14.577234449211298 33.22240962529884
v -114.78636278417525 14.861869782278678 38.44816458785421
v -126.70581545934965 24.367014516000083 3.3836805294156522
v -114.78636278417525 14.861869782278678 38.44816458785421
v -110.88982034346827 24.673640482118813 9.012641989214735
v -109.16849012183775 25.111795741022167 -43.0303993089606
v -109.72139462558971 7.051600490490426 -33.43946543154505
v -123.84817549424042 7.045412239119335 -33.44299220929698
v -109.16849012183775 25.111795741022167 -43.0303993089606
v -123.84817549424042 7.045412239119335 -33.44299220929698
v -123.29527099048846 24.79312177252722 -43.21206900636142
v -124.74926876420795 -4.626951738664981 -23.058780490061828
v -123.84817549424042 7.045412239119335 -33.44299220929698
v -109.72139462558971 7.051600490490426 -33.43946543154505
v -124.74926876420795 -4.626951738664981 -23.058780490061828
v -109.72139462558971 7.051600490490426 -33.43946543154505
v -110.31667291659687 -4.626951738664981 -23.058780490061828
v -111.67231945192725 -4.626944527298583 15.97668912579614
v -127.48633222974149 -4.6269429915859845 10.330168462878024
v -124.74926876420795 -4.626951738664981 -23.058780490061828
v -111.67231945192725 -4.626944527298583 15.97668912579614
v -124.74926876420795 -4.626951738664981 -23.058780490061828
v -110.31667291659687 -4.626951738664981 -23.058780490061828
v -129.5765136831551 -4.626997802628773 34.17533466808661
v -131.78933788270115 -4.626992536401115 53.85462805635189
v -131.68224967283095 10.193099947340999 52.901520052797395
v -129.5765136831551 -4.626997802628773 34.17533466808661
v -131.68224967283095 10.193099947340999 52.901520052797395
v -129.4694254732849 14.577234449211298 33.22240962529884
v -127.48633222974149 -4.6269429915859845 10.330168462878024
v -129.5765136831551 -4.626997802628773 34.17533466808661
v -129.4694254732849 14.577234449211298 33.22240962529884
v -127.48633222974149 -4.6269429915859845 10.330168462878024
v -129.4694254732849 14.577234449211298 33.22240962529884
v -126.70581545934965 24.367014516000083 3.3836805294156522
v -110.88982034346827 24.673640482118813 9.012641989214735
v -114.78636278417525 14.861869782278678 38.44816458785421
v -114.89527600369456 -4.626957766210938 39.417375781728495
v -110.88982034346827 24.673640482118813 9.012641989214735
v -114.89527600369456 -4.626957766210938 39.417375781728495
v -111.67231945192725 -4.626944527298583 15.97668912579614
v -111.67231945192725 -4.626944527298583 15.97668912579614
v -114.89527600369456 -4.626957766210938 39.417375781728495
v -129.5765136831551 -4.626997802628773 34.17533466808661
v -111.67231945192725 -4.626944527298583 15.97668912579614
v -129.5765136831551 -4.626997802628773 34.17533466808661
v -127.48633222974149 -4.6269429915859845 10.330168462878024
v -131.68224967283095 10.193099947340999 52.901520052797395
v -129.73395747535506 8.21779595247404 53.744800609956044
v -118.97672128982776 8.426318233915955 57.573329816488325
v -131.68224967283095 10.193099947340999 52.901520052797395
v -118.97672128982776 8.426318233915955 57.573329816488325
v -116.99605090392197 10.477765435171941 58.128399913499095
v -129.4694254732849 14.577234449211298 33.22240962529884
v -131.68224967283095 10.193099947340999 52.901520052797395
v -116.99605090392197 10.477765435171941 58.128399913499095
v -129.4694254732849 14.577234449211298 33.22240962529884
v -116.99605090392197 10.477765435171941 58.128399913499095
v -114.78636278417525 14.861869782278678 38.44816458785421
v -114.78636278417525 14.861869782278678 38.44816458785421
v -116.99605090392197 10.477765435171941 58.128399913499095
v -117.10497461200248 -4.626947255552777 59.097786201722826
v -114.78636278417525 14.861869782278678 38.44816458785421
v -117.10497461200248 -4.626947255552777 59.097786201722826
v -114.89527600369456 -4.626957766210938 39.417375781728495
v -114.89527600369456 -4.626957766210938 39.417375781728495
v -117.10497461200248 -4.626947255552777 59.097786201722826
v -131.78933788270115 -4.626992536401115 53.85462805635189
v -114.89527600369456 -4.626957766210938 39.417375781728495
v -131.78933788270115 -4.626992536401115 53.85462805635189
v -129.5765136831551 -4.626997802628773 34.17533466808661
v -116.99605090392197 10.477765435171941 58.128399913499095
v -118.97672128982776 8.426318233915955 57.573329816488325
v -119.05649728632852 -2.6374797664525063 58.28342260490471
v -116.99605090392197 10.477765435171941 58.128399913499095
v -119.05649728632852 -2.6374797664525063 58.28342260490471
v -117.10497461200248 -4.626947255552777 59.097786201722826
v -117.10497461200248 -4.626947255552777 59.097786201722826
v -119.05649728632852 -2.6374797664525063 58.28342260490471
v -129.8124014245832 -2.6375025706497617 54.44292067815665
v -117.10497461200248 -4.626947255552777 59.097786201722826
v -129.8124014245832 -2.6375025706497617 54.44292067815665
v -131.78933788270115 -4.626992536401115 53.85462805635189
v -131.78933788270115 -4.626992536401115 53.85462805635189
v -129.8124014245832 -2.6375025706497617 54.44292067815665
v -129.73395747535506 8.21779595247404 53.744800609956044
v -131.78933788270115 -4.626992536401115 53.85462805635189
v -129.73395747535506 8.21779595247404 53.744800609956044
v -131.68224967283095 10.193099947340999 52.901520052797395
v -78.6752115140689 -4.627006803605882 -23.058754268652326
v -81.12789861973852 7.152295926523821 -33.382436517632
v -83.41729456033818 25.631939248634055 -42.71350586796353
v -69.91175641594964 24.67365587869966 6.509938298511005
v -78.6752115140689 -4.627006803605882 -23.058754268652326
v -83.41729456033818 25.631939248634055 -42.71350586796353
v -78.6752115140689 -4.627006803605882 -23.058754268652326
v -69.91175641594964 24.67365587869966 6.509938298511005
v -68.6645825805681 -4.627022231735147 13.36204692504546
v -86.24358421601528 24.36704144197502 8.627643016298684
v -80.35100040296129 44.071972356191836 34.552625257724934
v -65.18906671934246 44.74333964025455 32.682984132351834
v -86.24358421601528 24.36704144197502 8.627643016298684
v -65.18906671934246 44.74333964025455 32.682984132351834
v -69.91175641594964 24.67365587869966 6.509938298511005
v -83.41729456033818 25.631939248634055 -42.71350586796353
v -81.12789861973852 7.152295926523821 -33.382436517632
v -94.97638649402234 7.097897001573156 -33.41324665779867
v -83.41729456033818 25.631939248634055 -42.71350586796353
v -94.97638649402234 7.097897001573156 -33.41324665779867
v -96.14148733799993 25.39781881824308 -42.85892973259245
v -92.82648317312578 -4.626952394200034 -23.05878049006174
v -94.97638649402234 7.097897001573156 -33.41324665779867
v -81.12789861973852 7.152295926523821 -33.382436517632
v -92.82648317312578 -4.626952394200034 -23.05878049006174
v -81.12789861973852 7.152295926523821 -33.382436517632
v -78.6752115140689 -4.627006803605882 -23.058754268652326
v -68.6645825805681 -4.627022231735147 13.36204692504546
v -84.99954646043307 -4.626971801096637 15.462444165169314
v -92.82648317312578 -4.626952394200034 -23.05878049006174
v -68.6645825805681 -4.627022231735147 13.36204692504546
v -92.82648317312578 -4.626952394200034 -23.05878049006174
v -78.6752115140689 -4.627006803605882 -23.058754268652326
v -80.18035151220829 25.067114015633734 31.638011459261485
v -76.65756894992683 21.201999296973575 50.61196538300457
v -76.82824406208283 35.91096194742981 52.65124380282488
v -80.18035151220829 25.067114015633734 31.638011459261485
v -76.82824406208283 35.91096194742981 52.65124380282488
v -80.35100040296129 44.071972356191836 34.552625257724934
v -84.99954646043307 -4.626971801096637 15.462444165169314
v -80.18035151220829 25.067114015633734 31.638011459261485
v -80.35100040296129 44.071972356191836 34.552625257724934
v -84.99954646043307 -4.626971801096637 15.462444165169314
v -80.35100040296129 44.071972356191836 34.552625257724934
v -86.24358421601528 24.36704144197502 8.627643016298684
v -69.91175641594964 24.67365587869966 6.509938298511005
v -65.18906671934246 44.74333964025455 32.682984132351834
v -65.01548627573356 25.4563521182041 29.727265701852104
v -69.91175641594964 24.67365587869966 6.509938298511005
v -65.01548627573356 25.4563521182041 29.727265701852104
v -68.6645825805681 -4.627022231735147 13.36204692504546
v -68.6645825805681 -4.627022231735147 13.36204692504546
v -65.01548627573356 25.4563521182041 29.727265701852104
v -80.18035151220829 25.067114015633734 31.638011459261485
v -68.6645825805681 -4.627022231735147 13.36204692504546
v -80.18035151220829 25.067114015633734 31.638011459261485
v -84.99954646043307 -4.626971801096637 15.462444165169314
v -76.82824406208283 35.91096194742981 52.65124380282488
v -74.77388628945391 33.999599970436705 52.138201350289414
v -63.6658024874464 34.49145298069802 50.76843719238164
v -76.82824406208283 35.91096194742981 52.65124380282488
v -63.6658024874464 34.49145298069802 50.76843719238164
v -61.66306416877205 36.58246033845339 50.78123295566446
v -80.35100040296129 44.071972356191836 34.552625257724934
v -76.82824406208283 35.91096194742981 52.65124380282488
v -61.66306416877205 36.58246033845339 50.78123295566446
v -80.35100040296129 44.071972356191836 34.552625257724934
v -61.66306416877205 36.58246033845339 50.78123295566446
v -65.18906671934246 44.74333964025455 32.682984132351834
v -65.18906671934246 44.74333964025455 32.682984132351834
v -61.66306416877205 36.58246033845339 50.78123295566446
v -61.48945750376015 21.591314752629074 48.700839415254244
v -65.18906671934246 44.74333964025455 32.682984132351834
v -61.48945750376015 21.591314752629074 48.700839415254244
v -65.01548627573356 25.4563521182041 29.727265701852104
v -65.01548627573356 25.4563521182041 29.727265701852104
v -61.48945750376015 21.591314752629074 48.700839415254244
v -76.65756894992683 21.201999296973575 50.61196538300457
v -65.01548627573356 25.4563521182041 29.727265701852104
v -76.65756894992683 21.201999296973575 50.61196538300457
v -80.18035151220829 25.067114015633734 31.638011459261485
v -61.66306416877205 36.58246033845339 50.78123295566446
v -63.6658024874464 34.49145298069802 50.76843719238164
v -63.53864441571659 23.510834211945284 49.24460286140217
v -61.66306416877205 36.58246033845339 50.78123295566446
v -63.53864441571659 23.510834211945284 49.24460286140217
v -61.48945750376015 21.591314752629074 48.700839415254244
v -61.48945750376015 21.591314752629074 48.700839415254244
v -63.53864441571659 23.510834211945284 49.24460286140217
v -74.64886263992867 23.22571598421573 50.644437695469534
v -61.48945750376015 21.591314752629074 48.700839415254244
v -74.64886263992867 23.22571598421573 50.644437695469534
v -76.65756894992683 21.201999296973575 50.61196538300457
v -76.65756894992683 21.201999296973575 50.61196538300457
v -74.64886263992867 23.22571598421573 50.644437695469534
v -74.77388628945391 33.999599970436705 52.138201350289414
v -76.65756894992683 21.201999296973575 50.61196538300457
v -74.77388628945391 33.999599970436705 52.138201350289414
v -76.82824406208283 35.91096194742981 52.65124380282488
v -110.88982034346827 24.673640482118813 9.012641989214735
v -105.86454090047027 14.760689917505642 53.11490920944745
v -90.10750198710411 15.057782714386892 55.926776957308945
v -110.88982034346827 24.673640482118813 9.012641989214735
v -90.10750198710411 15.057782714386892 55.926776957308945
v -86.24358421601528 24.36704144197502 8.627643016298684
v -96.14148733799993 25.39781881824308 -42.85892973259245
v -94.97638649402234 7.097897001573156 -33.41324665779867
v -109.72139462558971 7.051600490490426 -33.43946543154505
v -96.14148733799993 25.39781881824308 -42.85892973259245
v -109.72139462558971 7.051600490490426 -33.43946543154505
v -109.16849012183775 25.111795741022167 -43.0303993089606
v -110.31667291659687 -4.626951738664981 -23.058780490061828
v -109.72139462558971 7.051600490490426 -33.43946543154505
v -94.97638649402234 7.097897001573156 -33.41324665779867
v -110.31667291659687 -4.626951738664981 -23.058780490061828
v -94.97638649402234 7.097897001573156 -33.41324665779867
v -92.82648317312578 -4.626952394200034 -23.05878049006174
v -84.99954646043307 -4.626971801096637 15.462444165169314
v -111.67231945192725 -4.626944527298583 15.97668912579614
v -110.31667291659687 -4.626951738664981 -23.058780490061828
v -84.99954646043307 -4.626971801096637 15.462444165169314
v -110.31667291659687 -4.626951738664981 -23.058780490061828
v -92.82648317312578 -4.626952394200034 -23.05878049006174
v -105.87264855827925 -5.287660392887617 54.119957268758135
v -106.04156683643396 -5.287662770426019 85.2143866974908
v -106.03346966718618 10.183790311781454 84.20923436751838
v -105.87264855827925 -5.287660392887617 54.119957268758135
v -106.03346966718618 10.183790311781454 84.20923436751838
v -105.86454090047027 14.760689917505642 53.11490920944745
v -111.67231945192725 -4.626944527298583 15.97668912579614
v -105.87264855827925 -5.287660392887617 54.119957268758135
v -105.86454090047027 14.760689917505642 53.11490920944745
v -111.67231945192725 -4.626944527298583 15.97668912579614
v -105.86454090047027 14.760689917505642 53.11490920944745
v -110.88982034346827 24.673640482118813 9.012641989214735
v -86.24358421601528 24.36704144197502 8.627643016298684
v -90.10750198710411 15.057782714386892 55.926776957308945
v -90.11574599620872 -5.287619369608791 56.948989586350365
v -86.24358421601528 24.36704144197502 8.627643016298684
v -90.11574599620872 -5.287619369608791 56.948989586350365
v -84.99954646043307 -4.626971801096637 15.462444165169314
v -84.99954646043307 -4.626971801096637 15.462444165169314
v -90.11574599620872 -5.287619369608791 56.948989586350365
v -105.87264855827925 -5.287660392887617 54.119957268758135
v -84.99954646043307 -4.626971801096637 15.462444165169314
v -105.87264855827925 -5.287660392887617 54.119957268758135
v -111.67231945192725 -4.626944527298583 15.97668912579614
v -106.03346966718618 10.183790311781454 84.20923436751838
v -103.92651700441093 8.121673767552837 84.73741759150244
v -92.38244993464832 8.339408701012458 86.79745482025544
v -106.03346966718618 10.183790311781454 84.20923436751838
v -92.38244993464832 8.339408701012458 86.79745482025544
v -90.27304294855185 10.481005038257893 87.02166325336857
v -105.86454090047027 14.760689917505642 53.11490920944745
v -106.03346966718618 10.183790311781454 84.20923436751838
v -90.27304294855185 10.481005038257893 87.02166325336857
v -105.86454090047027 14.760689917505642 53.11490920944745
v -90.27304294855185 10.481005038257893 87.02166325336857
v -90.10750198710411 15.057782714386892 55.926776957308945
v -90.10750198710411 15.057782714386892 55.926776957308945
v -90.27304294855185 10.481005038257893 87.02166325336857
v -90.28127646909525 -5.287633546691473 88.04406406157644
v -90.10750198710411 15.057782714386892 55.926776957308945
v -90.28127646909525 -5.287633546691473 88.04406406157644
v -90.11574599620872 -5.287619369608791 56.948989586350365
v -90.11574599620872 -5.287619369608791 56.948989586350365
v -90.28127646909525 -5.287633546691473 88.04406406157644
v -106.04156683643396 -5.287662770426019 85.2143866974908
v -90.11574599620872 -5.287619369608791 56.948989586350365
v -106.04156683643396 -5.287662770426019 85.2143866974908
v -105.87264855827925 -5.287660392887617 54.119957268758135
v -90.27304294855185 10.481005038257893 87.02166325336857
v -92.38244993464832 8.339408701012458 86.79745482025544
v -92.38847036877814 -3.2106651962199004 87.54631863916264
v -90.27304294855185 10.481005038257893 87.02166325336857
v -92.38847036877814 -3.2106651962199004 87.54631863916264
v -90.28127646909525 -5.287633546691473 88.04406406157644
v -90.28127646909525 -5.287633546691473 88.04406406157644
v -92.38847036877814 -3.2106651962199004 87.54631863916264
v -103.93244304148993 -3.2106812075407296 85.4736636424633
v -90.28127646909525 -5.287633546691473 88.04406406157644
v -103.93244304148993 -3.2106812075407296 85.4736636424633
v -106.04156683643396 -5.287662770426019 85.2143866974908
v -106.04156683643396 -5.287662770426019 85.2143866974908
v -103.93244304148993 -3.2106812075407296 85.4736636424633
v -103.92651700441093 8.121673767552837 84.73741759150244
v -106.04156683643396 -5.287662770426019 85.2143866974908
v -103.92651700441093 8.121673767552837 84.73741759150244
v -106.03346966718618 10.183790311781454 84.20923436751838
v -83.15900849646368 339.19887362217423 242.93081931690978
v -87.63412619446399 311.6973589103362 207.71793430560413
v -90.67081114356824 292.37396986379173 217.0282547738132
v -83.15900849646368 339.19887362217423 242.93081931690978
v -90.67081114356824 292.37396986379173 217.0282547738132
v -86.73934703833993 311.01539753660074 243.8321261139508
v -77.51075571660522 355.9394952569433 224.2538997062956
v -81.43571166960783 341.37862104758824 196.29412548166067
v -87.63412619446399 311.6973589103362 207.71793430560413
v -77.51075571660522 355.9394952569433 224.2538997062956
v -87.63412619446399 311.6973589103362 207.71793430560413
v -83.15900849646368 339.19887362217423 242.93081931690978
v -74.1000119650812 363.508753606291 221.44846038931678
v -77.51075571660522 355.9394952569433 224.2538997062956
v -83.15900849646368 339.19887362217423 242.93081931690978
v -74.1000119650812 363.508753606291 221.44846038931678
v -83.15900849646368 339.19887362217423 242.93081931690978
v -76.42693597766083 340.624143316513 243.96190758762194
v -78.94861683891577 312.63216203038536 205.08599765348433
v -87.63412619446399 311.6973589103362 207.71793430560413
v -81.43571166960783 341.37862104758824 196.29412548166067
v -78.94861683891577 312.63216203038536 205.08599765348433
v -81.43571166960783 341.37862104758824 196.29412548166067
v -78.35278265416491 347.5298047141388 191.406707027922
v -78.35278265416491 347.5298047141388 191.406707027922
v -81.43571166960783 341.37862104758824 196.29412548166067
v -77.51075571660522 355.9394952569433 224.2538997062956
v -78.35278265416491 347.5298047141388 191.406707027922
v -77.51075571660522 355.9394952569433 224.2538997062956
v -74.1000119650812 363.508753606291 221.44846038931678
v -67.6854124610145 309.98999404391515 245.09402598383872
v -67.03826299058392 267.4867362674013 236.33641902475838
v -58.13633266319812 265.0614245460855 237.50197116283465
v -67.6854124610145 309.98999404391515 245.09402598383872
v -58.13633266319812 265.0614245460855 237.50197116283465
v -60.75166064314317 310.13213512851627 245.89828881016473
v -71.7457232963261 313.56700710468346 202.45410295560222
v -78.94861683891577 312.63216203038536 205.08599765348433
v -78.35278265416491 347.5298047141388 191.406707027922
v -71.7457232963261 313.56700710468346 202.45410295560222
v -78.35278265416491 347.5298047141388 191.406707027922
v -72.36125499901391 350.04739447441193 187.86440503623132
v -86.73934703833993 311.01539753660074 243.8321261139508
v -78.20434329175669 269.96975604674805 235.14313512406022
v -67.03826299058392 267.4867362674013 236.33641902475838
v -86.73934703833993 311.01539753660074 243.8321261139508
v -67.03826299058392 267.4867362674013 236.33641902475838
v -67.6854124610145 309.98999404391515 245.09402598383872
v -72.36125499901391 350.04739447441193 187.86440503623132
v -78.35278265416491 347.5298047141388 191.406707027922
v -74.1000119650812 363.508753606291 221.44846038931678
v -72.36125499901391 350.04739447441193 187.86440503623132
v -74.1000119650812 363.508753606291 221.44846038931678
v -67.78067481812968 367.21805392844647 219.98213810799786
v -64.13256443804812 288.80368410343823 212.3646635146249
v -77.40167992438728 290.5888374721758 214.6964591442176
v -78.94861683891577 312.63216203038536 205.08599765348433
v -64.13256443804812 288.80368410343823 212.3646635146249
v -78.94861683891577 312.63216203038536 205.08599765348433
v -71.7457232963261 313.56700710468346 202.45410295560222
v -69.43557049310812 343.1628784833748 243.90229026669004
v -76.42693597766083 340.624143316513 243.96190758762194
v -67.6854124610145 309.98999404391515 245.09402598383872
v -69.43557049310812 343.1628784833748 243.90229026669004
v -67.6854124610145 309.98999404391515 245.09402598383872
v -60.75166064314317 310.13213512851627 245.89828881016473
v -67.78067481812968 367.21805392844647 219.98213810799786
v -74.1000119650812 363.508753606291 221.44846038931678
v -76.42693597766083 340.624143316513 243.96190758762194
v -67.78067481812968 367.21805392844647 219.98213810799786
v -76.42693597766083 340.624143316513 243.96190758762194
v -69.43557049310812 343.1628784833748 243.90229026669004
v -67.44493072978003 251.8089351369185 207.8036968255951
v -59.30975093620873 234.5773730361008 286.69160548727075
v -71.92901614760785 234.53942602739647 291.1901911920786
v -67.44493072978003 251.8089351369185 207.8036968255951
v -71.92901614760785 234.53942602739647 291.1901911920786
v -80.63041567337677 253.23391126781246 209.70007038875391
v -67.03826299058392 267.4867362674013 236.33641902475838
v -55.67567425101515 241.20287369589656 306.32667296854845
v -46.520009895316434 239.7292308037053 305.6286804195805
v -67.03826299058392 267.4867362674013 236.33641902475838
v -46.520009895316434 239.7292308037053 305.6286804195805
v -58.13633266319812 265.0614245460855 237.50197116283465
v -80.63041567337677 253.23391126781246 209.70007038875391
v -71.92901614760785 234.53942602739647 291.1901911920786
v -65.0492174885585 242.71161131491127 307.04136330166284
v -80.63041567337677 253.23391126781246 209.70007038875391
v -65.0492174885585 242.71161131491127 307.04136330166284
v -78.20434329175669 269.96975604674805 235.14313512406022
v -54.66978452180001 249.822338958069 209.11464133512857
v -46.394729276041744 233.95414257648716 285.3940657091477
v -59.30975093620873 234.5773730361008 286.69160548727075
v -54.66978452180001 249.822338958069 209.11464133512857
v -59.30975093620873 234.5773730361008 286.69160548727075
v -67.44493072978003 251.8089351369185 207.8036968255951
v -78.20434329175669 269.96975604674805 235.14313512406022
v -65.0492174885585 242.71161131491127 307.04136330166284
v -55.67567425101515 241.20287369589656 306.32667296854845
v -78.20434329175669 269.96975604674805 235.14313512406022
v -55.67567425101515 241.20287369589656 306.32667296854845
v -67.03826299058392 267.4867362674013 236.33641902475838
v -58.13633266319812 265.0614245460855 237.50197116283465
v -46.520009895316434 239.7292308037053 305.6286804195805
v -46.394729276041744 233.95414257648716 285.3940657091477
v -58.13633266319812 265.0614245460855 237.50197116283465
v -46.394729276041744 233.95414257648716 285.3940657091477
v -54.66978452180001 249.822338958069 209.11464133512857
v -90.67081114356824 292.37396986379173 217.0282547738132
v -80.63041567337677 253.23391126781246 209.70007038875391
v -78.20434329175669 269.96975604674805 235.14313512406022
v -90.67081114356824 292.37396986379173 217.0282547738132
v -78.20434329175669 269.96975604674805 235.14313512406022
v -86.73934703833993 311.01539753660074 243.8321261139508
v -64.13256443804812 288.80368410343823 212.3646635146249
v -54.66978452180001 249.822338958069 209.11464133512857
v -67.44493072978003 251.8089351369185 207.8036968255951
v -64.13256443804812 288.80368410343823 212.3646635146249
v -67.44493072978003 251.8089351369185 207.8036968255951
v -77.40167992438728 290.5888374721758 214.6964591442176
v -77.40167992438728 290.5888374721758 214.6964591442176
v -67.44493072978003 251.8089351369185 207.8036968255951
v -80.63041567337677 253.23391126781246 209.70007038875391
v -77.40167992438728 290.5888374721758 214.6964591442176
v -80.63041567337677 253.23391126781246 209.70007038875391
v -90.67081114356824 292.37396986379173 217.0282547738132
v -60.75166064314317 310.13213512851627 245.89828881016473
v -58.13633266319812 265.0614245460855 237.50197116283465
v -54.66978452180001 249.822338958069 209.11464133512857
v -60.75166064314317 310.13213512851627 245.89828881016473
v -54.66978452180001 249.822338958069 209.11464133512857
v -64.13256443804812 288.80368410343823 212.3646635146249
v -27.962931572820935 505.79511211002523 299.66566708381595
v -22.33393841346924 527.1838927355603 328.7223970153636
v 0.00003160419309736445 543.1713121429583 327.19261729127174
v -27.962931572820935 505.79511211002523 299.66566708381595
v 0.00003160419309736445 543.1713121429583 327.19261729127174
v 0.000029718922094129543 520.7069082868985 295.6129690791227
v -42.565570596775615 469.8531276272594 344.63506186950997
v -52.489223136510645 483.5318503986225 368.5776125242787
v -42.207268235421225 482.08862096902095 342.8432783996702
v -22.33393841346924 527.1838927355603 328.7223970153636
v -38.58043652387778 537.9032488059672 365.4512589114721
v 0.000033009410891793756 546.0933467020907 367.50869390597853
v -22.33393841346924 527.1838927355603 328.7223970153636
v 0.000033009410891793756 546.0933467020907 367.50869390597853
v 0.00003160419309736445 543.1713121429583 327.19261729127174
v -38.58043652387778 537.9032488059672 365.4512589114721
v -45.69221593530756 535.3657325734719 382.3412405029897
v 0.00003337122752291146 540.748462394203 385.2902035463267
v -38.58043652387778 537.9032488059672 365.4512589114721
v 0.00003337122752291146 540.748462394203 385.2902035463267
v 0.000033009410891793756 546.0933467020907 367.50869390597853
v -42.207268235421225 482.08862096902095 342.8432783996702
v -52.489223136510645 483.5318503986225 368.5776125242787
v -50.04780074557175 505.8968182821095 367.2916700057796
v -42.207268235421225 482.08862096902095 342.8432783996702
v -50.04780074557175 505.8968182821095 367.2916700057796
v -38.64444559075196 504.9115185540442 335.12040114482505
v -45.10965502475756 530.1957964197074 392.3768220747131
v -46.45524827417603 535.1703981703677 416.2357800690408
v 0.00003415408660270873 536.5389454010907 414.83622828054786
v -45.10965502475756 530.1957964197074 392.3768220747131
v 0.00003415408660270873 536.5389454010907 414.83622828054786
v 0.00003354810476188233 539.5031774873627 392.32286766720875
v -46.45524827417603 535.1703981703677 416.2357800690408
v -39.22115650629166 520.1145340828457 442.3271260444151
v 0.000034609918342636426 524.9026041776092 443.1889494684245
v -46.45524827417603 535.1703981703677 416.2357800690408
v 0.000034609918342636426 524.9026041776092 443.1889494684245
v 0.00003415408660270873 536.5389454010907 414.83622828054786
v -38.83236389752369 506.97219962995405 443.07198344701465
v -40.17911088867436 472.88278629472217 470.34992384497974
v -41.385861809184235 473.13770353679917 494.6084966415485
v -38.83236389752369 506.97219962995405 443.07198344701465
v -41.385861809184235 473.13770353679917 494.6084966415485
v -37.37323721737653 495.5058163622581 481.21854513884836
v -27.0235786537296 506.3200701013808 496.88597828460354
v -26.191605002081815 492.26644851226905 504.9548300291785
v 0.000035585043771406075 491.57441449406303 514.0811366826742
v -27.0235786537296 506.3200701013808 496.88597828460354
v 0.000035585043771406075 491.57441449406303 514.0811366826742
v 0.00003589957027265076 510.16131731408007 501.33770057836176
v -33.638037691496265 512.2075058789142 473.10836810876145
v -27.0235786537296 506.3200701013808 496.88597828460354
v 0.00003589957027265076 510.16131731408007 501.33770057836176
v -33.638037691496265 512.2075058789142 473.10836810876145
v 0.00003589957027265076 510.16131731408007 501.33770057836176
v 0.00003535580504814505 516.1241448087445 477.12687087534016
v -38.58043652387778 537.9032488059672 365.4512589114721
v -50.04780074557175 505.8968182821095 367.2916700057796
v -45.69221593530756 535.3657325734719 382.3412405029897
v -40.17911088867436 472.88278629472217 470.34992384497974
v -38.83236389752369 506.97219962995405 443.07198344701465
v -46.690900022977075 506.29362835490053 418.192571813962
v -40.17911088867436 472.88278629472217 470.34992384497974
v -46.690900022977075 506.29362835490053 418.192571813962
v -46.64344452781961 483.12955976040456 432.59622185193837
v -47.45608251689191 515.3384987104646 395.72611522772416
v -43.92120402140449 515.2285380003797 405.86158917306165
v -42.75226436402704 522.6301893002147 404.19306791971565
v -47.45608251689191 515.3384987104646 395.72611522772416
v -42.75226436402704 522.6301893002147 404.19306791971565
v -45.10965502475756 530.1957964197074 392.3768220747131
v -46.45524827417603 535.1703981703677 416.2357800690408
v -50.03890120139204 529.0250668110973 418.81840020815855
v -39.22115650629166 520.1145340828457 442.3271260444151
v -45.10965502475756 530.1957964197074 392.3768220747131
v -50.03890120139204 529.0250668110973 418.81840020815855
v -46.45524827417603 535.1703981703677 416.2357800690408
v -47.45608251689191 515.3384987104646 395.72611522772416
v -49.663583771628055 480.82949845801295 404.17935449842645
v -46.64344452781961 483.12955976040456 432.59622185193837
v -47.45608251689191 515.3384987104646 395.72611522772416
v -46.64344452781961 483.12955976040456 432.59622185193837
v -46.690900022977075 506.29362835490053 418.192571813962
v -33.638037691496265 512.2075058789142 473.10836810876145
v -39.22115650629166 520.1145340828457 442.3271260444151
v -38.83236389752369 506.97219962995405 443.07198344701465
v -33.638037691496265 512.2075058789142 473.10836810876145
v -38.83236389752369 506.97219962995405 443.07198344701465
v -37.37323721737653 495.5058163622581 481.21854513884836
v -50.04780074557175 505.8968182821095 367.2916700057796
v -38.58043652387778 537.9032488059672 365.4512589114721
v -22.33393841346924 527.1838927355603 328.7223970153636
v -50.04780074557175 505.8968182821095 367.2916700057796
v -22.33393841346924 527.1838927355603 328.7223970153636
v -38.64444559075196 504.9115185540442 335.12040114482505
v -26.191605002081815 492.26644851226905 504.9548300291785
v -41.385861809184235 473.13770353679917 494.6084966415485
v 0.00003502367634584404 475.21947602213453 516.410270655095
v -26.191605002081815 492.26644851226905 504.9548300291785
v 0.00003502367634584404 475.21947602213453 516.410270655095
v 0.000035585043771406075 491.57441449406303 514.0811366826742
v -34.596228066506 437.57331474389736 283.1398788090219
v -30.549819819067352 446.82808437861434 277.0442616376881
v -33.13670806531377 410.96974738464365 253.00081400763955
v -48.781574438767166 507.28668062671176 383.44396960842505
v -49.663583771628055 480.82949845801295 404.17935449842645
v -47.45608251689191 515.3384987104646 395.72611522772416
v -45.10965502475756 530.1957964197074 392.3768220747131
v -42.75226436402704 522.6301893002147 404.19306791971565
v -45.20792235465706 522.0469434089239 419.07897895130907
v -45.10965502475756 530.1957964197074 392.3768220747131
v -45.20792235465706 522.0469434089239 419.07897895130907
v -50.03890120139204 529.0250668110973 418.81840020815855
v -50.04780074557175 505.8968182821095 367.2916700057796
v -48.781574438767166 507.28668062671176 383.44396960842505
v -45.69221593530756 535.3657325734719 382.3412405029897
v -39.22115650629166 520.1145340828457 442.3271260444151
v -33.638037691496265 512.2075058789142 473.10836810876145
v 0.00003535580504814505 516.1241448087445 477.12687087534016
v -39.22115650629166 520.1145340828457 442.3271260444151
v 0.00003535580504814505 516.1241448087445 477.12687087534016
v 0.000034609918342636426 524.9026041776092 443.1889494684245
v -26.191605002081815 492.26644851226905 504.9548300291785
v -30.52602914012141 499.5866233564169 493.49863553376275
v -33.54804845852527 500.5122170003865 486.99900011786383
v -26.191605002081815 492.26644851226905 504.9548300291785
v -33.54804845852527 500.5122170003865 486.99900011786383
v -37.37323721737653 495.5058163622581 481.21854513884836
v -37.37323721737653 495.5058163622581 481.21854513884836
v -41.385861809184235 473.13770353679917 494.6084966415485
v -26.191605002081815 492.26644851226905 504.9548300291785
v -50.04780074557175 505.8968182821095 367.2916700057796
v -52.489223136510645 483.5318503986225 368.5776125242787
v -49.663583771628055 480.82949845801295 404.17935449842645
v -50.04780074557175 505.8968182821095 367.2916700057796
v -49.663583771628055 480.82949845801295 404.17935449842645
v -48.781574438767166 507.28668062671176 383.44396960842505
v -45.69221593530756 535.3657325734719 382.3412405029897
v -45.10965502475756 530.1957964197074 392.3768220747131
v 0.00003354810476188233 539.5031774873627 392.32286766720875
v -45.69221593530756 535.3657325734719 382.3412405029897
v 0.00003354810476188233 539.5031774873627 392.32286766720875
v 0.00003337122752291146 540.748462394203 385.2902035463267
v -48.781574438767166 507.28668062671176 383.44396960842505
v -47.45608251689191 515.3384987104646 395.72611522772416
v -45.10965502475756 530.1957964197074 392.3768220747131
v -48.781574438767166 507.28668062671176 383.44396960842505
v -45.10965502475756 530.1957964197074 392.3768220747131
v -45.69221593530756 535.3657325734719 382.3412405029897
v -41.54049466698211 467.8722530397683 307.5200938975648
v -42.207268235421225 482.08862096902095 342.8432783996702
v -38.64444559075196 504.9115185540442 335.12040114482505
v -41.54049466698211 467.8722530397683 307.5200938975648
v -38.64444559075196 504.9115185540442 335.12040114482505
v -36.05575068983853 492.6183340925002 306.8795751391629
v -42.17506573039145 437.3238168401433 312.7737551967985
v -42.565570596775615 469.8531276272594 344.63506186950997
v -42.207268235421225 482.08862096902095 342.8432783996702
v -42.17506573039145 437.3238168401433 312.7737551967985
v -42.207268235421225 482.08862096902095 342.8432783996702
v -41.54049466698211 467.8722530397683 307.5200938975648
v -45.20792235465706 522.0469434089239 419.07897895130907
v -42.75226436402704 522.6301893002147 404.19306791971565
v -43.92120402140449 515.2285380003797 405.86158917306165
v -45.20792235465706 522.0469434089239 419.07897895130907
v -43.92120402140449 515.2285380003797 405.86158917306165
v -43.54001299736751 510.722570087817 418.767176536105
v -39.6250447767693 511.0606392043392 432.33857709060845
v -39.818729170061715 517.6078505579949 431.9674489740719
v -45.20792235465706 522.0469434089239 419.07897895130907
v -39.6250447767693 511.0606392043392 432.33857709060845
v -45.20792235465706 522.0469434089239 419.07897895130907
v -43.54001299736751 510.722570087817 418.767176536105
v -38.83236389752369 506.97219962995405 443.07198344701465
v -39.6250447767693 511.0606392043392 432.33857709060845
v -43.54001299736751 510.722570087817 418.767176536105
v -38.83236389752369 506.97219962995405 443.07198344701465
v -43.54001299736751 510.722570087817 418.767176536105
v -46.690900022977075 506.29362835490053 418.192571813962
v -39.22115650629166 520.1145340828457 442.3271260444151
v -39.818729170061715 517.6078505579949 431.9674489740719
v -39.6250447767693 511.0606392043392 432.33857709060845
v -39.22115650629166 520.1145340828457 442.3271260444151
v -39.6250447767693 511.0606392043392 432.33857709060845
v -38.83236389752369 506.97219962995405 443.07198344701465
v -50.03890120139204 529.0250668110973 418.81840020815855
v -45.20792235465706 522.0469434089239 419.07897895130907
v -39.818729170061715 517.6078505579949 431.9674489740719
v -50.03890120139204 529.0250668110973 418.81840020815855
v -39.818729170061715 517.6078505579949 431.9674489740719
v -39.22115650629166 520.1145340828457 442.3271260444151
v -46.690900022977075 506.29362835490053 418.192571813962
v -43.54001299736751 510.722570087817 418.767176536105
v -43.92120402140449 515.2285380003797 405.86158917306165
v -46.690900022977075 506.29362835490053 418.192571813962
v -43.92120402140449 515.2285380003797 405.86158917306165
v -47.45608251689191 515.3384987104646 395.72611522772416
v -32.370765150711804 505.0185639313455 484.73808533712776
v -30.584311452579414 504.53109747466397 483.9718331016935
v -28.834837799104207 502.92479623433775 490.4888796200505
v -32.370765150711804 505.0185639313455 484.73808533712776
v -28.834837799104207 502.92479623433775 490.4888796200505
v -30.621288875096297 503.4122626910136 491.2550899012414
v -37.37323721737653 495.5058163622581 481.21854513884836
v -33.54804845852527 500.5122170003865 486.99900011786383
v -32.370765150711804 505.0185639313455 484.73808533712776
v -37.37323721737653 495.5058163622581 481.21854513884836
v -32.370765150711804 505.0185639313455 484.73808533712776
v -33.638037691496265 512.2075058789142 473.10836810876145
v -33.638037691496265 512.2075058789142 473.10836810876145
v -32.370765150711804 505.0185639313455 484.73808533712776
v -30.621288875096297 503.4122626910136 491.2550899012414
v -33.638037691496265 512.2075058789142 473.10836810876145
v -30.621288875096297 503.4122626910136 491.2550899012414
v -27.0235786537296 506.3200701013808 496.88597828460354
v -27.0235786537296 506.3200701013808 496.88597828460354
v -30.621288875096297 503.4122626910136 491.2550899012414
v -30.52602914012141 499.5866233564169 493.49863553376275
v -27.0235786537296 506.3200701013808 496.88597828460354
v -30.52602914012141 499.5866233564169 493.49863553376275
v -26.191605002081815 492.26644851226905 504.9548300291785
v -28.834837799104207 502.92479623433775 490.4888796200505
v -30.584311452579414 504.53109747466397 483.9718331016935
v -31.76159213825258 500.0247505437162 486.23283179091635
v -28.834837799104207 502.92479623433775 490.4888796200505
v -31.76159213825258 500.0247505437162 486.23283179091635
v -28.739572819848718 499.0991568997467 492.7324672068152
v -30.52602914012141 499.5866233564169 493.49863553376275
v -28.739572819848718 499.0991568997467 492.7324672068152
v -31.76159213825258 500.0247505437162 486.23283179091635
v -30.52602914012141 499.5866233564169 493.49863553376275
v -31.76159213825258 500.0247505437162 486.23283179091635
v -33.54804845852527 500.5122170003865 486.99900011786383
v -30.621288875096297 503.4122626910136 491.2550899012414
v -28.834837799104207 502.92479623433775 490.4888796200505
v -28.739572819848718 499.0991568997467 492.7324672068152
v -30.621288875096297 503.4122626910136 491.2550899012414
v -28.739572819848718 499.0991568997467 492.7324672068152
v -30.52602914012141 499.5866233564169 493.49863553376275
v -33.54804845852527 500.5122170003865 486.99900011786383
v -31.76159213825258 500.0247505437162 486.23283179091635
v -30.584311452579414 504.53109747466397 483.9718331016935
v -33.54804845852527 500.5122170003865 486.99900011786383
v -30.584311452579414 504.53109747466397 483.9718331016935
v -32.370765150711804 505.0185639313455 484.73808533712776
v -32.95717011894226 393.9556182336549 -410.91342177432324
v -25.85127741248698 410.0208487454201 -516.7689305588262
v -22.34288777831466 403.5386664664981 -516.4163462265968
v -32.95717011894226 393.9556182336549 -410.91342177432324
v -22.34288777831466 403.5386664664981 -516.4163462265968
v -27.876259347330006 384.69367338752534 -412.5269807299512
v -30.41669637815403 408.679753969109 -408.3481734959589
v -24.09707341790977 420.3259016523798 -517.3294406348392
v -25.85127741248698 410.0208487454201 -516.7689305588262
v -30.41669637815403 408.679753969109 -408.3481734959589
v -25.85127741248698 410.0208487454201 -516.7689305588262
v -32.95717011894226 393.9556182336549 -410.91342177432324
v -27.876259347330006 420.855798673764 -406.2269266328324
v -22.34288777831466 428.8476894578949 -517.7928683520942
v -24.09707341790977 420.3259016523798 -517.3294406348392
v -27.876259347330006 420.855798673764 -406.2269266328324
v -24.09707341790977 420.3259016523798 -517.3294406348392
v -30.41669637815403 408.679753969109 -408.3481734959589
v 0.0000036513232914804693 427.5985589634761 -405.0521667701479
v 2.6335033351948534e-7 433.56670271778916 -518.0495450470797
v -22.34288777831466 428.8476894578949 -517.7928683520942
v 0.0000036513232914804693 427.5985589634761 -405.0521667701479
v -22.34288777831466 428.8476894578949 -517.7928683520942
v -27.876259347330006 420.855798673764 -406.2269266328324
v 2.6335033351948534e-7 433.56670271778916 -518.0495450470797
v -0.0000044815343926802535 433.198450484143 -665.7106511104325
v -14.079838001921985 429.7441059444259 -665.3944415140228
v 2.6335033351948534e-7 433.56670271778916 -518.0495450470797
v -14.079838001921985 429.7441059444259 -665.3944415140228
v -22.34288777831466 428.8476894578949 -517.7928683520942
v -22.34288777831466 428.8476894578949 -517.7928683520942
v -14.079838001921985 429.7441059444259 -665.3944415140228
v -15.366532735911846 423.5063491167072 -664.8236112406177
v -22.34288777831466 428.8476894578949 -517.7928683520942
v -15.366532735911846 423.5063491167072 -664.8236112406177
v -24.09707341790977 420.3259016523798 -517.3294406348392
v -25.85127741248698 410.0208487454201 -516.7689305588262
v -16.65324320274351 415.96314406833 -664.1331272897197
v -14.079838001921985 411.2183289726405 -663.6987324163474
v -25.85127741248698 410.0208487454201 -516.7689305588262
v -14.079838001921985 411.2183289726405 -663.6987324163474
v -22.34288777831466 403.5386664664981 -516.4163462265968
v -24.09707341790977 420.3259016523798 -517.3294406348392
v -15.366532735911846 423.5063491167072 -664.8236112406177
v -16.65324320274351 415.96314406833 -664.1331272897197
v -24.09707341790977 420.3259016523798 -517.3294406348392
v -16.65324320274351 415.96314406833 -664.1331272897197
v -25.85127741248698 410.0208487454201 -516.7689305588262
v -0.0000044815343926802535 433.198450484143 -665.7106511104325
v 14.079827513360783 429.7441059444259 -665.3944415140228
v 8.020801378130784 421.5965790235511 -761.0949224373531
v -0.0000044815343926802535 433.198450484143 -665.7106511104325
v 8.020801378130784 421.5965790235511 -761.0949224373531
v -0.000008014204120107408 422.9249759068812 -763.5103123151957
v -16.65324320274351 415.96314406833 -664.1331272897197
v -9.504788570466474 417.3422936647317 -755.2766234865616
v -8.020817110972587 414.6771085240023 -754.3562309373953
v -16.65324320274351 415.96314406833 -664.1331272897197
v -8.020817110972587 414.6771085240023 -754.3562309373953
v -14.079838001921985 411.2183289726405 -663.6987324163474
v -15.366532735911846 423.5063491167072 -664.8236112406177
v -8.762788418947878 419.1974681567006 -756.7328555232316
v -9.504788570466474 417.3422936647317 -755.2766234865616
v -15.366532735911846 423.5063491167072 -664.8236112406177
v -9.504788570466474 417.3422936647317 -755.2766234865616
v -16.65324320274351 415.96314406833 -664.1331272897197
v -14.079838001921985 429.7441059444259 -665.3944415140228
v -8.020817110972587 421.5965790235511 -761.0949224373531
v -8.762788418947878 419.1974681567006 -756.7328555232316
v -14.079838001921985 429.7441059444259 -665.3944415140228
v -8.762788418947878 419.1974681567006 -756.7328555232316
v -15.366532735911846 423.5063491167072 -664.8236112406177
v -0.000008014204120107408 422.9249759068812 -763.5103123151957
v -0.00001009416086846784 408.4273870714949 -810.8372980530032
v -3.296872064696572 408.2205529566555 -808.5674056418635
v -0.000008014204120107408 422.9249759068812 -763.5103123151957
v -3.296872064696572 408.2205529566555 -808.5674056418635
v -8.020817110972587 421.5965790235511 -761.0949224373531
v -8.020817110972587 421.5965790235511 -761.0949224373531
v -3.296872064696572 408.2205529566555 -808.5674056418635
v -3.8043063612660433 407.84707683289355 -804.4684760143275
v -8.020817110972587 421.5965790235511 -761.0949224373531
v -3.8043063612660433 407.84707683289355 -804.4684760143275
v -8.762788418947878 419.1974681567006 -756.7328555232316
v -8.762788418947878 419.1974681567006 -756.7328555232316
v -3.8043063612660433 407.84707683289355 -804.4684760143275
v -4.311769829146357 407.1372952164361 -802.4373870888804
v -8.762788418947878 419.1974681567006 -756.7328555232316
v -4.311769829146357 407.1372952164361 -802.4373870888804
v -9.504788570466474 417.3422936647317 -755.2766234865616
v -9.504788570466474 417.3422936647317 -755.2766234865616
v -4.311769829146357 407.1372952164361 -802.4373870888804
v -3.296872064696572 405.8602922553171 -800.2149028289632
v -9.504788570466474 417.3422936647317 -755.2766234865616
v -3.296872064696572 405.8602922553171 -800.2149028289632
v -8.020817110972587 414.6771085240023 -754.3562309373953
v -4.311769829146357 407.1372952164361 -802.4373870888804
v -3.8043063612660433 407.84707683289355 -804.4684760143275
v -3.29716869431806 406.3205291903511 -808.5116901513817
v -4.311769829146357 407.1372952164361 -802.4373870888804
v -3.29716869431806 406.3205291903511 -808.5116901513817
v -3.2971690220855976 405.15730625919247 -805.3816517141482
v -3.8043063612660433 407.84707683289355 -804.4684760143275
v -3.296872064696572 408.2205529566555 -808.5674056418635
v -3.29716869431806 406.3205291903511 -808.5116901513817
v -3.296872064696572 405.8602922553171 -800.2149028289632
v -4.311769829146357 407.1372952164361 -802.4373870888804
v -3.2971690220855976 405.15730625919247 -805.3816517141482
v -3.296872064696572 408.2205529566555 -808.5674056418635
v -0.00001009416086846784 408.4273870714949 -810.8372980530032
v -0.000010231661341004073 405.20706320733984 -811.2204237707891
v -3.296872064696572 408.2205529566555 -808.5674056418635
v -0.000010231661341004073 405.20706320733984 -811.2204237707891
v -3.29716869431806 406.3205291903511 -808.5116901513817
v -3.29716869431806 406.3205291903511 -808.5116901513817
v -0.000010231661341004073 405.20706320733984 -811.2204237707891
v -0.000010127390993306166 403.6833696823878 -806.116186409053
v -3.29716869431806 406.3205291903511 -808.5116901513817
v -0.000010127390993306166 403.6833696823878 -806.116186409053
v -3.2971690220855976 405.15730625919247 -805.3816517141482
v -43.30822890550962 205.49272403886746 319.1200579002542
v -46.520009895316434 239.7292308037053 305.6286804195805
v -55.67567425101515 241.20287369589656 306.32667296854845
v -43.30822890550962 205.49272403886746 319.1200579002542
v -55.67567425101515 241.20287369589656 306.32667296854845
v -48.703251107992855 204.7690345548732 320.88425490836465
v -54.886357577775016 177.76292022089484 320.4449137002933
v -54.226653299585905 204.02810188249597 322.69044811640634
v -58.22885226155904 200.88423808572148 310.83682247947246
v -54.886357577775016 177.76292022089484 320.4449137002933
v -58.22885226155904 200.88423808572148 310.83682247947246
v -61.06420403411448 181.52476656702896 306.5801265710358
v -46.777860683901054 220.18186666433868 297.33997197720953
v -56.960365669815474 221.8208722173013 298.11629307633336
v -59.30975093620873 234.5773730361008 286.69160548727075
v -46.777860683901054 220.18186666433868 297.33997197720953
v -59.30975093620873 234.5773730361008 286.69160548727075
v -46.394729276041744 233.95414257648716 285.3940657091477
v -50.8130723922568 201.87890993885398 308.41174121624994
v -56.960365669815474 221.8208722173013 298.11629307633336
v -46.777860683901054 220.18186666433868 297.33997197720953
v -50.8130723922568 201.87890993885398 308.41174121624994
v -46.777860683901054 220.18186666433868 297.33997197720953
v -44.81298607116514 202.68384378854415 306.4496250541205
v -56.960365669815474 221.8208722173013 298.11629307633336
v -69.54542243885498 223.84652810178838 299.0758283043089
v -71.92901614760785 234.53942602739647 291.1901911920786
v -56.960365669815474 221.8208722173013 298.11629307633336
v -71.92901614760785 234.53942602739647 291.1901911920786
v -59.30975093620873 234.5773730361008 286.69160548727075
v -48.703251107992855 204.7690345548732 320.88425490836465
v -40.47340418315457 180.283656311661 315.13302367703034
v -30.794806387337985 182.64366602408793 312.26247207424825
v -48.703251107992855 204.7690345548732 320.88425490836465
v -30.794806387337985 182.64366602408793 312.26247207424825
v -43.30822890550962 205.49272403886746 319.1200579002542
v -44.81298607116514 202.68384378854415 306.4496250541205
v -46.777860683901054 220.18186666433868 297.33997197720953
v -46.520009895316434 239.7292308037053 305.6286804195805
v -44.81298607116514 202.68384378854415 306.4496250541205
v -46.520009895316434 239.7292308037053 305.6286804195805
v -43.30822890550962 205.49272403886746 319.1200579002542
v -30.794806387337985 182.64366602408793 312.26247207424825
v -35.779602606237404 186.64209229375848 297.9895750108118
v -44.81298607116514 202.68384378854415 306.4496250541205
v -30.794806387337985 182.64366602408793 312.26247207424825
v -44.81298607116514 202.68384378854415 306.4496250541205
v -43.30822890550962 205.49272403886746 319.1200579002542
v -40.47340418315457 180.283656311661 315.13302367703034
v -48.703251107992855 204.7690345548732 320.88425490836465
v -54.226653299585905 204.02810188249597 322.69044811640634
v -40.47340418315457 180.283656311661 315.13302367703034
v -54.226653299585905 204.02810188249597 322.69044811640634
v -54.886357577775016 177.76292022089484 320.4449137002933
v -40.47340418315457 180.283656311661 315.13302367703034
v -41.01194460234069 151.61390529561035 284.2337902176171
v -31.85332509452337 153.82561736778806 282.2675833277458
v -40.47340418315457 180.283656311661 315.13302367703034
v -31.85332509452337 153.82561736778806 282.2675833277458
v -30.794806387337985 182.64366602408793 312.26247207424825
v -58.22885226155904 200.88423808572148 310.83682247947246
v -69.54542243885498 223.84652810178838 299.0758283043089
v -56.960365669815474 221.8208722173013 298.11629307633336
v -58.22885226155904 200.88423808572148 310.83682247947246
v -56.960365669815474 221.8208722173013 298.11629307633336
v -50.8130723922568 201.87890993885398 308.41174121624994
v -71.92901614760785 234.53942602739647 291.1901911920786
v -69.54542243885498 223.84652810178838 299.0758283043089
v -65.0492174885585 242.71161131491127 307.04136330166284
v -35.779602606237404 186.64209229375848 297.9895750108118
v -45.401100674871486 184.21747306462052 300.9946948578875
v -50.8130723922568 201.87890993885398 308.41174121624994
v -35.779602606237404 186.64209229375848 297.9895750108118
v -50.8130723922568 201.87890993885398 308.41174121624994
v -44.81298607116514 202.68384378854415 306.4496250541205
v -43.964765638215795 160.64243706974025 281.091395198937
v -43.99982365403275 157.87332988099269 271.68728898799446
v -41.72073272481384 150.9365631790108 274.2163336646637
v -43.964765638215795 160.64243706974025 281.091395198937
v -41.72073272481384 150.9365631790108 274.2163336646637
v -41.01194460234069 151.61390529561035 284.2337902176171
v -45.401100674871486 184.21747306462052 300.9946948578875
v -43.964765638215795 160.64243706974025 281.091395198937
v -41.01194460234069 151.61390529561035 284.2337902176171
v -45.401100674871486 184.21747306462052 300.9946948578875
v -41.01194460234069 151.61390529561035 284.2337902176171
v -40.47340418315457 180.283656311661 315.13302367703034
v -30.794806387337985 182.64366602408793 312.26247207424825
v -31.85332509452337 153.82561736778806 282.2675833277458
v -34.84989129703081 162.98765802649052 279.0775912020231
v -30.794806387337985 182.64366602408793 312.26247207424825
v -34.84989129703081 162.98765802649052 279.0775912020231
v -35.779602606237404 186.64209229375848 297.9895750108118
v -35.779602606237404 186.64209229375848 297.9895750108118
v -34.84989129703081 162.98765802649052 279.0775912020231
v -43.964765638215795 160.64243706974025 281.091395198937
v -35.779602606237404 186.64209229375848 297.9895750108118
v -43.964765638215795 160.64243706974025 281.091395198937
v -45.401100674871486 184.21747306462052 300.9946948578875
v -41.72073272481384 150.9365631790108 274.2163336646637
v -40.80503151123253 152.17281829741475 273.60266878077283
v -34.095139677231145 153.79312244854808 272.1621905940456
v -41.72073272481384 150.9365631790108 274.2163336646637
v -34.095139677231145 153.79312244854808 272.1621905940456
v -32.56013874535029 153.1486738164413 272.24968625518346
v -41.01194460234069 151.61390529561035 284.2337902176171
v -41.72073272481384 150.9365631790108 274.2163336646637
v -32.56013874535029 153.1486738164413 272.24968625518346
v -41.01194460234069 151.61390529561035 284.2337902176171
v -32.56013874535029 153.1486738164413 272.24968625518346
v -31.85332509452337 153.82561736778806 282.2675833277458
v -31.85332509452337 153.82561736778806 282.2675833277458
v -32.56013874535029 153.1486738164413 272.24968625518346
v -34.88301941758664 160.2190228229189 269.6730234943401
v -31.85332509452337 153.82561736778806 282.2675833277458
v -34.88301941758664 160.2190228229189 269.6730234943401
v -34.84989129703081 162.98765802649052 279.0775912020231
v -34.84989129703081 162.98765802649052 279.0775912020231
v -34.88301941758664 160.2190228229189 269.6730234943401
v -43.99982365403275 157.87332988099269 271.68728898799446
v -34.84989129703081 162.98765802649052 279.0775912020231
v -43.99982365403275 157.87332988099269 271.68728898799446
v -43.964765638215795 160.64243706974025 281.091395198937
v -32.56013874535029 153.1486738164413 272.24968625518346
v -34.095139677231145 153.79312244854808 272.1621905940456
v -35.79658096468279 158.9719120424474 270.2748153288155
v -32.56013874535029 153.1486738164413 272.24968625518346
v -35.79658096468279 158.9719120424474 270.2748153288155
v -34.88301941758664 160.2190228229189 269.6730234943401
v -34.88301941758664 160.2190228229189 269.6730234943401
v -35.79658096468279 158.9719120424474 270.2748153288155
v -42.47439877852912 157.25379157758994 271.7502414134133
v -34.88301941758664 160.2190228229189 269.6730234943401
v -42.47439877852912 157.25379157758994 271.7502414134133
v -43.99982365403275 157.87332988099269 271.68728898799446
v -43.99982365403275 157.87332988099269 271.68728898799446
v -42.47439877852912 157.25379157758994 271.7502414134133
v -40.80503151123253 152.17281829741475 273.60266878077283
v -43.99982365403275 157.87332988099269 271.68728898799446
v -40.80503151123253 152.17281829741475 273.60266878077283
v -41.72073272481384 150.9365631790108 274.2163336646637
v -54.886357577775016 177.76292022089484 320.4449137002933
v -60.99321745190082 148.39984404327564 290.8542751390224
v -52.349929799470374 147.71059807387297 285.7769726988584
v -54.886357577775016 177.76292022089484 320.4449137002933
v -52.349929799470374 147.71059807387297 285.7769726988584
v -40.47340418315457 180.283656311661 315.13302367703034
v -48.703251107992855 204.7690345548732 320.88425490836465
v -55.67567425101515 241.20287369589656 306.32667296854845
v -65.0492174885585 242.71161131491127 307.04136330166284
v -48.703251107992855 204.7690345548732 320.88425490836465
v -65.0492174885585 242.71161131491127 307.04136330166284
v -54.226653299585905 204.02810188249597 322.69044811640634
v -45.401100674871486 184.21747306462052 300.9946948578875
v -61.06420403411448 181.52476656702896 306.5801265710358
v -58.22885226155904 200.88423808572148 310.83682247947246
v -45.401100674871486 184.21747306462052 300.9946948578875
v -58.22885226155904 200.88423808572148 310.83682247947246
v -50.8130723922568 201.87890993885398 308.41174121624994
v -62.72170611655156 157.87722316997704 286.81775122531076
v -68.47366978957325 152.09941937955554 273.8327878155251
v -67.09696222334969 144.8282879380584 277.0435260605344
v -62.72170611655156 157.87722316997704 286.81775122531076
v -67.09696222334969 144.8282879380584 277.0435260605344
v -60.99321745190082 148.39984404327564 290.8542751390224
v -61.06420403411448 181.52476656702896 306.5801265710358
v -62.72170611655156 157.87722316997704 286.81775122531076
v -60.99321745190082 148.39984404327564 290.8542751390224
v -61.06420403411448 181.52476656702896 306.5801265710358
v -60.99321745190082 148.39984404327564 290.8542751390224
v -54.886357577775016 177.76292022089484 320.4449137002933
v -40.47340418315457 180.283656311661 315.13302367703034
v -52.349929799470374 147.71059807387297 285.7769726988584
v -54.10445631730454 157.32799947965754 281.67965706768894
v -40.47340418315457 180.283656311661 315.13302367703034
v -54.10445631730454 157.32799947965754 281.67965706768894
v -45.401100674871486 184.21747306462052 300.9946948578875
v -45.401100674871486 184.21747306462052 300.9946948578875
v -54.10445631730454 157.32799947965754 281.67965706768894
v -62.72170611655156 157.87722316997704 286.81775122531076
v -45.401100674871486 184.21747306462052 300.9946948578875
v -62.72170611655156 157.87722316997704 286.81775122531076
v -61.06420403411448 181.52476656702896 306.5801265710358
v -67.09696222334969 144.8282879380584 277.0435260605344
v -66.13045179716664 145.72109506337722 275.92160654146966
v -59.798124567166724 145.21610182469354 272.20181752930836
v -67.09696222334969 144.8282879380584 277.0435260605344
v -59.798124567166724 145.21610182469354 272.20181752930836
v -58.45181809558653 144.13892659434273 271.9651537871801
v -60.99321745190082 148.39984404327564 290.8542751390224
v -67.09696222334969 144.8282879380584 277.0435260605344
v -58.45181809558653 144.13892659434273 271.9651537871801
v -60.99321745190082 148.39984404327564 290.8542751390224
v -58.45181809558653 144.13892659434273 271.9651537871801
v -52.349929799470374 147.71059807387297 285.7769726988584
v -52.349929799470374 147.71059807387297 285.7769726988584
v -58.45181809558653 144.13892659434273 271.9651537871801
v -59.85457924783532 151.5501012920391 268.6935818704665
v -52.349929799470374 147.71059807387297 285.7769726988584
v -59.85457924783532 151.5501012920391 268.6935818704665
v -54.10445631730454 157.32799947965754 281.67965706768894
v -54.10445631730454 157.32799947965754 281.67965706768894
v -59.85457924783532 151.5501012920391 268.6935818704665
v -68.47366978957325 152.09941937955554 273.8327878155251
v -54.10445631730454 157.32799947965754 281.67965706768894
v -68.47366978957325 152.09941937955554 273.8327878155251
v -62.72170611655156 157.87722316997704 286.81775122531076
v -58.45181809558653 144.13892659434273 271.9651537871801
v -59.798124567166724 145.21610182469354 272.20181752930836
v -60.82559975533513 150.6445086097057 269.80547432708346
v -58.45181809558653 144.13892659434273 271.9651537871801
v -60.82559975533513 150.6445086097057 269.80547432708346
v -59.85457924783532 151.5501012920391 268.6935818704665
v -59.85457924783532 151.5501012920391 268.6935818704665
v -60.82559975533513 150.6445086097057 269.80547432708346
v -67.13884304822841 151.04691324076978 273.5697977823669
v -59.85457924783532 151.5501012920391 268.6935818704665
v -67.13884304822841 151.04691324076978 273.5697977823669
v -68.47366978957325 152.09941937955554 273.8327878155251
v -68.47366978957325 152.09941937955554 273.8327878155251
v -67.13884304822841 151.04691324076978 273.5697977823669
v -66.13045179716664 145.72109506337722 275.92160654146966
v -68.47366978957325 152.09941937955554 273.8327878155251
v -66.13045179716664 145.72109506337722 275.92160654146966
v -67.09696222334969 144.8282879380584 277.0435260605344
v -54.226653299585905 204.02810188249597 322.69044811640634
v -65.0492174885585 242.71161131491127 307.04136330166284
v -69.54542243885498 223.84652810178838 299.0758283043089
v -54.226653299585905 204.02810188249597 322.69044811640634
v -69.54542243885498 223.84652810178838 299.0758283043089
v -58.22885226155904 200.88423808572148 310.83682247947246
v -46.520009895316434 239.7292308037053 305.6286804195805
v -46.777860683901054 220.18186666433868 297.33997197720953
v -46.394729276041744 233.95414257648716 285.3940657091477
v -41.16456627852813 424.95989793450565 287.58617023909346
v -41.54049466698211 467.8722530397683 307.5200938975648
v -36.05575068983853 492.6183340925002 306.8795751391629
v -41.16456627852813 424.95989793450565 287.58617023909346
v -36.05575068983853 492.6183340925002 306.8795751391629
v -34.596228066506 437.57331474389736 283.1398788090219
v -41.954892475783936 395.3769124982856 290.718268252699
v -42.17506573039145 437.3238168401433 312.7737551967985
v -41.54049466698211 467.8722530397683 307.5200938975648
v -41.954892475783936 395.3769124982856 290.718268252699
v -41.54049466698211 467.8722530397683 307.5200938975648
v -41.16456627852813 424.95989793450565 287.58617023909346
v -38.64444559075196 504.9115185540442 335.12040114482505
v -22.33393841346924 527.1838927355603 328.7223970153636
v -27.962931572820935 505.79511211002523 299.66566708381595
v -38.64444559075196 504.9115185540442 335.12040114482505
v -27.962931572820935 505.79511211002523 299.66566708381595
v -36.05575068983853 492.6183340925002 306.8795751391629
v -30.549819819067352 446.82808437861434 277.0442616376881
v -27.962931572820935 505.79511211002523 299.66566708381595
v 0.000029718922094129543 520.7069082868985 295.6129690791227
v -30.549819819067352 446.82808437861434 277.0442616376881
v 0.000029718922094129543 520.7069082868985 295.6129690791227
v 0.000026547955217432525 455.1965293668437 276.1509078320909
v -40.78864051221444 381.33650001977634 250.58740013920652
v -41.16456627852813 424.95989793450565 287.58617023909346
v -34.596228066506 437.57331474389736 283.1398788090219
v -40.78864051221444 381.33650001977634 250.58740013920652
v -34.596228066506 437.57331474389736 283.1398788090219
v -33.13670806531377 410.96974738464365 253.00081400763955
v -41.73472446545702 353.4299662021873 268.6628022857268
v -41.954892475783936 395.3769124982856 290.718268252699
v -41.16456627852813 424.95989793450565 287.58617023909346
v -41.73472446545702 353.4299662021873 268.6628022857268
v -41.16456627852813 424.95989793450565 287.58617023909346
v -40.78864051221444 381.33650001977634 250.58740013920652
v -33.13670806531377 410.96974738464365 253.00081400763955
v -30.549819819067352 446.82808437861434 277.0442616376881
v 0.000026547955217432525 455.1965293668437 276.1509078320909
v -33.13670806531377 410.96974738464365 253.00081400763955
v 0.000026547955217432525 455.1965293668437 276.1509078320909
v 0.000024464206206264603 422.03840932952284 251.3560593404679
v -36.05575068983853 492.6183340925002 306.8795751391629
v -27.962931572820935 505.79511211002523 299.66566708381595
v -30.549819819067352 446.82808437861434 277.0442616376881
v -36.05575068983853 492.6183340925002 306.8795751391629
v -30.549819819067352 446.82808437861434 277.0442616376881
v -34.596228066506 437.57331474389736 283.1398788090219
v -0.0000044815343926802535 433.198450484143 -665.7106511104325
v -0.000008014204120107408 422.9249759068812 -763.5103123151957
v -8.020817110972587 421.5965790235511 -761.0949224373531
v -0.0000044815343926802535 433.198450484143 -665.7106511104325
v -8.020817110972587 421.5965790235511 -761.0949224373531
v -14.079838001921985 429.7441059444259 -665.3944415140228
vn 0.33670630788382283 0.9347992403202579 -0.11304531183518099
vn 0.33670630788382283 0.9347992403202579 -0.11304531183518099
vn 0.33670630788382283 0.9347992403202579 -0.11304531183518099
vn 0.33670630788382283 0.9347992403202579 -0.11304531183518099
vn 0.33670630788382283 0.9347992403202579 -0.11304531183518099
vn 0.33670630788382283 0.9347992403202579 -0.11304531183518099
vn 0.7257014379545996 0.45407561421940534 0.5168875695176818
vn 0.7257014379545996 0.45407561421940534 0.5168875695176818
vn 0.7257014379545996 0.45407561421940534 0.5168875695176818
vn 0.7257014379545996 0.45407561421940534 0.5168875695176818
vn 0.7257014379545996 0.45407561421940534 0.5168875695176818
vn 0.7257014379545996 0.45407561421940534 0.5168875695176818
vn 0.32938258465237275 0.9441779192933234 0.005930400210173644
vn 0.32938258465237275 0.9441779192933234 0.005930400210173644
vn 0.32938258465237275 0.9441779192933234 0.005930400210173644
vn 0.32938258465237275 0.9441779192933234 0.005930400210173644
vn 0.32938258465237275 0.9441779192933234 0.005930400210173644
vn 0.32938258465237275 0.9441779192933234 0.005930400210173644
vn 0.08895404034773394 0.02661584195435913 0.9956800568771447
vn 0.08895404034773394 0.02661584195435913 0.9956800568771447
vn 0.08895404034773394 0.02661584195435913 0.9956800568771447
vn 0.08895404034773394 0.02661584195435913 0.9956800568771447
vn 0.08895404034773394 0.02661584195435913 0.9956800568771447
vn 0.08895404034773394 0.02661584195435913 0.9956800568771447
vn 0.2168488221614506 -0.39958061986241417 -0.8906805917710122
vn 0.2168488221614506 -0.39958061986241417 -0.8906805917710122
vn 0.2168488221614506 -0.39958061986241417 -0.8906805917710122
vn 0.2168488221614506 -0.39958061986241417 -0.8906805917710122
vn 0.2168488221614506 -0.39958061986241417 -0.8906805917710122
vn 0.2168488221614506 -0.39958061986241417 -0.8906805917710122
vn 0.9238145387214277 0.38138219155219594 0.033381462127353156
vn 0.9238145387214277 0.38138219155219594 0.033381462127353156
vn 0.9238145387214277 0.38138219155219594 0.033381462127353156
vn 0.9238145387214277 0.38138219155219594 0.033381462127353156
vn 0.9238145387214277 0.38138219155219594 0.033381462127353156
vn 0.9238145387214277 0.38138219155219594 0.033381462127353156
vn 0.8431677753750384 0.4682608097163652 0.2641967385356654
vn 0.8431677753750384 0.4682608097163652 0.2641967385356654
vn 0.8431677753750384 0.4682608097163652 0.2641967385356654
vn 0.8431677753750384 0.4682608097163652 0.2641967385356654
vn 0.8431677753750384 0.4682608097163652 0.2641967385356654
vn 0.8431677753750384 0.4682608097163652 0.2641967385356654
vn 0.9939228062296094 0.038541562219937875 0.10311160574011513
vn 0.9939228062296094 0.038541562219937875 0.10311160574011513
vn 0.9939228062296094 0.038541562219937875 0.10311160574011513
vn 0.9939228062296094 0.038541562219937875 0.10311160574011513
vn 0.9939228062296094 0.038541562219937875 0.10311160574011513
vn 0.9939228062296094 0.038541562219937875 0.10311160574011513
vn 0.2895076684691219 0.9565106294512561 -0.03567528057822138
vn 0.2895076684691219 0.9565106294512561 -0.03567528057822138
vn 0.2895076684691219 0.9565106294512561 -0.03567528057822138
vn 0.2895076684691219 0.9565106294512561 -0.03567528057822138
vn 0.2895076684691219 0.9565106294512561 -0.03567528057822138
vn 0.2895076684691219 0.9565106294512561 -0.03567528057822138
vn 0.9034208860821369 0.41490749603258964 0.1080854861974245
vn 0.9034208860821369 0.41490749603258964 0.1080854861974245
vn 0.9034208860821369 0.41490749603258964 0.1080854861974245
vn 0.9034208860821369 0.41490749603258964 0.1080854861974245
vn 0.9034208860821369 0.41490749603258964 0.1080854861974245
vn 0.9034208860821369 0.41490749603258964 0.1080854861974245
vn 0.9496228206842373 -0.2704069057113641 0.15841907643752423
vn 0.9496228206842373 -0.2704069057113641 0.15841907643752423
vn 0.9496228206842373 -0.2704069057113641 0.15841907643752423
vn 0.9496228206842373 -0.2704069057113641 0.15841907643752423
vn 0.9496228206842373 -0.2704069057113641 0.15841907643752423
vn 0.9496228206842373 -0.2704069057113641 0.15841907643752423
vn 0.5010338145704238 0.839615355016911 0.20978839881374894
vn 0.5010338145704238 0.839615355016911 0.20978839881374894
vn 0.5010338145704238 0.839615355016911 0.20978839881374894
vn 0.5010338145704238 0.839615355016911 0.20978839881374894
vn 0.5010338145704238 0.839615355016911 0.20978839881374894
vn 0.5010338145704238 0.839615355016911 0.20978839881374894
vn 0.34342323741656894 0.8840881036292185 -0.31693643688224754
vn 0.34342323741656894 0.8840881036292185 -0.31693643688224754
vn 0.34342323741656894 0.8840881036292185 -0.31693643688224754
vn 0.34342323741656894 0.8840881036292185 -0.31693643688224754
vn 0.34342323741656894 0.8840881036292185 -0.31693643688224754
vn 0.34342323741656894 0.8840881036292185 -0.31693643688224754
vn 0.8473074082462956 0.5084546018638225 0.15344078263110908
vn 0.8473074082462956 0.5084546018638225 0.15344078263110908
vn 0.8473074082462956 0.5084546018638225 0.15344078263110908
vn 0.8473074082462956 0.5084546018638225 0.15344078263110908
vn 0.8473074082462956 0.5084546018638225 0.15344078263110908
vn 0.8473074082462956 0.5084546018638225 0.15344078263110908
vn 0.28093772744212403 0.9576668432478531 -0.06283478848016279
vn 0.28093772744212403 0.9576668432478531 -0.06283478848016279
vn 0.28093772744212403 0.9576668432478531 -0.06283478848016279
vn 0.28093772744212403 0.9576668432478531 -0.06283478848016279
vn 0.28093772744212403 0.9576668432478531 -0.06283478848016279
vn 0.28093772744212403 0.9576668432478531 -0.06283478848016279
vn 0.2131005111745279 -0.08842364985124568 0.9730207758748727
vn 0.2131005111745279 -0.08842364985124568 0.9730207758748727
vn 0.2131005111745279 -0.08842364985124568 0.9730207758748727
vn 0.2131005111745279 -0.08842364985124568 0.9730207758748727
vn 0.2131005111745279 -0.08842364985124568 0.9730207758748727
vn 0.2131005111745279 -0.08842364985124568 0.9730207758748727
vn 0.11087096566815273 -0.3525193361713471 -0.929213509693614
vn 0.11087096566815273 -0.3525193361713471 -0.929213509693614
vn 0.11087096566815273 -0.3525193361713471 -0.929213509693614
vn 0.11087096566815273 -0.3525193361713471 -0.929213509693614
vn 0.11087096566815273 -0.3525193361713471 -0.929213509693614
vn 0.11087096566815273 -0.3525193361713471 -0.929213509693614
vn 0.9326059525423657 0.3419779095821749 -0.11531368800083061
vn 0.9326059525423657 0.3419779095821749 -0.11531368800083061
vn 0.9326059525423657 0.3419779095821749 -0.11531368800083061
vn 0.9326059525423657 0.3419779095821749 -0.11531368800083061
vn 0.9326059525423657 0.3419779095821749 -0.11531368800083061
vn 0.9326059525423657 0.3419779095821749 -0.11531368800083061
vn 0.23641846604149125 0.9539548638374863 -0.18459801373631166
vn 0.23641846604149125 0.9539548638374863 -0.18459801373631166
vn 0.23641846604149125 0.9539548638374863 -0.18459801373631166
vn 0.23641846604149125 0.9539548638374863 -0.18459801373631166
vn 0.23641846604149125 0.9539548638374863 -0.18459801373631166
vn 0.23641846604149125 0.9539548638374863 -0.18459801373631166
vn 0.5400343095735757 -0.41452385905390565 -0.7324840713342846
vn 0.5400343095735757 -0.41452385905390565 -0.7324840713342846
vn 0.5400343095735757 -0.41452385905390565 -0.7324840713342846
vn 0.5400343095735757 -0.41452385905390565 -0.7324840713342846
vn 0.5400343095735757 -0.41452385905390565 -0.7324840713342846
vn 0.5400343095735757 -0.41452385905390565 -0.7324840713342846
vn 0.79942742647398 0.05412023295659032 -0.5983199730795501
vn 0.79942742647398 0.05412023295659032 -0.5983199730795501
vn 0.79942742647398 0.05412023295659032 -0.5983199730795501
vn 0.79942742647398 0.05412023295659032 -0.5983199730795501
vn 0.79942742647398 0.05412023295659032 -0.5983199730795501
vn 0.79942742647398 0.05412023295659032 -0.5983199730795501
vn 0.7752171930812249 0.08252279821774933 -0.6262813196364551
vn 0.7752171930812249 0.08252279821774933 -0.6262813196364551
vn 0.7752171930812249 0.08252279821774933 -0.6262813196364551
vn 0.7752171930812249 0.08252279821774933 -0.6262813196364551
vn 0.7752171930812249 0.08252279821774933 -0.6262813196364551
vn 0.7752171930812249 0.08252279821774933 -0.6262813196364551
vn 0.25498932393579754 0.9618433899923643 -0.09918537093120908
vn 0.25498932393579754 0.9618433899923643 -0.09918537093120908
vn 0.25498932393579754 0.9618433899923643 -0.09918537093120908
vn 0.25498932393579754 0.9618433899923643 -0.09918537093120908
vn 0.25498932393579754 0.9618433899923643 -0.09918537093120908
vn 0.25498932393579754 0.9618433899923643 -0.09918537093120908
vn 0.7967469104472803 -0.510715388620827 -0.3230544110805347
vn 0.7967469104472803 -0.510715388620827 -0.3230544110805347
vn 0.7967469104472803 -0.510715388620827 -0.3230544110805347
vn 0.7967469104472803 -0.510715388620827 -0.3230544110805347
vn 0.7967469104472803 -0.510715388620827 -0.3230544110805347
vn 0.7967469104472803 -0.510715388620827 -0.3230544110805347
vn 0.9680595599242409 0.24751146962345222 -0.039984507551352036
vn 0.9680595599242409 0.24751146962345222 -0.039984507551352036
vn 0.9680595599242409 0.24751146962345222 -0.039984507551352036
vn 0.9680595599242409 0.24751146962345222 -0.039984507551352036
vn 0.9680595599242409 0.24751146962345222 -0.039984507551352036
vn 0.9680595599242409 0.24751146962345222 -0.039984507551352036
vn 0.9718949592198656 0.23198287028807527 -0.04005166832882306
vn 0.9718949592198656 0.23198287028807527 -0.04005166832882306
vn 0.9718949592198656 0.23198287028807527 -0.04005166832882306
vn 0.9718949592198656 0.23198287028807527 -0.04005166832882306
vn 0.9718949592198656 0.23198287028807527 -0.04005166832882306
vn 0.9718949592198656 0.23198287028807527 -0.04005166832882306
vn 0.35750633349262506 0.9147110352117626 0.18839571007452832
vn 0.35750633349262506 0.9147110352117626 0.18839571007452832
vn 0.35750633349262506 0.9147110352117626 0.18839571007452832
vn 0.35750633349262506 0.9147110352117626 0.18839571007452832
vn 0.35750633349262506 0.9147110352117626 0.18839571007452832
vn 0.35750633349262506 0.9147110352117626 0.18839571007452832
vn 0.8479292985774445 -0.4768845911553641 -0.23151024023257438
vn 0.8479292985774445 -0.4768845911553641 -0.23151024023257438
vn 0.8479292985774445 -0.4768845911553641 -0.23151024023257438
vn 0.8479292985774445 -0.4768845911553641 -0.23151024023257438
vn 0.8479292985774445 -0.4768845911553641 -0.23151024023257438
vn 0.8479292985774445 -0.4768845911553641 -0.23151024023257438
vn 0.9702272954629977 0.2113621434047316 -0.1182583590022914
vn 0.9702272954629977 0.2113621434047316 -0.1182583590022914
vn 0.9702272954629977 0.2113621434047316 -0.1182583590022914
vn 0.9702272954629977 0.2113621434047316 -0.1182583590022914
vn 0.9702272954629977 0.2113621434047316 -0.1182583590022914
vn 0.9702272954629977 0.2113621434047316 -0.1182583590022914
vn 0.9661325997922295 0.23440460663601415 -0.1078993976189074
vn 0.9661325997922295 0.23440460663601415 -0.1078993976189074
vn 0.9661325997922295 0.23440460663601415 -0.1078993976189074
vn 0.9661325997922295 0.23440460663601415 -0.1078993976189074
vn 0.9661325997922295 0.23440460663601415 -0.1078993976189074
vn 0.9661325997922295 0.23440460663601415 -0.1078993976189074
vn 0.3318555778332761 0.942386735263473 0.042179576342053944
vn 0.3318555778332761 0.942386735263473 0.042179576342053944
vn 0.3318555778332761 0.942386735263473 0.042179576342053944
vn 0.3318555778332761 0.942386735263473 0.042179576342053944
vn 0.3318555778332761 0.942386735263473 0.042179576342053944
vn 0.3318555778332761 0.942386735263473 0.042179576342053944
vn 0.9793343336066965 0.20167080297852183 0.015269258172090593
vn 0.9793343336066965 0.20167080297852183 0.015269258172090593
vn 0.9793343336066965 0.20167080297852183 0.015269258172090593
vn 0.9793343336066965 0.20167080297852183 0.015269258172090593
vn 0.9793343336066965 0.20167080297852183 0.015269258172090593
vn 0.9793343336066965 0.20167080297852183 0.015269258172090593
vn 0.9856751772479386 0.16837545806913481 0.009703096271491862
vn 0.9856751772479386 0.16837545806913481 0.009703096271491862
vn 0.9856751772479386 0.16837545806913481 0.009703096271491862
vn 0.9856751772479386 0.16837545806913481 0.009703096271491862
vn 0.9856751772479386 0.16837545806913481 0.009703096271491862
vn 0.9856751772479386 0.16837545806913481 0.009703096271491862
vn 0.26309506004544136 0.9567162728554344 0.12439840285667512
vn 0.26309506004544136 0.9567162728554344 0.12439840285667512
vn 0.26309506004544136 0.9567162728554344 0.12439840285667512
vn 0.26309506004544136 0.9567162728554344 0.12439840285667512
vn 0.26309506004544136 0.9567162728554344 0.12439840285667512
vn 0.26309506004544136 0.9567162728554344 0.12439840285667512
vn 0.87936545163795 -0.46314809208654567 -0.11049998761165875
vn 0.87936545163795 -0.46314809208654567 -0.11049998761165875
vn 0.87936545163795 -0.46314809208654567 -0.11049998761165875
vn 0.87936545163795 -0.46314809208654567 -0.11049998761165875
vn 0.87936545163795 -0.46314809208654567 -0.11049998761165875
vn 0.87936545163795 -0.46314809208654567 -0.11049998761165875
vn 0.9822835223487065 0.08858986393118419 0.16513908601803617
vn 0.9822835223487065 0.08858986393118419 0.16513908601803617
vn 0.9822835223487065 0.08858986393118419 0.16513908601803617
vn 0.9822835223487065 0.08858986393118419 0.16513908601803617
vn 0.9822835223487065 0.08858986393118419 0.16513908601803617
vn 0.9822835223487065 0.08858986393118419 0.16513908601803617
vn 0.9802778267599135 0.1204153688355908 0.1567020143809567
vn 0.9802778267599135 0.1204153688355908 0.1567020143809567
vn 0.9802778267599135 0.1204153688355908 0.1567020143809567
vn 0.9802778267599135 0.1204153688355908 0.1567020143809567
vn 0.9802778267599135 0.1204153688355908 0.1567020143809567
vn 0.9802778267599135 0.1204153688355908 0.1567020143809567
vn 0.9974735780926388 0.04510132297504788 -0.05488471256158986
vn 0.9974735780926388 0.04510132297504788 -0.05488471256158986
vn 0.9974735780926388 0.04510132297504788 -0.05488471256158986
vn 0.9974735780926388 0.04510132297504788 -0.05488471256158986
vn 0.9974735780926388 0.04510132297504788 -0.05488471256158986
vn 0.9974735780926388 0.04510132297504788 -0.05488471256158986
vn 0.9932188244648547 0.08771920839508993 -0.07630011276001472
vn 0.9932188244648547 0.08771920839508993 -0.07630011276001472
vn 0.9932188244648547 0.08771920839508993 -0.07630011276001472
vn 0.9932188244648547 0.08771920839508993 -0.07630011276001472
vn 0.9932188244648547 0.08771920839508993 -0.07630011276001472
vn 0.9932188244648547 0.08771920839508993 -0.07630011276001472
vn 0.28663688481569216 -0.12559829249670465 -0.9497706908433571
vn 0.28663688481569216 -0.12559829249670465 -0.9497706908433571
vn 0.28663688481569216 -0.12559829249670465 -0.9497706908433571
vn 0.28663688481569216 -0.12559829249670465 -0.9497706908433571
vn 0.28663688481569216 -0.12559829249670465 -0.9497706908433571
vn 0.28663688481569216 -0.12559829249670465 -0.9497706908433571
vn 0.400172306075932 0.24066178267390717 0.8842759930078887
vn 0.400172306075932 0.24066178267390717 0.8842759930078887
vn 0.400172306075932 0.24066178267390717 0.8842759930078887
vn 0.400172306075932 0.24066178267390717 0.8842759930078887
vn 0.400172306075932 0.24066178267390717 0.8842759930078887
vn 0.400172306075932 0.24066178267390717 0.8842759930078887
vn 0.9814736549799714 -0.14113445892196635 -0.12957827397005975
vn 0.9814736549799714 -0.14113445892196635 -0.12957827397005975
vn 0.9814736549799714 -0.14113445892196635 -0.12957827397005975
vn 0.9814736549799714 -0.14113445892196635 -0.12957827397005975
vn 0.9814736549799714 -0.14113445892196635 -0.12957827397005975
vn 0.9814736549799714 -0.14113445892196635 -0.12957827397005975
vn 0.9703321517767947 -0.08275048189518848 0.22717366258950406
vn 0.9703321517767947 -0.08275048189518848 0.22717366258950406
vn 0.9703321517767947 -0.08275048189518848 0.22717366258950406
vn 0.9703321517767947 -0.08275048189518848 0.22717366258950406
vn 0.9703321517767947 -0.08275048189518848 0.22717366258950406
vn 0.9703321517767947 -0.08275048189518848 0.22717366258950406
vn 0.99120915514271 -0.008767177216896127 -0.13201343630450088
vn 0.99120915514271 -0.008767177216896127 -0.13201343630450088
vn 0.99120915514271 -0.008767177216896127 -0.13201343630450088
vn 0.99120915514271 -0.008767177216896127 -0.13201343630450088
vn 0.99120915514271 -0.008767177216896127 -0.13201343630450088
vn 0.99120915514271 -0.008767177216896127 -0.13201343630450088
vn 0.15782740369491918 -0.7809781314036115 0.6042877368540954
vn 0.15782740369491918 -0.7809781314036115 0.6042877368540954
vn 0.15782740369491918 -0.7809781314036115 0.6042877368540954
vn 0.15782740369491918 -0.7809781314036115 0.6042877368540954
vn 0.15782740369491918 -0.7809781314036115 0.6042877368540954
vn 0.15782740369491918 -0.7809781314036115 0.6042877368540954
vn -0.06067270491709054 -0.5442246053490727 -0.8367427333480045
vn -0.06067270491709054 -0.5442246053490727 -0.8367427333480045
vn -0.06067270491709054 -0.5442246053490727 -0.8367427333480045
vn -0.06067270491709054 -0.5442246053490727 -0.8367427333480045
vn -0.06067270491709054 -0.5442246053490727 -0.8367427333480045
vn -0.06067270491709054 -0.5442246053490727 -0.8367427333480045
vn 0.187507281203077 -0.11397902122303588 0.975627901516182
vn 0.187507281203077 -0.11397902122303588 0.975627901516182
vn 0.187507281203077 -0.11397902122303588 0.975627901516182
vn 0.187507281203077 -0.11397902122303588 0.975627901516182
vn 0.187507281203077 -0.11397902122303588 0.975627901516182
vn 0.187507281203077 -0.11397902122303588 0.975627901516182
vn -0.9913835927963481 -0.1277646325533471 0.028892396970709836
vn -0.9913835927963481 -0.1277646325533471 0.028892396970709836
vn -0.9913835927963481 -0.1277646325533471 0.028892396970709836
vn -0.9913835927963481 -0.1277646325533471 0.028892396970709836
vn -0.9913835927963481 -0.1277646325533471 0.028892396970709836
vn -0.9913835927963481 -0.1277646325533471 0.028892396970709836
vn -0.9504330563283905 -0.1414274756027927 -0.2769030057310609
vn -0.9504330563283905 -0.1414274756027927 -0.2769030057310609
vn -0.9504330563283905 -0.1414274756027927 -0.2769030057310609
vn -0.9504330563283905 -0.1414274756027927 -0.2769030057310609
vn -0.9504330563283905 -0.1414274756027927 -0.2769030057310609
vn -0.9504330563283905 -0.1414274756027927 -0.2769030057310609
vn -0.970520120820379 0.06224427322105738 -0.23284403693025812
vn -0.970520120820379 0.06224427322105738 -0.23284403693025812
vn -0.970520120820379 0.06224427322105738 -0.23284403693025812
vn -0.9734828609158531 0.11916554176733644 -0.19527082003817858
vn -0.9734828609158531 0.11916554176733644 -0.19527082003817858
vn -0.9734828609158531 0.11916554176733644 -0.19527082003817858
vn -0.9734828609158531 0.11916554176733644 -0.19527082003817858
vn -0.9734828609158531 0.11916554176733644 -0.19527082003817858
vn -0.9734828609158531 0.11916554176733644 -0.19527082003817858
vn -0.0009758217858578887 0.6123867469279548 -0.7905577271514329
vn -0.0009758217858578887 0.6123867469279548 -0.7905577271514329
vn -0.0009758217858578887 0.6123867469279548 -0.7905577271514329
vn -0.0009758217858578887 0.6123867469279548 -0.7905577271514329
vn -0.0009758217858578887 0.6123867469279548 -0.7905577271514329
vn -0.0009758217858578887 0.6123867469279548 -0.7905577271514329
vn 0.9288741224062855 -0.31453968096233387 0.19559563856095125
vn 0.9288741224062855 -0.31453968096233387 0.19559563856095125
vn 0.9288741224062855 -0.31453968096233387 0.19559563856095125
vn 0.9288741224062855 -0.31453968096233387 0.19559563856095125
vn 0.9288741224062855 -0.31453968096233387 0.19559563856095125
vn 0.9288741224062855 -0.31453968096233387 0.19559563856095125
vn -0.9821004011729294 -0.1686358994930521 0.08390909019969495
vn -0.9821004011729294 -0.1686358994930521 0.08390909019969495
vn -0.9821004011729294 -0.1686358994930521 0.08390909019969495
vn -0.9821004011729294 -0.1686358994930521 0.08390909019969495
vn -0.9821004011729294 -0.1686358994930521 0.08390909019969495
vn -0.9821004011729294 -0.1686358994930521 0.08390909019969495
vn 0.9884824032896274 -0.006315223836190776 -0.15120402221720589
vn 0.9884824032896274 -0.006315223836190776 -0.15120402221720589
vn 0.9884824032896274 -0.006315223836190776 -0.15120402221720589
vn 0.22268971400661233 0.8174922530632786 -0.531145655594751
vn 0.22268971400661233 0.8174922530632786 -0.531145655594751
vn 0.22268971400661233 0.8174922530632786 -0.531145655594751
vn 0.22268971400661233 0.8174922530632786 -0.531145655594751
vn 0.22268971400661233 0.8174922530632786 -0.531145655594751
vn 0.22268971400661233 0.8174922530632786 -0.531145655594751
vn -0.9948599589504415 -0.023771722483758206 -0.09843052010063237
vn -0.9948599589504415 -0.023771722483758206 -0.09843052010063237
vn -0.9948599589504415 -0.023771722483758206 -0.09843052010063237
vn -0.9948599589504415 -0.023771722483758206 -0.09843052010063237
vn -0.9948599589504415 -0.023771722483758206 -0.09843052010063237
vn -0.9948599589504415 -0.023771722483758206 -0.09843052010063237
vn 0.28490726761709284 -0.12533361184983607 0.9503259096750108
vn 0.28490726761709284 -0.12533361184983607 0.9503259096750108
vn 0.28490726761709284 -0.12533361184983607 0.9503259096750108
vn 0.28490726761709284 -0.12533361184983607 0.9503259096750108
vn 0.28490726761709284 -0.12533361184983607 0.9503259096750108
vn 0.28490726761709284 -0.12533361184983607 0.9503259096750108
vn 0.9674458711356361 0.23527970533311984 0.09323061021451336
vn 0.9674458711356361 0.23527970533311984 0.09323061021451336
vn 0.9674458711356361 0.23527970533311984 0.09323061021451336
vn 0.9674458711356361 0.23527970533311984 0.09323061021451336
vn 0.9674458711356361 0.23527970533311984 0.09323061021451336
vn 0.9674458711356361 0.23527970533311984 0.09323061021451336
vn 0.9563332845267598 -0.28781999793720775 0.050855655473949726
vn 0.9563332845267598 -0.28781999793720775 0.050855655473949726
vn 0.9563332845267598 -0.28781999793720775 0.050855655473949726
vn 0.9563332845267598 -0.28781999793720775 0.050855655473949726
vn 0.9563332845267598 -0.28781999793720775 0.050855655473949726
vn 0.9563332845267598 -0.28781999793720775 0.050855655473949726
vn -0.9878816860020427 -0.1350419623784675 -0.07650779606506793
vn -0.9878816860020427 -0.1350419623784675 -0.07650779606506793
vn -0.9878816860020427 -0.1350419623784675 -0.07650779606506793
vn -0.9878816860020427 -0.1350419623784675 -0.07650779606506793
vn -0.9878816860020427 -0.1350419623784675 -0.07650779606506793
vn -0.9878816860020427 -0.1350419623784675 -0.07650779606506793
vn 0.2007000696889546 -0.877103929494504 0.4363578564574595
vn 0.2007000696889546 -0.877103929494504 0.4363578564574595
vn 0.2007000696889546 -0.877103929494504 0.4363578564574595
vn 0.2007000696889546 -0.877103929494504 0.4363578564574595
vn 0.2007000696889546 -0.877103929494504 0.4363578564574595
vn 0.2007000696889546 -0.877103929494504 0.4363578564574595
vn -0.0645013520130753 0.2528108620655966 -0.9653632702822991
vn -0.0645013520130753 0.2528108620655966 -0.9653632702822991
vn -0.0645013520130753 0.2528108620655966 -0.9653632702822991
vn -0.0645013520130753 0.2528108620655966 -0.9653632702822991
vn -0.0645013520130753 0.2528108620655966 -0.9653632702822991
vn -0.0645013520130753 0.2528108620655966 -0.9653632702822991
vn 0.994760215299355 0.09498430605696415 -0.037816605617873915
vn 0.994760215299355 0.09498430605696415 -0.037816605617873915
vn 0.994760215299355 0.09498430605696415 -0.037816605617873915
vn 0.994760215299355 0.09498430605696415 -0.037816605617873915
vn 0.994760215299355 0.09498430605696415 -0.037816605617873915
vn 0.994760215299355 0.09498430605696415 -0.037816605617873915
vn 0.24358067570054734 0.14789118828912906 0.958538810300185
vn 0.24358067570054734 0.14789118828912906 0.958538810300185
vn 0.24358067570054734 0.14789118828912906 0.958538810300185
vn 0.24358067570054734 0.14789118828912906 0.958538810300185
vn 0.24358067570054734 0.14789118828912906 0.958538810300185
vn 0.24358067570054734 0.14789118828912906 0.958538810300185
vn -0.9980064407191237 -0.014358415387734209 -0.06145714108791395
vn -0.9980064407191237 -0.014358415387734209 -0.06145714108791395
vn -0.9980064407191237 -0.014358415387734209 -0.06145714108791395
vn -0.9980064407191237 -0.014358415387734209 -0.06145714108791395
vn -0.9980064407191237 -0.014358415387734209 -0.06145714108791395
vn -0.9980064407191237 -0.014358415387734209 -0.06145714108791395
vn 0.009037206766287978 -0.23154513696312112 -0.9727821844804687
vn 0.009037206766287978 -0.23154513696312112 -0.9727821844804687
vn 0.009037206766287978 -0.23154513696312112 -0.9727821844804687
vn 0.009037206766287978 -0.23154513696312112 -0.9727821844804687
vn 0.009037206766287978 -0.23154513696312112 -0.9727821844804687
vn 0.009037206766287978 -0.23154513696312112 -0.9727821844804687
vn 0.27357229395423427 0.6205910327696607 0.7348639125896059
vn 0.27357229395423427 0.6205910327696607 0.7348639125896059
vn 0.27357229395423427 0.6205910327696607 0.7348639125896059
vn 0.9821708972076806 0.18791509928418157 -0.005314521547236758
vn 0.9821708972076806 0.18791509928418157 -0.005314521547236758
vn 0.9821708972076806 0.18791509928418157 -0.005314521547236758
vn 0.9821708972076806 0.18791509928418157 -0.005314521547236758
vn 0.9821708972076806 0.18791509928418157 -0.005314521547236758
vn 0.9821708972076806 0.18791509928418157 -0.005314521547236758
vn -0.014990144819599042 -0.20709715708176857 -0.9782055321285691
vn -0.014990144819599042 -0.20709715708176857 -0.9782055321285691
vn -0.014990144819599042 -0.20709715708176857 -0.9782055321285691
vn -0.017606868082431004 -0.22515566977452714 -0.974163704191812
vn -0.017606868082431004 -0.22515566977452714 -0.974163704191812
vn -0.017606868082431004 -0.22515566977452714 -0.974163704191812
vn -0.09700128964643917 0.5522228637483116 0.828034213399749
vn -0.09700128964643917 0.5522228637483116 0.828034213399749
vn -0.09700128964643917 0.5522228637483116 0.828034213399749
vn 0.1154921607309179 0.6035870756393223 0.78888795334374
vn 0.1154921607309179 0.6035870756393223 0.78888795334374
vn 0.1154921607309179 0.6035870756393223 0.78888795334374
vn 0.1154921607309179 0.6035870756393223 0.78888795334374
vn 0.1154921607309179 0.6035870756393223 0.78888795334374
vn 0.1154921607309179 0.6035870756393223 0.78888795334374
vn -0.9692415239520235 0.19210321577244496 -0.1538415507496094
vn -0.9692415239520235 0.19210321577244496 -0.1538415507496094
vn -0.9692415239520235 0.19210321577244496 -0.1538415507496094
vn -0.9692415239520235 0.19210321577244496 -0.1538415507496094
vn -0.9692415239520235 0.19210321577244496 -0.1538415507496094
vn -0.9692415239520235 0.19210321577244496 -0.1538415507496094
vn -0.03976003540652673 -0.21574004374095487 -0.9756410062677371
vn -0.03976003540652673 -0.21574004374095487 -0.9756410062677371
vn -0.03976003540652673 -0.21574004374095487 -0.9756410062677371
vn -0.03976003540652673 -0.21574004374095487 -0.9756410062677371
vn -0.03976003540652673 -0.21574004374095487 -0.9756410062677371
vn -0.03976003540652673 -0.21574004374095487 -0.9756410062677371
vn 0.9969268118280545 0.0012469613712672064 -0.07832864703088839
vn 0.9969268118280545 0.0012469613712672064 -0.07832864703088839
vn 0.9969268118280545 0.0012469613712672064 -0.07832864703088839
vn 0.9969268118280545 0.0012469613712672064 -0.07832864703088839
vn 0.9969268118280545 0.0012469613712672064 -0.07832864703088839
vn 0.9969268118280545 0.0012469613712672064 -0.07832864703088839
vn 0.9969268118280545 0.0012469613712672064 -0.07832864703088839
vn 0.9969268118280545 0.0012469613712672064 -0.07832864703088839
vn 0.9969268118280545 0.0012469613712672064 -0.07832864703088839
vn 0.1247070127277363 0.9461134218425634 0.2988604255934197
vn 0.1247070127277363 0.9461134218425634 0.2988604255934197
vn 0.1247070127277363 0.9461134218425634 0.2988604255934197
vn 0.1247070127277363 0.9461134218425634 0.2988604255934197
vn 0.1247070127277363 0.9461134218425634 0.2988604255934197
vn 0.1247070127277363 0.9461134218425634 0.2988604255934197
vn -0.011235852358559693 -0.47583924728953225 -0.8794604973281674
vn -0.011235852358559693 -0.47583924728953225 -0.8794604973281674
vn -0.011235852358559693 -0.47583924728953225 -0.8794604973281674
vn -0.011235852358559693 -0.47583924728953225 -0.8794604973281674
vn -0.011235852358559693 -0.47583924728953225 -0.8794604973281674
vn -0.011235852358559693 -0.47583924728953225 -0.8794604973281674
vn -0.00023626193162109657 -0.664524490122506 -0.747266449272094
vn -0.00023626193162109657 -0.664524490122506 -0.747266449272094
vn -0.00023626193162109657 -0.664524490122506 -0.747266449272094
vn -0.00023626193162109657 -0.664524490122506 -0.747266449272094
vn -0.00023626193162109657 -0.664524490122506 -0.747266449272094
vn -0.00023626193162109657 -0.664524490122506 -0.747266449272094
vn 5.210896780012767e-8 -0.9999999999999787 1.997169622373358e-7
vn 5.210896780012767e-8 -0.9999999999999787 1.997169622373358e-7
vn 5.210896780012767e-8 -0.9999999999999787 1.997169622373358e-7
vn 5.210896780012767e-8 -0.9999999999999787 1.997169622373358e-7
vn 5.210896780012767e-8 -0.9999999999999787 1.997169622373358e-7
vn 5.210896780012767e-8 -0.9999999999999787 1.997169622373358e-7
vn 0.9937373642003425 -0.0000043394112335013045 -0.11174099951819386
vn 0.9937373642003425 -0.0000043394112335013045 -0.11174099951819386
vn 0.9937373642003425 -0.0000043394112335013045 -0.11174099951819386
vn 0.9937373642003425 -0.0000043394112335013045 -0.11174099951819386
vn 0.9937373642003425 -0.0000043394112335013045 -0.11174099951819386
vn 0.9937373642003425 -0.0000043394112335013045 -0.11174099951819386
vn 0.9959909337431655 0.0036933005307453084 -0.08937795831527283
vn 0.9959909337431655 0.0036933005307453084 -0.08937795831527283
vn 0.9959909337431655 0.0036933005307453084 -0.08937795831527283
vn 0.9959909337431655 0.0036933005307453084 -0.08937795831527283
vn 0.9959909337431655 0.0036933005307453084 -0.08937795831527283
vn 0.9959909337431655 0.0036933005307453084 -0.08937795831527283
vn -0.9909589827881465 0.003701821408791094 0.13411409675995792
vn -0.9909589827881465 0.003701821408791094 0.13411409675995792
vn -0.9909589827881465 0.003701821408791094 0.13411409675995792
vn -0.9909589827881465 0.003701821408791094 0.13411409675995792
vn -0.9909589827881465 0.003701821408791094 0.13411409675995792
vn -0.9909589827881465 0.003701821408791094 0.13411409675995792
vn 5.210896780012767e-8 -0.9999999999999787 1.997169622373358e-7
vn 5.210896780012767e-8 -0.9999999999999787 1.997169622373358e-7
vn -0.0000018362352929113111 -0.9999999999975862 -0.0000012066309363399385
vn 5.210896780012767e-8 -0.9999999999999787 1.997169622373358e-7
vn -0.0000018362352929113111 -0.9999999999975862 -0.0000012066309363399385
vn -0.0000018362352929113111 -0.9999999999975862 -0.0000012066309363399385
vn 0.3356827933139669 0.06993412211198667 0.9393754738321403
vn 0.3356827933139669 0.06993412211198667 0.9393754738321403
vn 0.3356827933139669 0.06993412211198667 0.9393754738321403
vn 0.3356827933139669 0.06993412211198667 0.9393754738321403
vn 0.3356827933139669 0.06993412211198667 0.9393754738321403
vn 0.3356827933139669 0.06993412211198667 0.9393754738321403
vn 0.09241429335017334 0.9740494698745781 0.2066088783708035
vn 0.09241429335017334 0.9740494698745781 0.2066088783708035
vn 0.09241429335017334 0.9740494698745781 0.2066088783708035
vn 0.09241429335017334 0.9740494698745781 0.2066088783708035
vn 0.09241429335017334 0.9740494698745781 0.2066088783708035
vn 0.09241429335017334 0.9740494698745781 0.2066088783708035
vn -0.9937556678784863 -0.000005027026738694513 0.1115781006027286
vn -0.9937556678784863 -0.000005027026738694513 0.1115781006027286
vn -0.9937556678784863 -0.000005027026738694513 0.1115781006027286
vn -0.9937556678784863 -0.000005027026738694513 0.1115781006027286
vn -0.9937556678784863 -0.000005027026738694513 0.1115781006027286
vn -0.9937556678784863 -0.000005027026738694513 0.1115781006027286
vn -0.0000018362352929113111 -0.9999999999975862 -0.0000012066309363399385
vn -0.0000018362352929113111 -0.9999999999975862 -0.0000012066309363399385
vn -0.0000027406519137409622 -0.9999999999960364 6.448314070928901e-7
vn -0.0000018362352929113111 -0.9999999999975862 -0.0000012066309363399385
vn -0.0000027406519137409622 -0.9999999999960364 6.448314070928901e-7
vn -0.0000027406519137409622 -0.9999999999960364 6.448314070928901e-7
vn 0.3291229124939156 0.06284280725834848 0.9421936584627453
vn 0.3291229124939156 0.06284280725834848 0.9421936584627453
vn 0.3291229124939156 0.06284280725834848 0.9421936584627453
vn 0.3291229124939156 0.06284280725834848 0.9421936584627453
vn 0.3291229124939156 0.06284280725834848 0.9421936584627453
vn 0.3291229124939156 0.06284280725834848 0.9421936584627453
vn 0.3357460471384424 0.05557286358818756 0.9403117826888694
vn 0.3357460471384424 0.05557286358818756 0.9403117826888694
vn 0.3357460471384424 0.05557286358818756 0.9403117826888694
vn 0.3357460471384424 0.05557286358818756 0.9403117826888694
vn 0.3357460471384424 0.05557286358818756 0.9403117826888694
vn 0.3357460471384424 0.05557286358818756 0.9403117826888694
vn 0.342159324511686 0.06276798277692315 0.9375431600666834
vn 0.342159324511686 0.06276798277692315 0.9375431600666834
vn 0.342159324511686 0.06276798277692315 0.9375431600666834
vn 0.342159324511686 0.06276798277692315 0.9375431600666834
vn 0.342159324511686 0.06276798277692315 0.9375431600666834
vn 0.342159324511686 0.06276798277692315 0.9375431600666834
vn -0.9644180333077604 -0.02005280832227233 -0.26362045047602395
vn -0.9644180333077604 -0.02005280832227233 -0.26362045047602395
vn -0.9644180333077604 -0.02005280832227233 -0.26362045047602395
vn -0.9644180333077604 -0.02005280832227233 -0.26362045047602395
vn -0.9644180333077604 -0.02005280832227233 -0.26362045047602395
vn -0.9644180333077604 -0.02005280832227233 -0.26362045047602395
vn -0.9644180333077604 -0.02005280832227233 -0.26362045047602395
vn -0.9644180333077604 -0.02005280832227233 -0.26362045047602395
vn -0.9644180333077604 -0.02005280832227233 -0.26362045047602395
vn 0.09967148078536502 0.8005697622274528 -0.5908922505204587
vn 0.09967148078536502 0.8005697622274528 -0.5908922505204587
vn 0.09967148078536502 0.8005697622274528 -0.5908922505204587
vn 0.09967148078536502 0.8005697622274528 -0.5908922505204587
vn 0.09967148078536502 0.8005697622274528 -0.5908922505204587
vn 0.09967148078536502 0.8005697622274528 -0.5908922505204587
vn -0.01083726525014161 -0.45386016884530955 -0.8910070150215458
vn -0.01083726525014161 -0.45386016884530955 -0.8910070150215458
vn -0.01083726525014161 -0.45386016884530955 -0.8910070150215458
vn -0.01083726525014161 -0.45386016884530955 -0.8910070150215458
vn -0.01083726525014161 -0.45386016884530955 -0.8910070150215458
vn -0.01083726525014161 -0.45386016884530955 -0.8910070150215458
vn -0.00210874477728337 -0.660294691944752 -0.7510036437894623
vn -0.00210874477728337 -0.660294691944752 -0.7510036437894623
vn -0.00210874477728337 -0.660294691944752 -0.7510036437894623
vn -0.00210874477728337 -0.660294691944752 -0.7510036437894623
vn -0.00210874477728337 -0.660294691944752 -0.7510036437894623
vn -0.00210874477728337 -0.660294691944752 -0.7510036437894623
vn 0.0000033282295814595143 -0.9999999999943957 3.622778070205946e-7
vn 0.0000033282295814595143 -0.9999999999943957 3.622778070205946e-7
vn 0.0000033282295814595143 -0.9999999999943957 3.622778070205946e-7
vn 0.0000033282295814595143 -0.9999999999943957 3.622778070205946e-7
vn 0.0000033282295814595143 -0.9999999999943957 3.622778070205946e-7
vn 0.0000033282295814595143 -0.9999999999943957 3.622778070205946e-7
vn 0.9838510677866348 -0.03573217962202505 0.17538611049498143
vn 0.9838510677866348 -0.03573217962202505 0.17538611049498143
vn 0.9838510677866348 -0.03573217962202505 0.17538611049498143
vn 0.9838510677866348 -0.03573217962202505 0.17538611049498143
vn 0.9838510677866348 -0.03573217962202505 0.17538611049498143
vn 0.9838510677866348 -0.03573217962202505 0.17538611049498143
vn 0.9669070503175432 -0.00767039991675021 0.2550135702493983
vn 0.9669070503175432 -0.00767039991675021 0.2550135702493983
vn 0.9669070503175432 -0.00767039991675021 0.2550135702493983
vn 0.9669070503175432 -0.00767039991675021 0.2550135702493983
vn 0.9669070503175432 -0.00767039991675021 0.2550135702493983
vn 0.9669070503175432 -0.00767039991675021 0.2550135702493983
vn -0.9783255250929626 0.012029509381964771 -0.20672314300921518
vn -0.9783255250929626 0.012029509381964771 -0.20672314300921518
vn -0.9783255250929626 0.012029509381964771 -0.20672314300921518
vn -0.9783255250929626 0.012029509381964771 -0.20672314300921518
vn -0.9783255250929626 0.012029509381964771 -0.20672314300921518
vn -0.9783255250929626 0.012029509381964771 -0.20672314300921518
vn -0.11621466030383708 -0.4875246676411638 0.8653403094574044
vn -0.11621466030383708 -0.4875246676411638 0.8653403094574044
vn -0.11621466030383708 -0.4875246676411638 0.8653403094574044
vn -0.11621466030383708 -0.4875246676411638 0.8653403094574044
vn -0.11621466030383708 -0.4875246676411638 0.8653403094574044
vn -0.11621466030383708 -0.4875246676411638 0.8653403094574044
vn -0.12694696536515845 -0.1275982269005597 0.9836682166647506
vn -0.12694696536515845 -0.1275982269005597 0.9836682166647506
vn -0.12694696536515845 -0.1275982269005597 0.9836682166647506
vn -0.12694696536515845 -0.1275982269005597 0.9836682166647506
vn -0.12694696536515845 -0.1275982269005597 0.9836682166647506
vn -0.12694696536515845 -0.1275982269005597 0.9836682166647506
vn -0.010088381707805993 0.9122956732083544 0.409407900754044
vn -0.010088381707805993 0.9122956732083544 0.409407900754044
vn -0.010088381707805993 0.9122956732083544 0.409407900754044
vn -0.010088381707805993 0.9122956732083544 0.409407900754044
vn -0.010088381707805993 0.9122956732083544 0.409407900754044
vn -0.010088381707805993 0.9122956732083544 0.409407900754044
vn -0.9838211384761564 0.035756499572124026 -0.1755489681707873
vn -0.9838211384761564 0.035756499572124026 -0.1755489681707873
vn -0.9838211384761564 0.035756499572124026 -0.1755489681707873
vn -0.9838211384761564 0.035756499572124026 -0.1755489681707873
vn -0.9838211384761564 0.035756499572124026 -0.1755489681707873
vn -0.9838211384761564 0.035756499572124026 -0.1755489681707873
vn -4.5577519308169024e-7 -0.9798760395820387 -0.19960698147312173
vn -4.5577519308169024e-7 -0.9798760395820387 -0.19960698147312173
vn -4.5577519308169024e-7 -0.9798760395820387 -0.19960698147312173
vn -4.5577519308169024e-7 -0.9798760395820387 -0.19960698147312173
vn -4.5577519308169024e-7 -0.9798760395820387 -0.19960698147312173
vn -4.5577519308169024e-7 -0.9798760395820387 -0.19960698147312173
vn -0.134348350626934 -0.13468516835842909 0.9817384713395335
vn -0.134348350626934 -0.13468516835842909 0.9817384713395335
vn -0.134348350626934 -0.13468516835842909 0.9817384713395335
vn -0.134348350626934 -0.13468516835842909 0.9817384713395335
vn -0.134348350626934 -0.13468516835842909 0.9817384713395335
vn -0.134348350626934 -0.13468516835842909 0.9817384713395335
vn -0.12732830296629263 -0.14213742636964397 0.9816233775174356
vn -0.12732830296629263 -0.14213742636964397 0.9816233775174356
vn -0.12732830296629263 -0.14213742636964397 0.9816233775174356
vn -0.12732830296629263 -0.14213742636964397 0.9816233775174356
vn -0.12732830296629263 -0.14213742636964397 0.9816233775174356
vn -0.12732830296629263 -0.14213742636964397 0.9816233775174356
vn -0.12006433336866622 -0.13497033568185013 0.9835484555113013
vn -0.12006433336866622 -0.13497033568185013 0.9835484555113013
vn -0.12006433336866622 -0.13497033568185013 0.9835484555113013
vn -0.12006433336866622 -0.13497033568185013 0.9835484555113013
vn -0.12006433336866622 -0.13497033568185013 0.9835484555113013
vn -0.12006433336866622 -0.13497033568185013 0.9835484555113013
vn 0.012139683672973708 0.9784901511900632 0.20593603886733264
vn 0.012139683672973708 0.9784901511900632 0.20593603886733264
vn 0.012139683672973708 0.9784901511900632 0.20593603886733264
vn 0.012139683672973708 0.9784901511900632 0.20593603886733264
vn 0.012139683672973708 0.9784901511900632 0.20593603886733264
vn 0.012139683672973708 0.9784901511900632 0.20593603886733264
vn -0.011854536144351377 -0.4636424370113851 -0.8859430910475832
vn -0.011854536144351377 -0.4636424370113851 -0.8859430910475832
vn -0.011854536144351377 -0.4636424370113851 -0.8859430910475832
vn -0.011854536144351377 -0.4636424370113851 -0.8859430910475832
vn -0.011854536144351377 -0.4636424370113851 -0.8859430910475832
vn -0.011854536144351377 -0.4636424370113851 -0.8859430910475832
vn -0.001561299752218496 -0.6630916018062168 -0.7485366323414969
vn -0.001561299752218496 -0.6630916018062168 -0.7485366323414969
vn -0.001561299752218496 -0.6630916018062168 -0.7485366323414969
vn -0.001561299752218496 -0.6630916018062168 -0.7485366323414969
vn -0.001561299752218496 -0.6630916018062168 -0.7485366323414969
vn -0.001561299752218496 -0.6630916018062168 -0.7485366323414969
vn 0.0000033282295814595143 -0.9999999999943957 3.622778070205946e-7
vn 0.0000033282295814595143 -0.9999999999943957 3.622778070205946e-7
vn 5.210896780012767e-8 -0.9999999999999787 1.997169622373358e-7
vn 0.0000033282295814595143 -0.9999999999943957 3.622778070205946e-7
vn 5.210896780012767e-8 -0.9999999999999787 1.997169622373358e-7
vn 5.210896780012767e-8 -0.9999999999999787 1.997169622373358e-7
vn 0.9999852931156442 0.000149390090407496 -0.005421368371548196
vn 0.9999852931156442 0.000149390090407496 -0.005421368371548196
vn 0.9999852931156442 0.000149390090407496 -0.005421368371548196
vn 0.9999852931156442 0.000149390090407496 -0.005421368371548196
vn 0.9999852931156442 0.000149390090407496 -0.005421368371548196
vn 0.9999852931156442 0.000149390090407496 -0.005421368371548196
vn 0.9901066420995698 0.03768860258008072 0.13516066922694314
vn 0.9901066420995698 0.03768860258008072 0.13516066922694314
vn 0.9901066420995698 0.03768860258008072 0.13516066922694314
vn 0.9901066420995698 0.03768860258008072 0.13516066922694314
vn 0.9901066420995698 0.03768860258008072 0.13516066922694314
vn 0.9901066420995698 0.03768860258008072 0.13516066922694314
vn -0.9935824073806531 0.041633698900526254 0.10516955291112695
vn -0.9935824073806531 0.041633698900526254 0.10516955291112695
vn -0.9935824073806531 0.041633698900526254 0.10516955291112695
vn -0.9935824073806531 0.041633698900526254 0.10516955291112695
vn -0.9935824073806531 0.041633698900526254 0.10516955291112695
vn -0.9935824073806531 0.041633698900526254 0.10516955291112695
vn -0.0009061342636693854 -0.9998618112917496 -0.016599314476143885
vn -0.0009061342636693854 -0.9998618112917496 -0.016599314476143885
vn -0.0009061342636693854 -0.9998618112917496 -0.016599314476143885
vn -0.0009061342636693854 -0.9998618112917496 -0.016599314476143885
vn -0.0009061342636693854 -0.9998618112917496 -0.016599314476143885
vn -0.0009061342636693854 -0.9998618112917496 -0.016599314476143885
vn 0.17652908848000662 0.07108960222766256 0.98172488476942
vn 0.17652908848000662 0.07108960222766256 0.98172488476942
vn 0.17652908848000662 0.07108960222766256 0.98172488476942
vn 0.17652908848000662 0.07108960222766256 0.98172488476942
vn 0.17652908848000662 0.07108960222766256 0.98172488476942
vn 0.17652908848000662 0.07108960222766256 0.98172488476942
vn 0.04455636584055166 0.9883922957380012 0.14524255570887806
vn 0.04455636584055166 0.9883922957380012 0.14524255570887806
vn 0.04455636584055166 0.9883922957380012 0.14524255570887806
vn 0.04455636584055166 0.9883922957380012 0.14524255570887806
vn 0.04455636584055166 0.9883922957380012 0.14524255570887806
vn 0.04455636584055166 0.9883922957380012 0.14524255570887806
vn -0.9999858777208037 -0.00015551583908732236 0.005312266350384289
vn -0.9999858777208037 -0.00015551583908732236 0.005312266350384289
vn -0.9999858777208037 -0.00015551583908732236 0.005312266350384289
vn -0.9999858777208037 -0.00015551583908732236 0.005312266350384289
vn -0.9999858777208037 -0.00015551583908732236 0.005312266350384289
vn -0.9999858777208037 -0.00015551583908732236 0.005312266350384289
vn -0.000002592537523397269 -0.9999999999966076 -2.5217641559037587e-7
vn -0.000002592537523397269 -0.9999999999966076 -2.5217641559037587e-7
vn -0.000002592537523397269 -0.9999999999966076 -2.5217641559037587e-7
vn -0.000002592537523397269 -0.9999999999966076 -2.5217641559037587e-7
vn -0.000002592537523397269 -0.9999999999966076 -2.5217641559037587e-7
vn -0.000002592537523397269 -0.9999999999966076 -2.5217641559037587e-7
vn 0.16936749962798434 0.06385425963041191 0.9834822233252702
vn 0.16936749962798434 0.06385425963041191 0.9834822233252702
vn 0.16936749962798434 0.06385425963041191 0.9834822233252702
vn 0.16936749962798434 0.06385425963041191 0.9834822233252702
vn 0.16936749962798434 0.06385425963041191 0.9834822233252702
vn 0.16936749962798434 0.06385425963041191 0.9834822233252702
vn 0.1764368981212814 0.05649243453628436 0.9826894859626332
vn 0.1764368981212814 0.05649243453628436 0.9826894859626332
vn 0.1764368981212814 0.05649243453628436 0.9826894859626332
vn 0.1764368981212814 0.05649243453628436 0.9826894859626332
vn 0.1764368981212814 0.05649243453628436 0.9826894859626332
vn 0.1764368981212814 0.05649243453628436 0.9826894859626332
vn 0.18344200574076988 0.06382714226430927 0.980956230644454
vn 0.18344200574076988 0.06382714226430927 0.980956230644454
vn 0.18344200574076988 0.06382714226430927 0.980956230644454
vn 0.18344200574076988 0.06382714226430927 0.980956230644454
vn 0.18344200574076988 0.06382714226430927 0.980956230644454
vn 0.18344200574076988 0.06382714226430927 0.980956230644454
vn 0.9892555255367596 0.1436399486714645 0.027222607161116266
vn 0.9892555255367596 0.1436399486714645 0.027222607161116266
vn 0.9892555255367596 0.1436399486714645 0.027222607161116266
vn 0.9892555255367596 0.1436399486714645 0.027222607161116266
vn 0.9892555255367596 0.1436399486714645 0.027222607161116266
vn 0.9892555255367596 0.1436399486714645 0.027222607161116266
vn 0.9724192411705189 0.2318859848422308 -0.025094011937130522
vn 0.9724192411705189 0.2318859848422308 -0.025094011937130522
vn 0.9724192411705189 0.2318859848422308 -0.025094011937130522
vn 0.9724192411705189 0.2318859848422308 -0.025094011937130522
vn 0.9724192411705189 0.2318859848422308 -0.025094011937130522
vn 0.9724192411705189 0.2318859848422308 -0.025094011937130522
vn 0.4988837000979307 0.6708210753298621 0.548738679764681
vn 0.4988837000979307 0.6708210753298621 0.548738679764681
vn 0.4988837000979307 0.6708210753298621 0.548738679764681
vn 0.4988837000979307 0.6708210753298621 0.548738679764681
vn 0.4988837000979307 0.6708210753298621 0.548738679764681
vn 0.4988837000979307 0.6708210753298621 0.548738679764681
vn 0.37844449447230866 -0.3005024654323691 -0.8754873116571517
vn 0.37844449447230866 -0.3005024654323691 -0.8754873116571517
vn 0.37844449447230866 -0.3005024654323691 -0.8754873116571517
vn 0.37844449447230866 -0.3005024654323691 -0.8754873116571517
vn 0.37844449447230866 -0.3005024654323691 -0.8754873116571517
vn 0.37844449447230866 -0.3005024654323691 -0.8754873116571517
vn 0.9171491062033401 0.3911091927559532 -0.07662321014027715
vn 0.9171491062033401 0.3911091927559532 -0.07662321014027715
vn 0.9171491062033401 0.3911091927559532 -0.07662321014027715
vn 0.9171491062033401 0.3911091927559532 -0.07662321014027715
vn 0.9171491062033401 0.3911091927559532 -0.07662321014027715
vn 0.9171491062033401 0.3911091927559532 -0.07662321014027715
vn 0.14875669521023516 -0.19542240325165977 0.9693717191756086
vn 0.14875669521023516 -0.19542240325165977 0.9693717191756086
vn 0.14875669521023516 -0.19542240325165977 0.9693717191756086
vn 0.14875669521023516 -0.19542240325165977 0.9693717191756086
vn 0.14875669521023516 -0.19542240325165977 0.9693717191756086
vn 0.14875669521023516 -0.19542240325165977 0.9693717191756086
vn 0.32077971067389816 -0.3488364300405449 -0.8805756766437159
vn 0.32077971067389816 -0.3488364300405449 -0.8805756766437159
vn 0.32077971067389816 -0.3488364300405449 -0.8805756766437159
vn 0.32077971067389816 -0.3488364300405449 -0.8805756766437159
vn 0.32077971067389816 -0.3488364300405449 -0.8805756766437159
vn 0.32077971067389816 -0.3488364300405449 -0.8805756766437159
vn 0.10377927264602166 -0.21422135675776457 0.9712564403276435
vn 0.10377927264602166 -0.21422135675776457 0.9712564403276435
vn 0.10377927264602166 -0.21422135675776457 0.9712564403276435
vn 0.10377927264602166 -0.21422135675776457 0.9712564403276435
vn 0.10377927264602166 -0.21422135675776457 0.9712564403276435
vn 0.10377927264602166 -0.21422135675776457 0.9712564403276435
vn 0.530779081560767 0.7768226933950141 -0.33885110240933924
vn 0.530779081560767 0.7768226933950141 -0.33885110240933924
vn 0.530779081560767 0.7768226933950141 -0.33885110240933924
vn 0.530779081560767 0.7768226933950141 -0.33885110240933924
vn 0.530779081560767 0.7768226933950141 -0.33885110240933924
vn 0.530779081560767 0.7768226933950141 -0.33885110240933924
vn 0.23078839413830968 -0.4126608194798347 -0.8811627347983412
vn 0.23078839413830968 -0.4126608194798347 -0.8811627347983412
vn 0.23078839413830968 -0.4126608194798347 -0.8811627347983412
vn 0.23078839413830968 -0.4126608194798347 -0.8811627347983412
vn 0.23078839413830968 -0.4126608194798347 -0.8811627347983412
vn 0.23078839413830968 -0.4126608194798347 -0.8811627347983412
vn 0.059645660481035506 0.03269502808743821 0.9976840333112196
vn 0.059645660481035506 0.03269502808743821 0.9976840333112196
vn 0.059645660481035506 0.03269502808743821 0.9976840333112196
vn 0.059645660481035506 0.03269502808743821 0.9976840333112196
vn 0.059645660481035506 0.03269502808743821 0.9976840333112196
vn 0.059645660481035506 0.03269502808743821 0.9976840333112196
vn 0.24704628758233269 0.6919759527850315 0.6783342926308791
vn 0.24704628758233269 0.6919759527850315 0.6783342926308791
vn 0.24704628758233269 0.6919759527850315 0.6783342926308791
vn 0.24704628758233269 0.6919759527850315 0.6783342926308791
vn 0.24704628758233269 0.6919759527850315 0.6783342926308791
vn 0.24704628758233269 0.6919759527850315 0.6783342926308791
vn 0.103602062444672 -0.9728301385082216 -0.20704621287839242
vn 0.103602062444672 -0.9728301385082216 -0.20704621287839242
vn 0.103602062444672 -0.9728301385082216 -0.20704621287839242
vn 0.103602062444672 -0.9728301385082216 -0.20704621287839242
vn 0.103602062444672 -0.9728301385082216 -0.20704621287839242
vn 0.103602062444672 -0.9728301385082216 -0.20704621287839242
vn -0.19248414564338417 0.929280057871205 0.31525930235097943
vn -0.19248414564338417 0.929280057871205 0.31525930235097943
vn -0.19248414564338417 0.929280057871205 0.31525930235097943
vn -0.19248414564338417 0.929280057871205 0.31525930235097943
vn -0.19248414564338417 0.929280057871205 0.31525930235097943
vn -0.19248414564338417 0.929280057871205 0.31525930235097943
vn 0.9818457104166028 0.09012202249829775 0.16690423001629523
vn 0.9818457104166028 0.09012202249829775 0.16690423001629523
vn 0.9818457104166028 0.09012202249829775 0.16690423001629523
vn 0.9818457104166028 0.09012202249829775 0.16690423001629523
vn 0.9818457104166028 0.09012202249829775 0.16690423001629523
vn 0.9818457104166028 0.09012202249829775 0.16690423001629523
vn 0.0989743014856522 -0.9752783687377097 -0.19757578575761583
vn 0.0989743014856522 -0.9752783687377097 -0.19757578575761583
vn 0.0989743014856522 -0.9752783687377097 -0.19757578575761583
vn 0.0989743014856522 -0.9752783687377097 -0.19757578575761583
vn 0.0989743014856522 -0.9752783687377097 -0.19757578575761583
vn 0.0989743014856522 -0.9752783687377097 -0.19757578575761583
vn -0.173434698667986 0.9309507243632221 0.32132717610799255
vn -0.173434698667986 0.9309507243632221 0.32132717610799255
vn -0.173434698667986 0.9309507243632221 0.32132717610799255
vn -0.173434698667986 0.9309507243632221 0.32132717610799255
vn -0.173434698667986 0.9309507243632221 0.32132717610799255
vn -0.173434698667986 0.9309507243632221 0.32132717610799255
vn -0.957887581695969 0.28251640265102923 -0.05134065704458252
vn -0.957887581695969 0.28251640265102923 -0.05134065704458252
vn -0.957887581695969 0.28251640265102923 -0.05134065704458252
vn -0.957887581695969 0.28251640265102923 -0.05134065704458252
vn -0.957887581695969 0.28251640265102923 -0.05134065704458252
vn -0.957887581695969 0.28251640265102923 -0.05134065704458252
vn 0.916173204746852 -0.27118317010155973 0.29510395991506305
vn 0.916173204746852 -0.27118317010155973 0.29510395991506305
vn 0.916173204746852 -0.27118317010155973 0.29510395991506305
vn 0.916173204746852 -0.27118317010155973 0.29510395991506305
vn 0.916173204746852 -0.27118317010155973 0.29510395991506305
vn 0.916173204746852 -0.27118317010155973 0.29510395991506305
vn 0.020901252547104815 0.12417672930563982 -0.9920399576332175
vn 0.020901252547104815 0.12417672930563982 -0.9920399576332175
vn 0.020901252547104815 0.12417672930563982 -0.9920399576332175
vn 0.020901252547104815 0.12417672930563982 -0.9920399576332175
vn 0.020901252547104815 0.12417672930563982 -0.9920399576332175
vn 0.020901252547104815 0.12417672930563982 -0.9920399576332175
vn 0.13924484731154285 0.1430964321086273 -0.9798644210374036
vn 0.13924484731154285 0.1430964321086273 -0.9798644210374036
vn 0.13924484731154285 0.1430964321086273 -0.9798644210374036
vn 0.13924484731154285 0.1430964321086273 -0.9798644210374036
vn 0.13924484731154285 0.1430964321086273 -0.9798644210374036
vn 0.13924484731154285 0.1430964321086273 -0.9798644210374036
vn -0.9840430275955969 0.15380183143215684 -0.08946684575084729
vn -0.9840430275955969 0.15380183143215684 -0.08946684575084729
vn -0.9840430275955969 0.15380183143215684 -0.08946684575084729
vn -0.9840430275955969 0.15380183143215684 -0.08946684575084729
vn -0.9840430275955969 0.15380183143215684 -0.08946684575084729
vn -0.9840430275955969 0.15380183143215684 -0.08946684575084729
vn 0.4978013812523134 0.7240514945420671 -0.47743399342180054
vn 0.4978013812523134 0.7240514945420671 -0.47743399342180054
vn 0.4978013812523134 0.7240514945420671 -0.47743399342180054
vn 0.4978013812523134 0.7240514945420671 -0.47743399342180054
vn 0.4978013812523134 0.7240514945420671 -0.47743399342180054
vn 0.4978013812523134 0.7240514945420671 -0.47743399342180054
vn 0.9288061067622869 -0.02692280868640099 -0.3695867670974147
vn 0.9288061067622869 -0.02692280868640099 -0.3695867670974147
vn 0.9288061067622869 -0.02692280868640099 -0.3695867670974147
vn 0.3567925855214199 0.9040625344118484 -0.23530827607580246
vn 0.3567925855214199 0.9040625344118484 -0.23530827607580246
vn 0.3567925855214199 0.9040625344118484 -0.23530827607580246
vn 0.3567925855214199 0.9040625344118484 -0.23530827607580246
vn 0.3567925855214199 0.9040625344118484 -0.23530827607580246
vn 0.3567925855214199 0.9040625344118484 -0.23530827607580246
vn 0.16699177691894676 0.9682780607053196 0.18587991714598406
vn 0.16699177691894676 0.9682780607053196 0.18587991714598406
vn 0.16699177691894676 0.9682780607053196 0.18587991714598406
vn 0.16699177691894676 0.9682780607053196 0.18587991714598406
vn 0.16699177691894676 0.9682780607053196 0.18587991714598406
vn 0.16699177691894676 0.9682780607053196 0.18587991714598406
vn 0.9343766508815049 0.0539402354459945 -0.35217996150759795
vn 0.9343766508815049 0.0539402354459945 -0.35217996150759795
vn 0.9343766508815049 0.0539402354459945 -0.35217996150759795
vn 0.9343766508815049 0.0539402354459945 -0.35217996150759795
vn 0.9343766508815049 0.0539402354459945 -0.35217996150759795
vn 0.9343766508815049 0.0539402354459945 -0.35217996150759795
vn 0.11641139723662682 0.9921171466476241 -0.046389157366709476
vn 0.11641139723662682 0.9921171466476241 -0.046389157366709476
vn 0.11641139723662682 0.9921171466476241 -0.046389157366709476
vn 0.11641139723662682 0.9921171466476241 -0.046389157366709476
vn 0.11641139723662682 0.9921171466476241 -0.046389157366709476
vn 0.11641139723662682 0.9921171466476241 -0.046389157366709476
vn 0.061367383946669095 0.8929559134868887 0.4459414544044294
vn 0.061367383946669095 0.8929559134868887 0.4459414544044294
vn 0.061367383946669095 0.8929559134868887 0.4459414544044294
vn 0.061367383946669095 0.8929559134868887 0.4459414544044294
vn 0.061367383946669095 0.8929559134868887 0.4459414544044294
vn 0.061367383946669095 0.8929559134868887 0.4459414544044294
vn 0.9934560107550896 0.1116489925905359 0.024076070030254432
vn 0.9934560107550896 0.1116489925905359 0.024076070030254432
vn 0.9934560107550896 0.1116489925905359 0.024076070030254432
vn 0.9934560107550896 0.1116489925905359 0.024076070030254432
vn 0.9934560107550896 0.1116489925905359 0.024076070030254432
vn 0.9934560107550896 0.1116489925905359 0.024076070030254432
vn 0.2401748415381832 0.5175332993823272 0.8212644699014753
vn 0.2401748415381832 0.5175332993823272 0.8212644699014753
vn 0.2401748415381832 0.5175332993823272 0.8212644699014753
vn 0.2401748415381832 0.5175332993823272 0.8212644699014753
vn 0.2401748415381832 0.5175332993823272 0.8212644699014753
vn 0.2401748415381832 0.5175332993823272 0.8212644699014753
vn 0.15783873513597213 0.9533849319541222 0.2571849630392691
vn 0.15783873513597213 0.9533849319541222 0.2571849630392691
vn 0.15783873513597213 0.9533849319541222 0.2571849630392691
vn 0.15783873513597213 0.9533849319541222 0.2571849630392691
vn 0.15783873513597213 0.9533849319541222 0.2571849630392691
vn 0.15783873513597213 0.9533849319541222 0.2571849630392691
vn 0.894148526207562 0.30131053406017927 -0.33122556535571696
vn 0.894148526207562 0.30131053406017927 -0.33122556535571696
vn 0.894148526207562 0.30131053406017927 -0.33122556535571696
vn 0.9476539243093778 0.20170572904856682 0.24752139020703243
vn 0.9476539243093778 0.20170572904856682 0.24752139020703243
vn 0.9476539243093778 0.20170572904856682 0.24752139020703243
vn 0.9476539243093778 0.20170572904856682 0.24752139020703243
vn 0.9476539243093778 0.20170572904856682 0.24752139020703243
vn 0.9476539243093778 0.20170572904856682 0.24752139020703243
vn 0.9207048370921819 0.21832782546003254 0.32347420853130227
vn 0.9207048370921819 0.21832782546003254 0.32347420853130227
vn 0.9207048370921819 0.21832782546003254 0.32347420853130227
vn 0.9207048370921819 0.21832782546003254 0.32347420853130227
vn 0.9207048370921819 0.21832782546003254 0.32347420853130227
vn 0.9207048370921819 0.21832782546003254 0.32347420853130227
vn 0.6312313515307981 0.5830540799447373 0.511463508673295
vn 0.6312313515307981 0.5830540799447373 0.511463508673295
vn 0.6312313515307981 0.5830540799447373 0.511463508673295
vn 0.8799834955720608 0.45264896836135526 -0.14400680179136563
vn 0.8799834955720608 0.45264896836135526 -0.14400680179136563
vn 0.8799834955720608 0.45264896836135526 -0.14400680179136563
vn 0.9940503402221843 0.07022748126264845 0.08325876518219706
vn 0.9940503402221843 0.07022748126264845 0.08325876518219706
vn 0.9940503402221843 0.07022748126264845 0.08325876518219706
vn 0.9940503402221843 0.07022748126264845 0.08325876518219706
vn 0.9940503402221843 0.07022748126264845 0.08325876518219706
vn 0.9940503402221843 0.07022748126264845 0.08325876518219706
vn 0.9780345077167376 0.15199084777642666 0.14264390595984666
vn 0.9780345077167376 0.15199084777642666 0.14264390595984666
vn 0.9780345077167376 0.15199084777642666 0.14264390595984666
vn 0.9780345077167376 0.15199084777642666 0.14264390595984666
vn 0.9780345077167376 0.15199084777642666 0.14264390595984666
vn 0.9780345077167376 0.15199084777642666 0.14264390595984666
vn 0.8392618954918084 0.3688746306817415 -0.39946336204326116
vn 0.8392618954918084 0.3688746306817415 -0.39946336204326116
vn 0.8392618954918084 0.3688746306817415 -0.39946336204326116
vn 0.8392618954918084 0.3688746306817415 -0.39946336204326116
vn 0.8392618954918084 0.3688746306817415 -0.39946336204326116
vn 0.8392618954918084 0.3688746306817415 -0.39946336204326116
vn 0.4155311702867872 -0.027483001775924477 0.9091636437591846
vn 0.4155311702867872 -0.027483001775924477 0.9091636437591846
vn 0.4155311702867872 -0.027483001775924477 0.9091636437591846
vn 0.4155311702867872 -0.027483001775924477 0.9091636437591846
vn 0.4155311702867872 -0.027483001775924477 0.9091636437591846
vn 0.4155311702867872 -0.027483001775924477 0.9091636437591846
vn 0.9361172890065051 0.23993903682666828 -0.2571258054528996
vn 0.9361172890065051 0.23993903682666828 -0.2571258054528996
vn 0.9361172890065051 0.23993903682666828 -0.2571258054528996
vn 0.9953821656361864 0.07753615919207361 0.056590532345586864
vn 0.9953821656361864 0.07753615919207361 0.056590532345586864
vn 0.9953821656361864 0.07753615919207361 0.056590532345586864
vn 0.8201866309254248 -0.5463333850114128 -0.16974605407246593
vn 0.8201866309254248 -0.5463333850114128 -0.16974605407246593
vn 0.8201866309254248 -0.5463333850114128 -0.16974605407246593
vn 0.8201866309254248 -0.5463333850114128 -0.16974605407246593
vn 0.8201866309254248 -0.5463333850114128 -0.16974605407246593
vn 0.8201866309254248 -0.5463333850114128 -0.16974605407246593
vn 0.9913996815899768 0.11175240860246974 0.06810338108228821
vn 0.9913996815899768 0.11175240860246974 0.06810338108228821
vn 0.9913996815899768 0.11175240860246974 0.06810338108228821
vn 0.13163686505554478 0.9571054086724551 0.25811038810609843
vn 0.13163686505554478 0.9571054086724551 0.25811038810609843
vn 0.13163686505554478 0.9571054086724551 0.25811038810609843
vn 0.13163686505554478 0.9571054086724551 0.25811038810609843
vn 0.13163686505554478 0.9571054086724551 0.25811038810609843
vn 0.13163686505554478 0.9571054086724551 0.25811038810609843
vn 0.8837352693131016 0.16511911085208064 0.43789000103167214
vn 0.8837352693131016 0.16511911085208064 0.43789000103167214
vn 0.8837352693131016 0.16511911085208064 0.43789000103167214
vn 0.8837352693131016 0.16511911085208064 0.43789000103167214
vn 0.8837352693131016 0.16511911085208064 0.43789000103167214
vn 0.8837352693131016 0.16511911085208064 0.43789000103167214
vn 0.8048685852045859 0.4043904402472006 0.43434425561695117
vn 0.8048685852045859 0.4043904402472006 0.43434425561695117
vn 0.8048685852045859 0.4043904402472006 0.43434425561695117
vn 0.9912705094075672 0.10401868431051792 0.08101166887042338
vn 0.9912705094075672 0.10401868431051792 0.08101166887042338
vn 0.9912705094075672 0.10401868431051792 0.08101166887042338
vn 0.9912705094075672 0.10401868431051792 0.08101166887042338
vn 0.9912705094075672 0.10401868431051792 0.08101166887042338
vn 0.9912705094075672 0.10401868431051792 0.08101166887042338
vn 0.160408627864878 0.9221279635400867 0.3520640438385031
vn 0.160408627864878 0.9221279635400867 0.3520640438385031
vn 0.160408627864878 0.9221279635400867 0.3520640438385031
vn 0.160408627864878 0.9221279635400867 0.3520640438385031
vn 0.160408627864878 0.9221279635400867 0.3520640438385031
vn 0.160408627864878 0.9221279635400867 0.3520640438385031
vn 0.988924221563839 0.13219548051431645 0.06747769213558255
vn 0.988924221563839 0.13219548051431645 0.06747769213558255
vn 0.988924221563839 0.13219548051431645 0.06747769213558255
vn 0.988924221563839 0.13219548051431645 0.06747769213558255
vn 0.988924221563839 0.13219548051431645 0.06747769213558255
vn 0.988924221563839 0.13219548051431645 0.06747769213558255
vn 0.9790331401251752 0.1652763328467881 -0.1190707534928571
vn 0.9790331401251752 0.1652763328467881 -0.1190707534928571
vn 0.9790331401251752 0.1652763328467881 -0.1190707534928571
vn 0.9790331401251752 0.1652763328467881 -0.1190707534928571
vn 0.9790331401251752 0.1652763328467881 -0.1190707534928571
vn 0.9790331401251752 0.1652763328467881 -0.1190707534928571
vn 0.999420299771345 0.018485163192958495 -0.028589563597308416
vn 0.999420299771345 0.018485163192958495 -0.028589563597308416
vn 0.999420299771345 0.018485163192958495 -0.028589563597308416
vn 0.999420299771345 0.018485163192958495 -0.028589563597308416
vn 0.999420299771345 0.018485163192958495 -0.028589563597308416
vn 0.999420299771345 0.018485163192958495 -0.028589563597308416
vn 0.9962460244308031 -0.032362936209091586 -0.08029009382075764
vn 0.9962460244308031 -0.032362936209091586 -0.08029009382075764
vn 0.9962460244308031 -0.032362936209091586 -0.08029009382075764
vn 0.9962460244308031 -0.032362936209091586 -0.08029009382075764
vn 0.9962460244308031 -0.032362936209091586 -0.08029009382075764
vn 0.9962460244308031 -0.032362936209091586 -0.08029009382075764
vn 0.9435272475604758 -0.09722882709631732 0.31670631236593205
vn 0.9435272475604758 -0.09722882709631732 0.31670631236593205
vn 0.9435272475604758 -0.09722882709631732 0.31670631236593205
vn 0.9435272475604758 -0.09722882709631732 0.31670631236593205
vn 0.9435272475604758 -0.09722882709631732 0.31670631236593205
vn 0.9435272475604758 -0.09722882709631732 0.31670631236593205
vn 0.8243982310586526 0.5131410782356497 0.23885935287218546
vn 0.8243982310586526 0.5131410782356497 0.23885935287218546
vn 0.8243982310586526 0.5131410782356497 0.23885935287218546
vn 0.8243982310586526 0.5131410782356497 0.23885935287218546
vn 0.8243982310586526 0.5131410782356497 0.23885935287218546
vn 0.8243982310586526 0.5131410782356497 0.23885935287218546
vn 0.9976258918920934 -0.025895794733559834 0.06381212770016921
vn 0.9976258918920934 -0.025895794733559834 0.06381212770016921
vn 0.9976258918920934 -0.025895794733559834 0.06381212770016921
vn 0.9976258918920934 -0.025895794733559834 0.06381212770016921
vn 0.9976258918920934 -0.025895794733559834 0.06381212770016921
vn 0.9976258918920934 -0.025895794733559834 0.06381212770016921
vn 0.8222254156078243 -0.5442655609273357 0.16649433959445425
vn 0.8222254156078243 -0.5442655609273357 0.16649433959445425
vn 0.8222254156078243 -0.5442655609273357 0.16649433959445425
vn 0.8222254156078243 -0.5442655609273357 0.16649433959445425
vn 0.8222254156078243 -0.5442655609273357 0.16649433959445425
vn 0.8222254156078243 -0.5442655609273357 0.16649433959445425
vn 0.7739820796974176 0.582518133001099 0.24824255282319072
vn 0.7739820796974176 0.582518133001099 0.24824255282319072
vn 0.7739820796974176 0.582518133001099 0.24824255282319072
vn 0.7739820796974176 0.582518133001099 0.24824255282319072
vn 0.7739820796974176 0.582518133001099 0.24824255282319072
vn 0.7739820796974176 0.582518133001099 0.24824255282319072
vn 0.3180255299415183 -0.9368460429106831 -0.14553093893743352
vn 0.3180255299415183 -0.9368460429106831 -0.14553093893743352
vn 0.3180255299415183 -0.9368460429106831 -0.14553093893743352
vn 0.3180255299415183 -0.9368460429106831 -0.14553093893743352
vn 0.3180255299415183 -0.9368460429106831 -0.14553093893743352
vn 0.3180255299415183 -0.9368460429106831 -0.14553093893743352
vn 0.8850461008516919 0.35325463587114836 0.30315765140065215
vn 0.8850461008516919 0.35325463587114836 0.30315765140065215
vn 0.8850461008516919 0.35325463587114836 0.30315765140065215
vn 0.8850461008516919 0.35325463587114836 0.30315765140065215
vn 0.8850461008516919 0.35325463587114836 0.30315765140065215
vn 0.8850461008516919 0.35325463587114836 0.30315765140065215
vn 0.855355274785959 0.39591888476194054 0.33408919555217254
vn 0.855355274785959 0.39591888476194054 0.33408919555217254
vn 0.855355274785959 0.39591888476194054 0.33408919555217254
vn 0.855355274785959 0.39591888476194054 0.33408919555217254
vn 0.855355274785959 0.39591888476194054 0.33408919555217254
vn 0.855355274785959 0.39591888476194054 0.33408919555217254
vn 0.8622746033277618 0.218735469384836 0.4567683251813182
vn 0.8622746033277618 0.218735469384836 0.4567683251813182
vn 0.8622746033277618 0.218735469384836 0.4567683251813182
vn 0.8622746033277618 0.218735469384836 0.4567683251813182
vn 0.8622746033277618 0.218735469384836 0.4567683251813182
vn 0.8622746033277618 0.218735469384836 0.4567683251813182
vn 0.8683770488924809 0.3183399989356685 0.3802380123480877
vn 0.8683770488924809 0.3183399989356685 0.3802380123480877
vn 0.8683770488924809 0.3183399989356685 0.3802380123480877
vn 0.8683770488924809 0.3183399989356685 0.3802380123480877
vn 0.8683770488924809 0.3183399989356685 0.3802380123480877
vn 0.8683770488924809 0.3183399989356685 0.3802380123480877
vn -0.2682105955712398 0.963279493339748 0.012477745567168071
vn -0.2682105955712398 0.963279493339748 0.012477745567168071
vn -0.2682105955712398 0.963279493339748 0.012477745567168071
vn -0.2682105955712398 0.963279493339748 0.012477745567168071
vn -0.2682105955712398 0.963279493339748 0.012477745567168071
vn -0.2682105955712398 0.963279493339748 0.012477745567168071
vn 0.4530288209451398 -0.45935749218780053 -0.7640389923060152
vn 0.4530288209451398 -0.45935749218780053 -0.7640389923060152
vn 0.4530288209451398 -0.45935749218780053 -0.7640389923060152
vn 0.4530288209451398 -0.45935749218780053 -0.7640389923060152
vn 0.4530288209451398 -0.45935749218780053 -0.7640389923060152
vn 0.4530288209451398 -0.45935749218780053 -0.7640389923060152
vn -0.44458143202257583 0.3061888833317364 0.8417812768319451
vn -0.44458143202257583 0.3061888833317364 0.8417812768319451
vn -0.44458143202257583 0.3061888833317364 0.8417812768319451
vn -0.44458143202257583 0.3061888833317364 0.8417812768319451
vn -0.44458143202257583 0.3061888833317364 0.8417812768319451
vn -0.44458143202257583 0.3061888833317364 0.8417812768319451
vn 0.8747159507598187 -0.46676333141130627 -0.13039937858811168
vn 0.8747159507598187 -0.46676333141130627 -0.13039937858811168
vn 0.8747159507598187 -0.46676333141130627 -0.13039937858811168
vn 0.8747159507598187 -0.46676333141130627 -0.13039937858811168
vn 0.8747159507598187 -0.46676333141130627 -0.13039937858811168
vn 0.8747159507598187 -0.46676333141130627 -0.13039937858811168
vn 0.9843044589988763 0.17204278266343875 -0.03931937090481122
vn 0.9843044589988763 0.17204278266343875 -0.03931937090481122
vn 0.9843044589988763 0.17204278266343875 -0.03931937090481122
vn 0.9843044589988763 0.17204278266343875 -0.03931937090481122
vn 0.9843044589988763 0.17204278266343875 -0.03931937090481122
vn 0.9843044589988763 0.17204278266343875 -0.03931937090481122
vn 0.9780211352490158 0.20567374209632677 -0.034248661555158245
vn 0.9780211352490158 0.20567374209632677 -0.034248661555158245
vn 0.9780211352490158 0.20567374209632677 -0.034248661555158245
vn 0.9780211352490158 0.20567374209632677 -0.034248661555158245
vn 0.9780211352490158 0.20567374209632677 -0.034248661555158245
vn 0.9780211352490158 0.20567374209632677 -0.034248661555158245
vn 0.2231323600070495 0.9732351137388386 0.05500330265933545
vn 0.2231323600070495 0.9732351137388386 0.05500330265933545
vn 0.2231323600070495 0.9732351137388386 0.05500330265933545
vn 0.2231323600070495 0.9732351137388386 0.05500330265933545
vn 0.2231323600070495 0.9732351137388386 0.05500330265933545
vn 0.2231323600070495 0.9732351137388386 0.05500330265933545
vn 0.2190210646369743 0.9757102814102767 -0.00438406153754525
vn 0.2190210646369743 0.9757102814102767 -0.00438406153754525
vn 0.2190210646369743 0.9757102814102767 -0.00438406153754525
vn 0.2190210646369743 0.9757102814102767 -0.00438406153754525
vn 0.2190210646369743 0.9757102814102767 -0.00438406153754525
vn 0.2190210646369743 0.9757102814102767 -0.00438406153754525
vn 0.9787552503267862 0.19789396764484357 -0.05362963292370756
vn 0.9787552503267862 0.19789396764484357 -0.05362963292370756
vn 0.9787552503267862 0.19789396764484357 -0.05362963292370756
vn 0.9787552503267862 0.19789396764484357 -0.05362963292370756
vn 0.9787552503267862 0.19789396764484357 -0.05362963292370756
vn 0.9787552503267862 0.19789396764484357 -0.05362963292370756
vn 0.8746848456481832 -0.47901285981339736 -0.0739804090743265
vn 0.8746848456481832 -0.47901285981339736 -0.0739804090743265
vn 0.8746848456481832 -0.47901285981339736 -0.0739804090743265
vn 0.8746848456481832 -0.47901285981339736 -0.0739804090743265
vn 0.8746848456481832 -0.47901285981339736 -0.0739804090743265
vn 0.8746848456481832 -0.47901285981339736 -0.0739804090743265
vn 0.9849414066657419 0.16396856359659934 -0.054815468504585414
vn 0.9849414066657419 0.16396856359659934 -0.054815468504585414
vn 0.9849414066657419 0.16396856359659934 -0.054815468504585414
vn 0.9849414066657419 0.16396856359659934 -0.054815468504585414
vn 0.9849414066657419 0.16396856359659934 -0.054815468504585414
vn 0.9849414066657419 0.16396856359659934 -0.054815468504585414
vn 0.8686417960144674 -0.4895560390223799 -0.07613353317348563
vn 0.8686417960144674 -0.4895560390223799 -0.07613353317348563
vn 0.8686417960144674 -0.4895560390223799 -0.07613353317348563
vn 0.8686417960144674 -0.4895560390223799 -0.07613353317348563
vn 0.8686417960144674 -0.4895560390223799 -0.07613353317348563
vn 0.8686417960144674 -0.4895560390223799 -0.07613353317348563
vn 0.9780804414162827 0.19363440317785244 -0.07657916181890695
vn 0.9780804414162827 0.19363440317785244 -0.07657916181890695
vn 0.9780804414162827 0.19363440317785244 -0.07657916181890695
vn 0.9780804414162827 0.19363440317785244 -0.07657916181890695
vn 0.9780804414162827 0.19363440317785244 -0.07657916181890695
vn 0.9780804414162827 0.19363440317785244 -0.07657916181890695
vn 0.9795491971743706 0.18529453212111013 -0.07841751514212089
vn 0.9795491971743706 0.18529453212111013 -0.07841751514212089
vn 0.9795491971743706 0.18529453212111013 -0.07841751514212089
vn 0.9795491971743706 0.18529453212111013 -0.07841751514212089
vn 0.9795491971743706 0.18529453212111013 -0.07841751514212089
vn 0.9795491971743706 0.18529453212111013 -0.07841751514212089
vn 0.24363863646344333 0.9271261723623412 -0.28474071599086126
vn 0.24363863646344333 0.9271261723623412 -0.28474071599086126
vn 0.24363863646344333 0.9271261723623412 -0.28474071599086126
vn 0.24363863646344333 0.9271261723623412 -0.28474071599086126
vn 0.24363863646344333 0.9271261723623412 -0.28474071599086126
vn 0.24363863646344333 0.9271261723623412 -0.28474071599086126
vn 0.9896560211544406 0.07744640911587379 -0.1207601486742133
vn 0.9896560211544406 0.07744640911587379 -0.1207601486742133
vn 0.9896560211544406 0.07744640911587379 -0.1207601486742133
vn 0.9896560211544406 0.07744640911587379 -0.1207601486742133
vn 0.9896560211544406 0.07744640911587379 -0.1207601486742133
vn 0.9896560211544406 0.07744640911587379 -0.1207601486742133
vn 0.9552881722260403 0.2493881307344123 -0.15883975652784973
vn 0.9552881722260403 0.2493881307344123 -0.15883975652784973
vn 0.9552881722260403 0.2493881307344123 -0.15883975652784973
vn 0.9552881722260403 0.2493881307344123 -0.15883975652784973
vn 0.9552881722260403 0.2493881307344123 -0.15883975652784973
vn 0.9552881722260403 0.2493881307344123 -0.15883975652784973
vn 0.8505029542783382 -0.5257009937391753 0.0168282484371581
vn 0.8505029542783382 -0.5257009937391753 0.0168282484371581
vn 0.8505029542783382 -0.5257009937391753 0.0168282484371581
vn 0.8505029542783382 -0.5257009937391753 0.0168282484371581
vn 0.8505029542783382 -0.5257009937391753 0.0168282484371581
vn 0.8505029542783382 -0.5257009937391753 0.0168282484371581
vn 0.9800507933045246 -0.13539396207829113 -0.14549542115102593
vn 0.9800507933045246 -0.13539396207829113 -0.14549542115102593
vn 0.9800507933045246 -0.13539396207829113 -0.14549542115102593
vn 0.9800507933045246 -0.13539396207829113 -0.14549542115102593
vn 0.9800507933045246 -0.13539396207829113 -0.14549542115102593
vn 0.9800507933045246 -0.13539396207829113 -0.14549542115102593
vn 0.99237994517198 -0.0034519013530462275 -0.12316707675960681
vn 0.99237994517198 -0.0034519013530462275 -0.12316707675960681
vn 0.99237994517198 -0.0034519013530462275 -0.12316707675960681
vn 0.8390499140051363 -0.5390808148176551 0.07339698156945175
vn 0.8390499140051363 -0.5390808148176551 0.07339698156945175
vn 0.8390499140051363 -0.5390808148176551 0.07339698156945175
vn 0.5972713633349154 0.051202133873230346 -0.800403185917497
vn 0.5972713633349154 0.051202133873230346 -0.800403185917497
vn 0.5972713633349154 0.051202133873230346 -0.800403185917497
vn 0.5972713633349154 0.051202133873230346 -0.800403185917497
vn 0.5972713633349154 0.051202133873230346 -0.800403185917497
vn 0.5972713633349154 0.051202133873230346 -0.800403185917497
vn 0.47173461757228535 -0.8382415974388601 -0.2735278320520195
vn 0.47173461757228535 -0.8382415974388601 -0.2735278320520195
vn 0.47173461757228535 -0.8382415974388601 -0.2735278320520195
vn 0.47173461757228535 -0.8382415974388601 -0.2735278320520195
vn 0.47173461757228535 -0.8382415974388601 -0.2735278320520195
vn 0.47173461757228535 -0.8382415974388601 -0.2735278320520195
vn -0.17324426961065031 0.3847932386660838 0.906598360093343
vn -0.17324426961065031 0.3847932386660838 0.906598360093343
vn -0.17324426961065031 0.3847932386660838 0.906598360093343
vn -0.17324426961065031 0.3847932386660838 0.906598360093343
vn -0.17324426961065031 0.3847932386660838 0.906598360093343
vn -0.17324426961065031 0.3847932386660838 0.906598360093343
vn 0.9294920268954865 0.01870541824569392 0.36836758715442597
vn 0.9294920268954865 0.01870541824569392 0.36836758715442597
vn 0.9294920268954865 0.01870541824569392 0.36836758715442597
vn 0.9294920268954865 0.01870541824569392 0.36836758715442597
vn 0.9294920268954865 0.01870541824569392 0.36836758715442597
vn 0.9294920268954865 0.01870541824569392 0.36836758715442597
vn 0.13107467020566307 -0.6607806121206126 -0.7390456098753209
vn 0.13107467020566307 -0.6607806121206126 -0.7390456098753209
vn 0.13107467020566307 -0.6607806121206126 -0.7390456098753209
vn 0.13107467020566307 -0.6607806121206126 -0.7390456098753209
vn 0.13107467020566307 -0.6607806121206126 -0.7390456098753209
vn 0.13107467020566307 -0.6607806121206126 -0.7390456098753209
vn 0.17027120056826583 -0.48227295888339095 -0.8593139771858135
vn 0.17027120056826583 -0.48227295888339095 -0.8593139771858135
vn 0.17027120056826583 -0.48227295888339095 -0.8593139771858135
vn 0.17027120056826583 -0.48227295888339095 -0.8593139771858135
vn 0.17027120056826583 -0.48227295888339095 -0.8593139771858135
vn 0.17027120056826583 -0.48227295888339095 -0.8593139771858135
vn 0.20983482973769518 -0.6464265164222016 -0.7335544309014905
vn 0.20983482973769518 -0.6464265164222016 -0.7335544309014905
vn 0.20983482973769518 -0.6464265164222016 -0.7335544309014905
vn 0.20983482973769518 -0.6464265164222016 -0.7335544309014905
vn 0.20983482973769518 -0.6464265164222016 -0.7335544309014905
vn 0.20983482973769518 -0.6464265164222016 -0.7335544309014905
vn -0.31319753880624057 -0.11389681969351875 0.942833397875476
vn -0.31319753880624057 -0.11389681969351875 0.942833397875476
vn -0.31319753880624057 -0.11389681969351875 0.942833397875476
vn -0.31319753880624057 -0.11389681969351875 0.942833397875476
vn -0.31319753880624057 -0.11389681969351875 0.942833397875476
vn -0.31319753880624057 -0.11389681969351875 0.942833397875476
vn -0.9907255368303567 0.04279389335798106 -0.1289635350146219
vn -0.9907255368303567 0.04279389335798106 -0.1289635350146219
vn -0.9907255368303567 0.04279389335798106 -0.1289635350146219
vn -0.9907255368303567 0.04279389335798106 -0.1289635350146219
vn -0.9907255368303567 0.04279389335798106 -0.1289635350146219
vn -0.9907255368303567 0.04279389335798106 -0.1289635350146219
vn -0.8298704817436119 0.5292994663152486 -0.1765136212563163
vn -0.8298704817436119 0.5292994663152486 -0.1765136212563163
vn -0.8298704817436119 0.5292994663152486 -0.1765136212563163
vn -0.8298704817436119 0.5292994663152486 -0.1765136212563163
vn -0.8298704817436119 0.5292994663152486 -0.1765136212563163
vn -0.8298704817436119 0.5292994663152486 -0.1765136212563163
vn -0.3484736796398501 -0.09495356643462391 0.9324966031142465
vn -0.3484736796398501 -0.09495356643462391 0.9324966031142465
vn -0.3484736796398501 -0.09495356643462391 0.9324966031142465
vn -0.3484736796398501 -0.09495356643462391 0.9324966031142465
vn -0.3484736796398501 -0.09495356643462391 0.9324966031142465
vn -0.3484736796398501 -0.09495356643462391 0.9324966031142465
vn -0.3325327602590456 -0.6901094196746713 0.6427837523077172
vn -0.3325327602590456 -0.6901094196746713 0.6427837523077172
vn -0.3325327602590456 -0.6901094196746713 0.6427837523077172
vn -0.3325327602590456 -0.6901094196746713 0.6427837523077172
vn -0.3325327602590456 -0.6901094196746713 0.6427837523077172
vn -0.3325327602590456 -0.6901094196746713 0.6427837523077172
vn 0.16929283224729796 -0.5042405689867773 -0.8468065809484354
vn 0.16929283224729796 -0.5042405689867773 -0.8468065809484354
vn 0.16929283224729796 -0.5042405689867773 -0.8468065809484354
vn 0.16929283224729796 -0.5042405689867773 -0.8468065809484354
vn 0.16929283224729796 -0.5042405689867773 -0.8468065809484354
vn 0.16929283224729796 -0.5042405689867773 -0.8468065809484354
vn 0.9272202677631692 0.0652747618020667 0.3687841923413749
vn 0.9272202677631692 0.0652747618020667 0.3687841923413749
vn 0.9272202677631692 0.0652747618020667 0.3687841923413749
vn 0.342620944507523 0.27616952691453805 -0.8979650777110282
vn 0.342620944507523 0.27616952691453805 -0.8979650777110282
vn 0.342620944507523 0.27616952691453805 -0.8979650777110282
vn 0.342620944507523 0.27616952691453805 -0.8979650777110282
vn 0.342620944507523 0.27616952691453805 -0.8979650777110282
vn 0.342620944507523 0.27616952691453805 -0.8979650777110282
vn 0.9554027005960387 -0.2822961274993657 0.0866866546399012
vn 0.9554027005960387 -0.2822961274993657 0.0866866546399012
vn 0.9554027005960387 -0.2822961274993657 0.0866866546399012
vn 0.9554027005960387 -0.2822961274993657 0.0866866546399012
vn 0.9554027005960387 -0.2822961274993657 0.0866866546399012
vn 0.9554027005960387 -0.2822961274993657 0.0866866546399012
vn 0.937985180184064 -0.24983255933065499 0.24034869263918185
vn 0.937985180184064 -0.24983255933065499 0.24034869263918185
vn 0.937985180184064 -0.24983255933065499 0.24034869263918185
vn 0.937985180184064 -0.24983255933065499 0.24034869263918185
vn 0.937985180184064 -0.24983255933065499 0.24034869263918185
vn 0.937985180184064 -0.24983255933065499 0.24034869263918185
vn -0.9388306158637197 0.23356721243282808 -0.25306803826897406
vn -0.9388306158637197 0.23356721243282808 -0.25306803826897406
vn -0.9388306158637197 0.23356721243282808 -0.25306803826897406
vn -0.9388306158637197 0.23356721243282808 -0.25306803826897406
vn -0.9388306158637197 0.23356721243282808 -0.25306803826897406
vn -0.9388306158637197 0.23356721243282808 -0.25306803826897406
vn 0.34549916348579074 0.5854400989034816 -0.733409993541471
vn 0.34549916348579074 0.5854400989034816 -0.733409993541471
vn 0.34549916348579074 0.5854400989034816 -0.733409993541471
vn 0.34549916348579074 0.5854400989034816 -0.733409993541471
vn 0.34549916348579074 0.5854400989034816 -0.733409993541471
vn 0.34549916348579074 0.5854400989034816 -0.733409993541471
vn 0.10620705893009627 -0.3778667098866538 -0.9197482319596241
vn 0.10620705893009627 -0.3778667098866538 -0.9197482319596241
vn 0.10620705893009627 -0.3778667098866538 -0.9197482319596241
vn 0.10620705893009627 -0.3778667098866538 -0.9197482319596241
vn 0.10620705893009627 -0.3778667098866538 -0.9197482319596241
vn 0.10620705893009627 -0.3778667098866538 -0.9197482319596241
vn -0.2442327664794299 -0.9685174805134683 0.04821043162685516
vn -0.2442327664794299 -0.9685174805134683 0.04821043162685516
vn -0.2442327664794299 -0.9685174805134683 0.04821043162685516
vn -0.2442327664794299 -0.9685174805134683 0.04821043162685516
vn -0.2442327664794299 -0.9685174805134683 0.04821043162685516
vn -0.2442327664794299 -0.9685174805134683 0.04821043162685516
vn -0.9554003861724287 0.2823642234093654 -0.08649015805281232
vn -0.9554003861724287 0.2823642234093654 -0.08649015805281232
vn -0.9554003861724287 0.2823642234093654 -0.08649015805281232
vn -0.9554003861724287 0.2823642234093654 -0.08649015805281232
vn -0.9554003861724287 0.2823642234093654 -0.08649015805281232
vn -0.9554003861724287 0.2823642234093654 -0.08649015805281232
vn 0.2952868249134916 0.9167995115888222 -0.2688574837771969
vn 0.2952868249134916 0.9167995115888222 -0.2688574837771969
vn 0.2952868249134916 0.9167995115888222 -0.2688574837771969
vn 0.2952868249134916 0.9167995115888222 -0.2688574837771969
vn 0.2952868249134916 0.9167995115888222 -0.2688574837771969
vn 0.2952868249134916 0.9167995115888222 -0.2688574837771969
vn 0.10279195103036412 -0.3702384173467992 -0.9232320017871504
vn 0.10279195103036412 -0.3702384173467992 -0.9232320017871504
vn 0.10279195103036412 -0.3702384173467992 -0.9232320017871504
vn 0.10279195103036412 -0.3702384173467992 -0.9232320017871504
vn 0.10279195103036412 -0.3702384173467992 -0.9232320017871504
vn 0.10279195103036412 -0.3702384173467992 -0.9232320017871504
vn 0.11024133360817491 -0.3653022111104135 -0.924338218901574
vn 0.11024133360817491 -0.3653022111104135 -0.924338218901574
vn 0.11024133360817491 -0.3653022111104135 -0.924338218901574
vn 0.11024133360817491 -0.3653022111104135 -0.924338218901574
vn 0.11024133360817491 -0.3653022111104135 -0.924338218901574
vn 0.11024133360817491 -0.3653022111104135 -0.924338218901574
vn 0.11350591029283504 -0.373025007859262 -0.9208521878348298
vn 0.11350591029283504 -0.373025007859262 -0.9208521878348298
vn 0.11350591029283504 -0.373025007859262 -0.9208521878348298
vn 0.11350591029283504 -0.373025007859262 -0.9208521878348298
vn 0.11350591029283504 -0.373025007859262 -0.9208521878348298
vn 0.11350591029283504 -0.373025007859262 -0.9208521878348298
vn -0.3394327411589542 -0.6983228193992086 0.6301830322498843
vn -0.3394327411589542 -0.6983228193992086 0.6301830322498843
vn -0.3394327411589542 -0.6983228193992086 0.6301830322498843
vn -0.3394327411589542 -0.6983228193992086 0.6301830322498843
vn -0.3394327411589542 -0.6983228193992086 0.6301830322498843
vn -0.3394327411589542 -0.6983228193992086 0.6301830322498843
vn -0.1728656275035058 0.4024514073986166 0.898971823535472
vn -0.1728656275035058 0.4024514073986166 0.898971823535472
vn -0.1728656275035058 0.4024514073986166 0.898971823535472
vn -0.1728656275035058 0.4024514073986166 0.898971823535472
vn -0.1728656275035058 0.4024514073986166 0.898971823535472
vn -0.1728656275035058 0.4024514073986166 0.898971823535472
vn 0.35337914985170193 0.25886771853193025 -0.8989497654219405
vn 0.35337914985170193 0.25886771853193025 -0.8989497654219405
vn 0.35337914985170193 0.25886771853193025 -0.8989497654219405
vn 0.35337914985170193 0.25886771853193025 -0.8989497654219405
vn 0.35337914985170193 0.25886771853193025 -0.8989497654219405
vn 0.35337914985170193 0.25886771853193025 -0.8989497654219405
vn 0.9150971606355465 0.0048108438526265635 0.403204715223156
vn 0.9150971606355465 0.0048108438526265635 0.403204715223156
vn 0.9150971606355465 0.0048108438526265635 0.403204715223156
vn 0.9150971606355465 0.0048108438526265635 0.403204715223156
vn 0.9150971606355465 0.0048108438526265635 0.403204715223156
vn 0.9150971606355465 0.0048108438526265635 0.403204715223156
vn 0.9404418603672685 -0.1474380208825528 0.306318685795018
vn 0.9404418603672685 -0.1474380208825528 0.306318685795018
vn 0.9404418603672685 -0.1474380208825528 0.306318685795018
vn 0.9404418603672685 -0.1474380208825528 0.306318685795018
vn 0.9404418603672685 -0.1474380208825528 0.306318685795018
vn 0.9404418603672685 -0.1474380208825528 0.306318685795018
vn -0.9320238347085985 -0.02675307709825247 -0.36140814102736246
vn -0.9320238347085985 -0.02675307709825247 -0.36140814102736246
vn -0.9320238347085985 -0.02675307709825247 -0.36140814102736246
vn -0.9320238347085985 -0.02675307709825247 -0.36140814102736246
vn -0.9320238347085985 -0.02675307709825247 -0.36140814102736246
vn -0.9320238347085985 -0.02675307709825247 -0.36140814102736246
vn 0.36327525162416624 0.6153811036996646 -0.699526403194891
vn 0.36327525162416624 0.6153811036996646 -0.699526403194891
vn 0.36327525162416624 0.6153811036996646 -0.699526403194891
vn 0.36327525162416624 0.6153811036996646 -0.699526403194891
vn 0.36327525162416624 0.6153811036996646 -0.699526403194891
vn 0.36327525162416624 0.6153811036996646 -0.699526403194891
vn 0.48164478917335646 -0.4347850209199445 -0.7609075388283365
vn 0.48164478917335646 -0.4347850209199445 -0.7609075388283365
vn 0.48164478917335646 -0.4347850209199445 -0.7609075388283365
vn 0.48164478917335646 -0.4347850209199445 -0.7609075388283365
vn 0.48164478917335646 -0.4347850209199445 -0.7609075388283365
vn 0.48164478917335646 -0.4347850209199445 -0.7609075388283365
vn -0.05571034293289487 -0.9723394688013703 0.2268310276425342
vn -0.05571034293289487 -0.9723394688013703 0.2268310276425342
vn -0.05571034293289487 -0.9723394688013703 0.2268310276425342
vn -0.05571034293289487 -0.9723394688013703 0.2268310276425342
vn -0.05571034293289487 -0.9723394688013703 0.2268310276425342
vn -0.05571034293289487 -0.9723394688013703 0.2268310276425342
vn -0.9151486483480429 -0.004751487023721859 -0.40308854461248783
vn -0.9151486483480429 -0.004751487023721859 -0.40308854461248783
vn -0.9151486483480429 -0.004751487023721859 -0.40308854461248783
vn -0.9151486483480429 -0.004751487023721859 -0.40308854461248783
vn -0.9151486483480429 -0.004751487023721859 -0.40308854461248783
vn -0.9151486483480429 -0.004751487023721859 -0.40308854461248783
vn 0.14770277099169546 0.9262650281489573 -0.3467232168020854
vn 0.14770277099169546 0.9262650281489573 -0.3467232168020854
vn 0.14770277099169546 0.9262650281489573 -0.3467232168020854
vn 0.14770277099169546 0.9262650281489573 -0.3467232168020854
vn 0.14770277099169546 0.9262650281489573 -0.3467232168020854
vn 0.14770277099169546 0.9262650281489573 -0.3467232168020854
vn 0.47788723438243347 -0.4288669494806358 -0.7666139386010945
vn 0.47788723438243347 -0.4288669494806358 -0.7666139386010945
vn 0.47788723438243347 -0.4288669494806358 -0.7666139386010945
vn 0.47788723438243347 -0.4288669494806358 -0.7666139386010945
vn 0.47788723438243347 -0.4288669494806358 -0.7666139386010945
vn 0.47788723438243347 -0.4288669494806358 -0.7666139386010945
vn 0.4839489156085386 -0.42221063527269337 -0.7665061164426207
vn 0.4839489156085386 -0.42221063527269337 -0.7665061164426207
vn 0.4839489156085386 -0.42221063527269337 -0.7665061164426207
vn 0.4839489156085386 -0.42221063527269337 -0.7665061164426207
vn 0.4839489156085386 -0.42221063527269337 -0.7665061164426207
vn 0.4839489156085386 -0.42221063527269337 -0.7665061164426207
vn 0.48756863721281524 -0.42827924747522894 -0.7608243622469575
vn 0.48756863721281524 -0.42827924747522894 -0.7608243622469575
vn 0.48756863721281524 -0.42827924747522894 -0.7608243622469575
vn 0.48756863721281524 -0.42827924747522894 -0.7608243622469575
vn 0.48756863721281524 -0.42827924747522894 -0.7608243622469575
vn 0.48756863721281524 -0.42827924747522894 -0.7608243622469575
vn 0.8704920232070438 -0.09817826435279625 0.4822910593630986
vn 0.8704920232070438 -0.09817826435279625 0.4822910593630986
vn 0.8704920232070438 -0.09817826435279625 0.4822910593630986
vn 0.8704920232070438 -0.09817826435279625 0.4822910593630986
vn 0.8704920232070438 -0.09817826435279625 0.4822910593630986
vn 0.8704920232070438 -0.09817826435279625 0.4822910593630986
vn -0.9997740342490947 -0.01799001897505775 0.011324295058281152
vn -0.9997740342490947 -0.01799001897505775 0.011324295058281152
vn -0.9997740342490947 -0.01799001897505775 0.011324295058281152
vn 0.8442639651559103 0.2049570074974774 -0.4951878251905019
vn 0.8442639651559103 0.2049570074974774 -0.4951878251905019
vn 0.8442639651559103 0.2049570074974774 -0.4951878251905019
vn 0.8442639651559103 0.2049570074974774 -0.4951878251905019
vn 0.8442639651559103 0.2049570074974774 -0.4951878251905019
vn 0.8442639651559103 0.2049570074974774 -0.4951878251905019
vn 0.9986861117677044 0.016919390507232394 -0.048371317815086266
vn 0.9986861117677044 0.016919390507232394 -0.048371317815086266
vn 0.9986861117677044 0.016919390507232394 -0.048371317815086266
vn 0.9986861117677044 0.016919390507232394 -0.048371317815086266
vn 0.9986861117677044 0.016919390507232394 -0.048371317815086266
vn 0.9986861117677044 0.016919390507232394 -0.048371317815086266
vn 0.8401678043601118 0.48583066471377606 -0.2410116713781288
vn 0.8401678043601118 0.48583066471377606 -0.2410116713781288
vn 0.8401678043601118 0.48583066471377606 -0.2410116713781288
vn 0.8401678043601118 0.48583066471377606 -0.2410116713781288
vn 0.8401678043601118 0.48583066471377606 -0.2410116713781288
vn 0.8401678043601118 0.48583066471377606 -0.2410116713781288
vn 0.20452330996997753 0.3173144581617979 -0.9260031049194215
vn 0.20452330996997753 0.3173144581617979 -0.9260031049194215
vn 0.20452330996997753 0.3173144581617979 -0.9260031049194215
vn 0.20452330996997753 0.3173144581617979 -0.9260031049194215
vn 0.20452330996997753 0.3173144581617979 -0.9260031049194215
vn 0.20452330996997753 0.3173144581617979 -0.9260031049194215
vn 0.9007926462412236 0.2875481276306627 -0.32540541294488873
vn 0.9007926462412236 0.2875481276306627 -0.32540541294488873
vn 0.9007926462412236 0.2875481276306627 -0.32540541294488873
vn 0.9007926462412236 0.2875481276306627 -0.32540541294488873
vn 0.9007926462412236 0.2875481276306627 -0.32540541294488873
vn 0.9007926462412236 0.2875481276306627 -0.32540541294488873
vn 0.9992360292666528 0.01724299820594137 -0.03507188087746358
vn 0.9992360292666528 0.01724299820594137 -0.03507188087746358
vn 0.9992360292666528 0.01724299820594137 -0.03507188087746358
vn 0.9992360292666528 0.01724299820594137 -0.03507188087746358
vn 0.9992360292666528 0.01724299820594137 -0.03507188087746358
vn 0.9992360292666528 0.01724299820594137 -0.03507188087746358
vn 0.2057763397321413 0.5704023495076621 -0.7951712128105376
vn 0.2057763397321413 0.5704023495076621 -0.7951712128105376
vn 0.2057763397321413 0.5704023495076621 -0.7951712128105376
vn 0.2057763397321413 0.5704023495076621 -0.7951712128105376
vn 0.2057763397321413 0.5704023495076621 -0.7951712128105376
vn 0.2057763397321413 0.5704023495076621 -0.7951712128105376
vn 0.8660303821613791 0.1956621573208623 -0.46011704746288373
vn 0.8660303821613791 0.1956621573208623 -0.46011704746288373
vn 0.8660303821613791 0.1956621573208623 -0.46011704746288373
vn 0.8660303821613791 0.1956621573208623 -0.46011704746288373
vn 0.8660303821613791 0.1956621573208623 -0.46011704746288373
vn 0.8660303821613791 0.1956621573208623 -0.46011704746288373
vn -0.3367064047809744 0.9347992015106625 -0.11304534415224063
vn -0.3367064047809744 0.9347992015106625 -0.11304534415224063
vn -0.3367064047809744 0.9347992015106625 -0.11304534415224063
vn -0.3367064047809744 0.9347992015106625 -0.11304534415224063
vn -0.3367064047809744 0.9347992015106625 -0.11304534415224063
vn -0.3367064047809744 0.9347992015106625 -0.11304534415224063
vn -0.7257016274843339 0.4540753899983915 0.5168875003948129
vn -0.7257016274843339 0.4540753899983915 0.5168875003948129
vn -0.7257016274843339 0.4540753899983915 0.5168875003948129
vn -0.7257016274843339 0.4540753899983915 0.5168875003948129
vn -0.7257016274843339 0.4540753899983915 0.5168875003948129
vn -0.7257016274843339 0.4540753899983915 0.5168875003948129
vn -0.3293827175382026 0.9441778730686707 0.005930378965078958
vn -0.3293827175382026 0.9441778730686707 0.005930378965078958
vn -0.3293827175382026 0.9441778730686707 0.005930378965078958
vn -0.3293827175382026 0.9441778730686707 0.005930378965078958
vn -0.3293827175382026 0.9441778730686707 0.005930378965078958
vn -0.3293827175382026 0.9441778730686707 0.005930378965078958
vn -0.08895241095740226 0.026616760555898074 0.9956801778896552
vn -0.08895241095740226 0.026616760555898074 0.9956801778896552
vn -0.08895241095740226 0.026616760555898074 0.9956801778896552
vn -0.08895241095740226 0.026616760555898074 0.9956801778896552
vn -0.08895241095740226 0.026616760555898074 0.9956801778896552
vn -0.08895241095740226 0.026616760555898074 0.9956801778896552
vn -0.21685006223616962 -0.39958044474502724 -0.8906803684181748
vn -0.21685006223616962 -0.39958044474502724 -0.8906803684181748
vn -0.21685006223616962 -0.39958044474502724 -0.8906803684181748
vn -0.21685006223616962 -0.39958044474502724 -0.8906803684181748
vn -0.21685006223616962 -0.39958044474502724 -0.8906803684181748
vn -0.21685006223616962 -0.39958044474502724 -0.8906803684181748
vn -0.9238144803975386 0.38138233589705806 0.033381427074488663
vn -0.9238144803975386 0.38138233589705806 0.033381427074488663
vn -0.9238144803975386 0.38138233589705806 0.033381427074488663
vn -0.9238144803975386 0.38138233589705806 0.033381427074488663
vn -0.9238144803975386 0.38138233589705806 0.033381427074488663
vn -0.9238144803975386 0.38138233589705806 0.033381427074488663
vn -0.8431676832579493 0.4682609770735331 0.26419673589876674
vn -0.8431676832579493 0.4682609770735331 0.26419673589876674
vn -0.8431676832579493 0.4682609770735331 0.26419673589876674
vn -0.8431676832579493 0.4682609770735331 0.26419673589876674
vn -0.8431676832579493 0.4682609770735331 0.26419673589876674
vn -0.8431676832579493 0.4682609770735331 0.26419673589876674
vn -0.9939227949600355 0.03854156036896105 0.10311171506263049
vn -0.9939227949600355 0.03854156036896105 0.10311171506263049
vn -0.9939227949600355 0.03854156036896105 0.10311171506263049
vn -0.9939227949600355 0.03854156036896105 0.10311171506263049
vn -0.9939227949600355 0.03854156036896105 0.10311171506263049
vn -0.9939227949600355 0.03854156036896105 0.10311171506263049
vn -0.2895075871329083 0.9565106561163896 -0.0356752256934047
vn -0.2895075871329083 0.9565106561163896 -0.0356752256934047
vn -0.2895075871329083 0.9565106561163896 -0.0356752256934047
vn -0.2895075871329083 0.9565106561163896 -0.0356752256934047
vn -0.2895075871329083 0.9565106561163896 -0.0356752256934047
vn -0.2895075871329083 0.9565106561163896 -0.0356752256934047
vn -0.9034209305522513 0.4149073996749015 0.1080854843867382
vn -0.9034209305522513 0.4149073996749015 0.1080854843867382
vn -0.9034209305522513 0.4149073996749015 0.1080854843867382
vn -0.9034209305522513 0.4149073996749015 0.1080854843867382
vn -0.9034209305522513 0.4149073996749015 0.1080854843867382
vn -0.9034209305522513 0.4149073996749015 0.1080854843867382
vn -0.9496227919284442 -0.2704069571277272 0.158419161047363
vn -0.9496227919284442 -0.2704069571277272 0.158419161047363
vn -0.9496227919284442 -0.2704069571277272 0.158419161047363
vn -0.9496227919284442 -0.2704069571277272 0.158419161047363
vn -0.9496227919284442 -0.2704069571277272 0.158419161047363
vn -0.9496227919284442 -0.2704069571277272 0.158419161047363
vn -0.5010340667939898 0.8396151993369143 0.2097884194952377
vn -0.5010340667939898 0.8396151993369143 0.2097884194952377
vn -0.5010340667939898 0.8396151993369143 0.2097884194952377
vn -0.5010340667939898 0.8396151993369143 0.2097884194952377
vn -0.5010340667939898 0.8396151993369143 0.2097884194952377
vn -0.5010340667939898 0.8396151993369143 0.2097884194952377
vn -0.34342306262344385 0.8840883099107903 -0.31693605086423443
vn -0.34342306262344385 0.8840883099107903 -0.31693605086423443
vn -0.34342306262344385 0.8840883099107903 -0.31693605086423443
vn -0.34342306262344385 0.8840883099107903 -0.31693605086423443
vn -0.34342306262344385 0.8840883099107903 -0.31693605086423443
vn -0.34342306262344385 0.8840883099107903 -0.31693605086423443
vn -0.8473075715792793 0.508454294550805 0.15344089903695166
vn -0.8473075715792793 0.508454294550805 0.15344089903695166
vn -0.8473075715792793 0.508454294550805 0.15344089903695166
vn -0.8473075715792793 0.508454294550805 0.15344089903695166
vn -0.8473075715792793 0.508454294550805 0.15344089903695166
vn -0.8473075715792793 0.508454294550805 0.15344089903695166
vn -0.28093778207935954 0.9576668263148627 -0.06283480227030899
vn -0.28093778207935954 0.9576668263148627 -0.06283480227030899
vn -0.28093778207935954 0.9576668263148627 -0.06283480227030899
vn -0.28093778207935954 0.9576668263148627 -0.06283480227030899
vn -0.28093778207935954 0.9576668263148627 -0.06283480227030899
vn -0.28093778207935954 0.9576668263148627 -0.06283480227030899
vn -0.21310025966687968 -0.08842350904211282 0.9730208437534048
vn -0.21310025966687968 -0.08842350904211282 0.9730208437534048
vn -0.21310025966687968 -0.08842350904211282 0.9730208437534048
vn -0.21310025966687968 -0.08842350904211282 0.9730208437534048
vn -0.21310025966687968 -0.08842350904211282 0.9730208437534048
vn -0.21310025966687968 -0.08842350904211282 0.9730208437534048
vn -0.11087094237281094 -0.35251935686057684 -0.9292135046241904
vn -0.11087094237281094 -0.35251935686057684 -0.9292135046241904
vn -0.11087094237281094 -0.35251935686057684 -0.9292135046241904
vn -0.11087094237281094 -0.35251935686057684 -0.9292135046241904
vn -0.11087094237281094 -0.35251935686057684 -0.9292135046241904
vn -0.11087094237281094 -0.35251935686057684 -0.9292135046241904
vn -0.9326059572107775 0.34197791923990106 -0.11531362160350761
vn -0.9326059572107775 0.34197791923990106 -0.11531362160350761
vn -0.9326059572107775 0.34197791923990106 -0.11531362160350761
vn -0.9326059572107775 0.34197791923990106 -0.11531362160350761
vn -0.9326059572107775 0.34197791923990106 -0.11531362160350761
vn -0.9326059572107775 0.34197791923990106 -0.11531362160350761
vn -0.23641836756353365 0.9539548873623576 -0.1845980182885653
vn -0.23641836756353365 0.9539548873623576 -0.1845980182885653
vn -0.23641836756353365 0.9539548873623576 -0.1845980182885653
vn -0.23641836756353365 0.9539548873623576 -0.1845980182885653
vn -0.23641836756353365 0.9539548873623576 -0.1845980182885653
vn -0.23641836756353365 0.9539548873623576 -0.1845980182885653
vn -0.5400343953872769 -0.41452378976468934 -0.7324840472787226
vn -0.5400343953872769 -0.41452378976468934 -0.7324840472787226
vn -0.5400343953872769 -0.41452378976468934 -0.7324840472787226
vn -0.5400343953872769 -0.41452378976468934 -0.7324840472787226
vn -0.5400343953872769 -0.41452378976468934 -0.7324840472787226
vn -0.5400343953872769 -0.41452378976468934 -0.7324840472787226
vn -0.7994275040385714 0.05412025652421325 -0.5983198673121368
vn -0.7994275040385714 0.05412025652421325 -0.5983198673121368
vn -0.7994275040385714 0.05412025652421325 -0.5983198673121368
vn -0.7994275040385714 0.05412025652421325 -0.5983198673121368
vn -0.7994275040385714 0.05412025652421325 -0.5983198673121368
vn -0.7994275040385714 0.05412025652421325 -0.5983198673121368
vn -0.7752172700652172 0.08252278627224521 -0.6262812259189136
vn -0.7752172700652172 0.08252278627224521 -0.6262812259189136
vn -0.7752172700652172 0.08252278627224521 -0.6262812259189136
vn -0.7752172700652172 0.08252278627224521 -0.6262812259189136
vn -0.7752172700652172 0.08252278627224521 -0.6262812259189136
vn -0.7752172700652172 0.08252278627224521 -0.6262812259189136
vn -0.25498929701338147 0.9618434008556305 -0.09918533479852944
vn -0.25498929701338147 0.9618434008556305 -0.09918533479852944
vn -0.25498929701338147 0.9618434008556305 -0.09918533479852944
vn -0.25498929701338147 0.9618434008556305 -0.09918533479852944
vn -0.25498929701338147 0.9618434008556305 -0.09918533479852944
vn -0.25498929701338147 0.9618434008556305 -0.09918533479852944
vn -0.7967467812960668 -0.5107155396639685 -0.3230544908217479
vn -0.7967467812960668 -0.5107155396639685 -0.3230544908217479
vn -0.7967467812960668 -0.5107155396639685 -0.3230544908217479
vn -0.7967467812960668 -0.5107155396639685 -0.3230544908217479
vn -0.7967467812960668 -0.5107155396639685 -0.3230544908217479
vn -0.7967467812960668 -0.5107155396639685 -0.3230544908217479
vn -0.9680595820998377 0.24751138554786564 -0.03998449110421992
vn -0.9680595820998377 0.24751138554786564 -0.03998449110421992
vn -0.9680595820998377 0.24751138554786564 -0.03998449110421992
vn -0.9680595820998377 0.24751138554786564 -0.03998449110421992
vn -0.9680595820998377 0.24751138554786564 -0.03998449110421992
vn -0.9680595820998377 0.24751138554786564 -0.03998449110421992
vn -0.9718949277814669 0.23198305582508538 -0.040051356565195255
vn -0.9718949277814669 0.23198305582508538 -0.040051356565195255
vn -0.9718949277814669 0.23198305582508538 -0.040051356565195255
vn -0.9718949277814669 0.23198305582508538 -0.040051356565195255
vn -0.9718949277814669 0.23198305582508538 -0.040051356565195255
vn -0.9718949277814669 0.23198305582508538 -0.040051356565195255
vn -0.3575065044494282 0.9147109721511574 0.18839569183671778
vn -0.3575065044494282 0.9147109721511574 0.18839569183671778
vn -0.3575065044494282 0.9147109721511574 0.18839569183671778
vn -0.3575065044494282 0.9147109721511574 0.18839569183671778
vn -0.3575065044494282 0.9147109721511574 0.18839569183671778
vn -0.3575065044494282 0.9147109721511574 0.18839569183671778
vn -0.8479290894403761 -0.4768849019268663 -0.23151036606385006
vn -0.8479290894403761 -0.4768849019268663 -0.23151036606385006
vn -0.8479290894403761 -0.4768849019268663 -0.23151036606385006
vn -0.8479290894403761 -0.4768849019268663 -0.23151036606385006
vn -0.8479290894403761 -0.4768849019268663 -0.23151036606385006
vn -0.8479290894403761 -0.4768849019268663 -0.23151036606385006
vn -0.970227346977919 0.21136200753197174 -0.11825817920230124
vn -0.970227346977919 0.21136200753197174 -0.11825817920230124
vn -0.970227346977919 0.21136200753197174 -0.11825817920230124
vn -0.970227346977919 0.21136200753197174 -0.11825817920230124
vn -0.970227346977919 0.21136200753197174 -0.11825817920230124
vn -0.970227346977919 0.21136200753197174 -0.11825817920230124
vn -0.9661324812689183 0.2344050985407949 -0.107899390245004
vn -0.9661324812689183 0.2344050985407949 -0.107899390245004
vn -0.9661324812689183 0.2344050985407949 -0.107899390245004
vn -0.9661324812689183 0.2344050985407949 -0.107899390245004
vn -0.9661324812689183 0.2344050985407949 -0.107899390245004
vn -0.9661324812689183 0.2344050985407949 -0.107899390245004
vn -0.33185572881431863 0.9423866812515407 0.04217959521883308
vn -0.33185572881431863 0.9423866812515407 0.04217959521883308
vn -0.33185572881431863 0.9423866812515407 0.04217959521883308
vn -0.33185572881431863 0.9423866812515407 0.04217959521883308
vn -0.33185572881431863 0.9423866812515407 0.04217959521883308
vn -0.33185572881431863 0.9423866812515407 0.04217959521883308
vn -0.9793343162481543 0.20167088355693552 0.015269307257539081
vn -0.9793343162481543 0.20167088355693552 0.015269307257539081
vn -0.9793343162481543 0.20167088355693552 0.015269307257539081
vn -0.9793343162481543 0.20167088355693552 0.015269307257539081
vn -0.9793343162481543 0.20167088355693552 0.015269307257539081
vn -0.9793343162481543 0.20167088355693552 0.015269307257539081
vn -0.9856751591233335 0.168375564000521 0.009703099231590693
vn -0.9856751591233335 0.168375564000521 0.009703099231590693
vn -0.9856751591233335 0.168375564000521 0.009703099231590693
vn -0.9856751591233335 0.168375564000521 0.009703099231590693
vn -0.9856751591233335 0.168375564000521 0.009703099231590693
vn -0.9856751591233335 0.168375564000521 0.009703099231590693
vn -0.26309501810641284 0.9567162774898637 0.12439845591294466
vn -0.26309501810641284 0.9567162774898637 0.12439845591294466
vn -0.26309501810641284 0.9567162774898637 0.12439845591294466
vn -0.26309501810641284 0.9567162774898637 0.12439845591294466
vn -0.26309501810641284 0.9567162774898637 0.12439845591294466
vn -0.26309501810641284 0.9567162774898637 0.12439845591294466
vn -0.8793655700724754 -0.46314788147172004 -0.1104999278704186
vn -0.8793655700724754 -0.46314788147172004 -0.1104999278704186
vn -0.8793655700724754 -0.46314788147172004 -0.1104999278704186
vn -0.8793655700724754 -0.46314788147172004 -0.1104999278704186
vn -0.8793655700724754 -0.46314788147172004 -0.1104999278704186
vn -0.8793655700724754 -0.46314788147172004 -0.1104999278704186
vn -0.9822834967040704 0.08858990632185568 0.16513921581716753
vn -0.9822834967040704 0.08858990632185568 0.16513921581716753
vn -0.9822834967040704 0.08858990632185568 0.16513921581716753
vn -0.9822834967040704 0.08858990632185568 0.16513921581716753
vn -0.9822834967040704 0.08858990632185568 0.16513921581716753
vn -0.9822834967040704 0.08858990632185568 0.16513921581716753
vn -0.9802778262653181 0.12041564444629634 0.15670180568559455
vn -0.9802778262653181 0.12041564444629634 0.15670180568559455
vn -0.9802778262653181 0.12041564444629634 0.15670180568559455
vn -0.9802778262653181 0.12041564444629634 0.15670180568559455
vn -0.9802778262653181 0.12041564444629634 0.15670180568559455
vn -0.9802778262653181 0.12041564444629634 0.15670180568559455
vn -0.9974735787532839 0.04510156617903917 -0.054884500702057214
vn -0.9974735787532839 0.04510156617903917 -0.054884500702057214
vn -0.9974735787532839 0.04510156617903917 -0.054884500702057214
vn -0.9974735787532839 0.04510156617903917 -0.054884500702057214
vn -0.9974735787532839 0.04510156617903917 -0.054884500702057214
vn -0.9974735787532839 0.04510156617903917 -0.054884500702057214
vn -0.9932188426805993 0.08771937828950893 -0.0762996803185506
vn -0.9932188426805993 0.08771937828950893 -0.0762996803185506
vn -0.9932188426805993 0.08771937828950893 -0.0762996803185506
vn -0.9932188426805993 0.08771937828950893 -0.0762996803185506
vn -0.9932188426805993 0.08771937828950893 -0.0762996803185506
vn -0.9932188426805993 0.08771937828950893 -0.0762996803185506
vn -0.28663677191038917 -0.12559823749675644 -0.9497707321909324
vn -0.28663677191038917 -0.12559823749675644 -0.9497707321909324
vn -0.28663677191038917 -0.12559823749675644 -0.9497707321909324
vn -0.28663677191038917 -0.12559823749675644 -0.9497707321909324
vn -0.28663677191038917 -0.12559823749675644 -0.9497707321909324
vn -0.28663677191038917 -0.12559823749675644 -0.9497707321909324
vn -0.4001723306715286 0.2406620030600124 0.8842759218977181
vn -0.4001723306715286 0.2406620030600124 0.8842759218977181
vn -0.4001723306715286 0.2406620030600124 0.8842759218977181
vn -0.4001723306715286 0.2406620030600124 0.8842759218977181
vn -0.4001723306715286 0.2406620030600124 0.8842759218977181
vn -0.4001723306715286 0.2406620030600124 0.8842759218977181
vn -0.9814737271173777 -0.14113447562524442 -0.12957770938055063
vn -0.9814737271173777 -0.14113447562524442 -0.12957770938055063
vn -0.9814737271173777 -0.14113447562524442 -0.12957770938055063
vn -0.9814737271173777 -0.14113447562524442 -0.12957770938055063
vn -0.9814737271173777 -0.14113447562524442 -0.12957770938055063
vn -0.9814737271173777 -0.14113447562524442 -0.12957770938055063
vn -0.9703321905951853 -0.08275049265624783 0.2271734928637089
vn -0.9703321905951853 -0.08275049265624783 0.2271734928637089
vn -0.9703321905951853 -0.08275049265624783 0.2271734928637089
vn -0.9703321905951853 -0.08275049265624783 0.2271734928637089
vn -0.9703321905951853 -0.08275049265624783 0.2271734928637089
vn -0.9703321905951853 -0.08275049265624783 0.2271734928637089
vn -0.9912091735088628 -0.008767083315745583 -0.13201330464014507
vn -0.9912091735088628 -0.008767083315745583 -0.13201330464014507
vn -0.9912091735088628 -0.008767083315745583 -0.13201330464014507
vn -0.9912091735088628 -0.008767083315745583 -0.13201330464014507
vn -0.9912091735088628 -0.008767083315745583 -0.13201330464014507
vn -0.9912091735088628 -0.008767083315745583 -0.13201330464014507
vn -0.15782680377946215 -0.7809781718630651 0.6042878412496681
vn -0.15782680377946215 -0.7809781718630651 0.6042878412496681
vn -0.15782680377946215 -0.7809781718630651 0.6042878412496681
vn -0.15782680377946215 -0.7809781718630651 0.6042878412496681
vn -0.15782680377946215 -0.7809781718630651 0.6042878412496681
vn -0.15782680377946215 -0.7809781718630651 0.6042878412496681
vn 0.06067258469835418 -0.5442249277329578 -0.8367425323838139
vn 0.06067258469835418 -0.5442249277329578 -0.8367425323838139
vn 0.06067258469835418 -0.5442249277329578 -0.8367425323838139
vn 0.06067258469835418 -0.5442249277329578 -0.8367425323838139
vn 0.06067258469835418 -0.5442249277329578 -0.8367425323838139
vn 0.06067258469835418 -0.5442249277329578 -0.8367425323838139
vn -0.18750709143262018 -0.11397915773127502 0.9756279220406457
vn -0.18750709143262018 -0.11397915773127502 0.9756279220406457
vn -0.18750709143262018 -0.11397915773127502 0.9756279220406457
vn -0.18750709143262018 -0.11397915773127502 0.9756279220406457
vn -0.18750709143262018 -0.11397915773127502 0.9756279220406457
vn -0.18750709143262018 -0.11397915773127502 0.9756279220406457
vn 0.9913835563570867 -0.12776486673773846 0.028892611724504063
vn 0.9913835563570867 -0.12776486673773846 0.028892611724504063
vn 0.9913835563570867 -0.12776486673773846 0.028892611724504063
vn 0.9913835563570867 -0.12776486673773846 0.028892611724504063
vn 0.9913835563570867 -0.12776486673773846 0.028892611724504063
vn 0.9913835563570867 -0.12776486673773846 0.028892611724504063
vn 0.9504330363892975 -0.1414275382722442 -0.2769030421611021
vn 0.9504330363892975 -0.1414275382722442 -0.2769030421611021
vn 0.9504330363892975 -0.1414275382722442 -0.2769030421611021
vn 0.9504330363892975 -0.1414275382722442 -0.2769030421611021
vn 0.9504330363892975 -0.1414275382722442 -0.2769030421611021
vn 0.9504330363892975 -0.1414275382722442 -0.2769030421611021
vn 0.97052000468435 0.06224412803432137 -0.23284455980919194
vn 0.97052000468435 0.06224412803432137 -0.23284455980919194
vn 0.97052000468435 0.06224412803432137 -0.23284455980919194
vn 0.9734829155995878 0.11916554101071407 -0.19527054788510698
vn 0.9734829155995878 0.11916554101071407 -0.19527054788510698
vn 0.9734829155995878 0.11916554101071407 -0.19527054788510698
vn 0.9734829155995878 0.11916554101071407 -0.19527054788510698
vn 0.9734829155995878 0.11916554101071407 -0.19527054788510698
vn 0.9734829155995878 0.11916554101071407 -0.19527054788510698
vn 0.0009757777601865844 0.6123866147380879 -0.7905578296034944
vn 0.0009757777601865844 0.6123866147380879 -0.7905578296034944
vn 0.0009757777601865844 0.6123866147380879 -0.7905578296034944
vn 0.0009757777601865844 0.6123866147380879 -0.7905578296034944
vn 0.0009757777601865844 0.6123866147380879 -0.7905578296034944
vn 0.0009757777601865844 0.6123866147380879 -0.7905578296034944
vn -0.9288741083576102 -0.31453928877481874 0.19559633595721007
vn -0.9288741083576102 -0.31453928877481874 0.19559633595721007
vn -0.9288741083576102 -0.31453928877481874 0.19559633595721007
vn -0.9288741083576102 -0.31453928877481874 0.19559633595721007
vn -0.9288741083576102 -0.31453928877481874 0.19559633595721007
vn -0.9288741083576102 -0.31453928877481874 0.19559633595721007
vn 0.9821003322600373 -0.16863617635028513 0.08390934036613379
vn 0.9821003322600373 -0.16863617635028513 0.08390934036613379
vn 0.9821003322600373 -0.16863617635028513 0.08390934036613379
vn 0.9821003322600373 -0.16863617635028513 0.08390934036613379
vn 0.9821003322600373 -0.16863617635028513 0.08390934036613379
vn 0.9821003322600373 -0.16863617635028513 0.08390934036613379
vn -0.9884824032896274 -0.006315223836190776 -0.15120402221720589
vn -0.9884824032896274 -0.006315223836190776 -0.15120402221720589
vn -0.9884824032896274 -0.006315223836190776 -0.15120402221720589
vn -0.22268950157358375 0.8174922937539589 -0.5311456820325284
vn -0.22268950157358375 0.8174922937539589 -0.5311456820325284
vn -0.22268950157358375 0.8174922937539589 -0.5311456820325284
vn -0.22268950157358375 0.8174922937539589 -0.5311456820325284
vn -0.22268950157358375 0.8174922937539589 -0.5311456820325284
vn -0.22268950157358375 0.8174922937539589 -0.5311456820325284
vn 0.994859973583637 -0.023771937037567054 -0.09843032038273142
vn 0.994859973583637 -0.023771937037567054 -0.09843032038273142
vn 0.994859973583637 -0.023771937037567054 -0.09843032038273142
vn 0.994859973583637 -0.023771937037567054 -0.09843032038273142
vn 0.994859973583637 -0.023771937037567054 -0.09843032038273142
vn 0.994859973583637 -0.023771937037567054 -0.09843032038273142
vn -0.2849069256118084 -0.12533384403055836 0.950325981586819
vn -0.2849069256118084 -0.12533384403055836 0.950325981586819
vn -0.2849069256118084 -0.12533384403055836 0.950325981586819
vn -0.2849069256118084 -0.12533384403055836 0.950325981586819
vn -0.2849069256118084 -0.12533384403055836 0.950325981586819
vn -0.2849069256118084 -0.12533384403055836 0.950325981586819
vn -0.9674458394876304 0.23527972743878556 0.09323088283613276
vn -0.9674458394876304 0.23527972743878556 0.09323088283613276
vn -0.9674458394876304 0.23527972743878556 0.09323088283613276
vn -0.9674458394876304 0.23527972743878556 0.09323088283613276
vn -0.9674458394876304 0.23527972743878556 0.09323088283613276
vn -0.9674458394876304 0.23527972743878556 0.09323088283613276
vn -0.9563332785478397 -0.2878199961377633 0.05085577809058045
vn -0.9563332785478397 -0.2878199961377633 0.05085577809058045
vn -0.9563332785478397 -0.2878199961377633 0.05085577809058045
vn -0.9563332785478397 -0.2878199961377633 0.05085577809058045
vn -0.9563332785478397 -0.2878199961377633 0.05085577809058045
vn -0.9563332785478397 -0.2878199961377633 0.05085577809058045
vn 0.9878816064860196 -0.1350425475551446 -0.07650778990676489
vn 0.9878816064860196 -0.1350425475551446 -0.07650778990676489
vn 0.9878816064860196 -0.1350425475551446 -0.07650778990676489
vn 0.9878816064860196 -0.1350425475551446 -0.07650778990676489
vn 0.9878816064860196 -0.1350425475551446 -0.07650778990676489
vn 0.9878816064860196 -0.1350425475551446 -0.07650778990676489
vn -0.2007001140033144 -0.8771039333107002 0.4363578284045733
vn -0.2007001140033144 -0.8771039333107002 0.4363578284045733
vn -0.2007001140033144 -0.8771039333107002 0.4363578284045733
vn -0.2007001140033144 -0.8771039333107002 0.4363578284045733
vn -0.2007001140033144 -0.8771039333107002 0.4363578284045733
vn -0.2007001140033144 -0.8771039333107002 0.4363578284045733
vn 0.06450129490990389 0.2528109612769871 -0.9653632481160404
vn 0.06450129490990389 0.2528109612769871 -0.9653632481160404
vn 0.06450129490990389 0.2528109612769871 -0.9653632481160404
vn 0.06450129490990389 0.2528109612769871 -0.9653632481160404
vn 0.06450129490990389 0.2528109612769871 -0.9653632481160404
vn 0.06450129490990389 0.2528109612769871 -0.9653632481160404
vn -0.9947602119031762 0.09498438023850259 -0.03781650863122473
vn -0.9947602119031762 0.09498438023850259 -0.03781650863122473
vn -0.9947602119031762 0.09498438023850259 -0.03781650863122473
vn -0.9947602119031762 0.09498438023850259 -0.03781650863122473
vn -0.9947602119031762 0.09498438023850259 -0.03781650863122473
vn -0.9947602119031762 0.09498438023850259 -0.03781650863122473
vn -0.24358067301659395 0.14789126116535892 0.9585387997382802
vn -0.24358067301659395 0.14789126116535892 0.9585387997382802
vn -0.24358067301659395 0.14789126116535892 0.9585387997382802
vn -0.24358067301659395 0.14789126116535892 0.9585387997382802
vn -0.24358067301659395 0.14789126116535892 0.9585387997382802
vn -0.24358067301659395 0.14789126116535892 0.9585387997382802
vn 0.9980064466242244 -0.014358418192860921 -0.06145704453915765
vn 0.9980064466242244 -0.014358418192860921 -0.06145704453915765
vn 0.9980064466242244 -0.014358418192860921 -0.06145704453915765
vn 0.9980064466242244 -0.014358418192860921 -0.06145704453915765
vn 0.9980064466242244 -0.014358418192860921 -0.06145704453915765
vn 0.9980064466242244 -0.014358418192860921 -0.06145704453915765
vn -0.009037383859030617 -0.23154506608152273 -0.9727821997067422
vn -0.009037383859030617 -0.23154506608152273 -0.9727821997067422
vn -0.009037383859030617 -0.23154506608152273 -0.9727821997067422
vn -0.009037383859030617 -0.23154506608152273 -0.9727821997067422
vn -0.009037383859030617 -0.23154506608152273 -0.9727821997067422
vn -0.009037383859030617 -0.23154506608152273 -0.9727821997067422
vn -0.27357184895720843 0.6205907989737516 0.7348642756912701
vn -0.27357184895720843 0.6205907989737516 0.7348642756912701
vn -0.27357184895720843 0.6205907989737516 0.7348642756912701
vn -0.9821709073776537 0.18791504512254525 -0.005314557135657038
vn -0.9821709073776537 0.18791504512254525 -0.005314557135657038
vn -0.9821709073776537 0.18791504512254525 -0.005314557135657038
vn -0.9821709073776537 0.18791504512254525 -0.005314557135657038
vn -0.9821709073776537 0.18791504512254525 -0.005314557135657038
vn -0.9821709073776537 0.18791504512254525 -0.005314557135657038
vn 0.014990320470260892 -0.2070969711314092 -0.9782055688046327
vn 0.014990320470260892 -0.2070969711314092 -0.9782055688046327
vn 0.014990320470260892 -0.2070969711314092 -0.9782055688046327
vn 0.017606868791299933 -0.2251555000255695 -0.9741637434125753
vn 0.017606868791299933 -0.2251555000255695 -0.9741637434125753
vn 0.017606868791299933 -0.2251555000255695 -0.9741637434125753
vn 0.09700187071081706 0.552222846098852 0.8280341571004698
vn 0.09700187071081706 0.552222846098852 0.8280341571004698
vn 0.09700187071081706 0.552222846098852 0.8280341571004698
vn -0.11549218662571696 0.6035870162794509 0.7888879949696792
vn -0.11549218662571696 0.6035870162794509 0.7888879949696792
vn -0.11549218662571696 0.6035870162794509 0.7888879949696792
vn -0.11549218662571696 0.6035870162794509 0.7888879949696792
vn -0.11549218662571696 0.6035870162794509 0.7888879949696792
vn -0.11549218662571696 0.6035870162794509 0.7888879949696792
vn 0.9692415150643974 0.19210321401091363 -0.15384160894357704
vn 0.9692415150643974 0.19210321401091363 -0.15384160894357704
vn 0.9692415150643974 0.19210321401091363 -0.15384160894357704
vn 0.9692415150643974 0.19210321401091363 -0.15384160894357704
vn 0.9692415150643974 0.19210321401091363 -0.15384160894357704
vn 0.9692415150643974 0.19210321401091363 -0.15384160894357704
vn 0.03975990497185702 -0.21574007327458464 -0.9756410050526299
vn 0.03975990497185702 -0.21574007327458464 -0.9756410050526299
vn 0.03975990497185702 -0.21574007327458464 -0.9756410050526299
vn 0.03975990497185702 -0.21574007327458464 -0.9756410050526299
vn 0.03975990497185702 -0.21574007327458464 -0.9756410050526299
vn 0.03975990497185702 -0.21574007327458464 -0.9756410050526299
vn -0.9969268188002486 0.001246968946996062 -0.07832855817172747
vn -0.9969268188002486 0.001246968946996062 -0.07832855817172747
vn -0.9969268188002486 0.001246968946996062 -0.07832855817172747
vn -0.9969268188002486 0.001246968946996062 -0.07832855817172747
vn -0.9969268188002486 0.001246968946996062 -0.07832855817172747
vn -0.9969268188002486 0.001246968946996062 -0.07832855817172747
vn -0.9969268188002486 0.001246968946996062 -0.07832855817172747
vn -0.9969268188002486 0.001246968946996062 -0.07832855817172747
vn -0.9969268188002486 0.001246968946996062 -0.07832855817172747
vn -0.12470694826649434 0.9461134980474979 0.29886021124663836
vn -0.12470694826649434 0.9461134980474979 0.29886021124663836
vn -0.12470694826649434 0.9461134980474979 0.29886021124663836
vn -0.12470694826649434 0.9461134980474979 0.29886021124663836
vn -0.12470694826649434 0.9461134980474979 0.29886021124663836
vn -0.12470694826649434 0.9461134980474979 0.29886021124663836
vn 0.011235939501236398 -0.4758393889309273 -0.8794604195785996
vn 0.011235939501236398 -0.4758393889309273 -0.8794604195785996
vn 0.011235939501236398 -0.4758393889309273 -0.8794604195785996
vn 0.011235939501236398 -0.4758393889309273 -0.8794604195785996
vn 0.011235939501236398 -0.4758393889309273 -0.8794604195785996
vn 0.011235939501236398 -0.4758393889309273 -0.8794604195785996
vn 0.0002362691185681824 -0.6645246454835447 -0.7472663111112884
vn 0.0002362691185681824 -0.6645246454835447 -0.7472663111112884
vn 0.0002362691185681824 -0.6645246454835447 -0.7472663111112884
vn 0.0002362691185681824 -0.6645246454835447 -0.7472663111112884
vn 0.0002362691185681824 -0.6645246454835447 -0.7472663111112884
vn 0.0002362691185681824 -0.6645246454835447 -0.7472663111112884
vn -1.0421792849482767e-7 -0.9999999999999714 2.152066375575028e-7
vn -1.0421792849482767e-7 -0.9999999999999714 2.152066375575028e-7
vn -1.0421792849482767e-7 -0.9999999999999714 2.152066375575028e-7
vn -1.0421792849482767e-7 -0.9999999999999714 2.152066375575028e-7
vn -1.0421792849482767e-7 -0.9999999999999714 2.152066375575028e-7
vn -1.0421792849482767e-7 -0.9999999999999714 2.152066375575028e-7
vn -0.9937373650276468 -0.0000043434484828497275 -0.11174099216063953
vn -0.9937373650276468 -0.0000043434484828497275 -0.11174099216063953
vn -0.9937373650276468 -0.0000043434484828497275 -0.11174099216063953
vn -0.9937373650276468 -0.0000043434484828497275 -0.11174099216063953
vn -0.9937373650276468 -0.0000043434484828497275 -0.11174099216063953
vn -0.9937373650276468 -0.0000043434484828497275 -0.11174099216063953
vn -0.9959909178414711 0.0036932960479728293 -0.08937813570222827
vn -0.9959909178414711 0.0036932960479728293 -0.08937813570222827
vn -0.9959909178414711 0.0036932960479728293 -0.08937813570222827
vn -0.9959909178414711 0.0036932960479728293 -0.08937813570222827
vn -0.9959909178414711 0.0036932960479728293 -0.08937813570222827
vn -0.9959909178414711 0.0036932960479728293 -0.08937813570222827
vn 0.9909590362354763 0.0037018278948221326 0.1341137016620339
vn 0.9909590362354763 0.0037018278948221326 0.1341137016620339
vn 0.9909590362354763 0.0037018278948221326 0.1341137016620339
vn 0.9909590362354763 0.0037018278948221326 0.1341137016620339
vn 0.9909590362354763 0.0037018278948221326 0.1341137016620339
vn 0.9909590362354763 0.0037018278948221326 0.1341137016620339
vn -1.0421792849482767e-7 -0.9999999999999714 2.152066375575028e-7
vn 0.0000017304833453355517 -0.9999999999977249 -0.0000012472207753854235
vn 0.0000017304833453355517 -0.9999999999977249 -0.0000012472207753854235
vn -1.0421792849482767e-7 -0.9999999999999714 2.152066375575028e-7
vn 0.0000017304833453355517 -0.9999999999977249 -0.0000012472207753854235
vn -1.0421792849482767e-7 -0.9999999999999714 2.152066375575028e-7
vn -0.33568261423219714 0.06993467215738863 0.939375496876769
vn -0.33568261423219714 0.06993467215738863 0.939375496876769
vn -0.33568261423219714 0.06993467215738863 0.939375496876769
vn -0.33568261423219714 0.06993467215738863 0.939375496876769
vn -0.33568261423219714 0.06993467215738863 0.939375496876769
vn -0.33568261423219714 0.06993467215738863 0.939375496876769
vn -0.09241415725539696 0.9740494489596588 0.20660903784723403
vn -0.09241415725539696 0.9740494489596588 0.20660903784723403
vn -0.09241415725539696 0.9740494489596588 0.20660903784723403
vn -0.09241415725539696 0.9740494489596588 0.20660903784723403
vn -0.09241415725539696 0.9740494489596588 0.20660903784723403
vn -0.09241415725539696 0.9740494489596588 0.20660903784723403
vn 0.9937556711832259 -0.0000049833441859499295 0.11157807117145545
vn 0.9937556711832259 -0.0000049833441859499295 0.11157807117145545
vn 0.9937556711832259 -0.0000049833441859499295 0.11157807117145545
vn 0.9937556711832259 -0.0000049833441859499295 0.11157807117145545
vn 0.9937556711832259 -0.0000049833441859499295 0.11157807117145545
vn 0.9937556711832259 -0.0000049833441859499295 0.11157807117145545
vn 0.0000017304833453355517 -0.9999999999977249 -0.0000012472207753854235
vn 0.0000026626911674426338 -0.9999999999962107 6.992353337897828e-7
vn 0.0000026626911674426338 -0.9999999999962107 6.992353337897828e-7
vn 0.0000017304833453355517 -0.9999999999977249 -0.0000012472207753854235
vn 0.0000026626911674426338 -0.9999999999962107 6.992353337897828e-7
vn 0.0000017304833453355517 -0.9999999999977249 -0.0000012472207753854235
vn -0.3291204302120684 0.06284277579701221 0.9421945276571867
vn -0.3291204302120684 0.06284277579701221 0.9421945276571867
vn -0.3291204302120684 0.06284277579701221 0.9421945276571867
vn -0.3291204302120684 0.06284277579701221 0.9421945276571867
vn -0.3291204302120684 0.06284277579701221 0.9421945276571867
vn -0.3291204302120684 0.06284277579701221 0.9421945276571867
vn -0.3357463724020636 0.055568598914280634 0.9403119185852952
vn -0.3357463724020636 0.055568598914280634 0.9403119185852952
vn -0.3357463724020636 0.055568598914280634 0.9403119185852952
vn -0.3357463724020636 0.055568598914280634 0.9403119185852952
vn -0.3357463724020636 0.055568598914280634 0.9403119185852952
vn -0.3357463724020636 0.055568598914280634 0.9403119185852952
vn -0.34215968027214366 0.062767900477951 0.9375430357405758
vn -0.34215968027214366 0.062767900477951 0.9375430357405758
vn -0.34215968027214366 0.062767900477951 0.9375430357405758
vn -0.34215968027214366 0.062767900477951 0.9375430357405758
vn -0.34215968027214366 0.062767900477951 0.9375430357405758
vn -0.34215968027214366 0.062767900477951 0.9375430357405758
vn 0.9644180329835607 -0.020052825079336877 -0.2636204503874027
vn 0.9644180329835607 -0.020052825079336877 -0.2636204503874027
vn 0.9644180329835607 -0.020052825079336877 -0.2636204503874027
vn 0.9644180329835607 -0.020052825079336877 -0.2636204503874027
vn 0.9644180329835607 -0.020052825079336877 -0.2636204503874027
vn 0.9644180329835607 -0.020052825079336877 -0.2636204503874027
vn 0.9644180329835607 -0.020052825079336877 -0.2636204503874027
vn 0.9644180329835607 -0.020052825079336877 -0.2636204503874027
vn 0.9644180329835607 -0.020052825079336877 -0.2636204503874027
vn -0.09967173296329396 0.8005698124221508 -0.5908921399768797
vn -0.09967173296329396 0.8005698124221508 -0.5908921399768797
vn -0.09967173296329396 0.8005698124221508 -0.5908921399768797
vn -0.09967173296329396 0.8005698124221508 -0.5908921399768797
vn -0.09967173296329396 0.8005698124221508 -0.5908921399768797
vn -0.09967173296329396 0.8005698124221508 -0.5908921399768797
vn 0.01083713250482682 -0.4538603360245507 -0.8910069314785126
vn 0.01083713250482682 -0.4538603360245507 -0.8910069314785126
vn 0.01083713250482682 -0.4538603360245507 -0.8910069314785126
vn 0.01083713250482682 -0.4538603360245507 -0.8910069314785126
vn 0.01083713250482682 -0.4538603360245507 -0.8910069314785126
vn 0.01083713250482682 -0.4538603360245507 -0.8910069314785126
vn 0.0021086469220090733 -0.6602946248458827 -0.7510037030586422
vn 0.0021086469220090733 -0.6602946248458827 -0.7510037030586422
vn 0.0021086469220090733 -0.6602946248458827 -0.7510037030586422
vn 0.0021086469220090733 -0.6602946248458827 -0.7510037030586422
vn 0.0021086469220090733 -0.6602946248458827 -0.7510037030586422
vn 0.0021086469220090733 -0.6602946248458827 -0.7510037030586422
vn -0.000003413029500306755 -0.999999999994115 3.479944343137622e-7
vn -0.000003413029500306755 -0.999999999994115 3.479944343137622e-7
vn -0.000003413029500306755 -0.999999999994115 3.479944343137622e-7
vn -0.000003413029500306755 -0.999999999994115 3.479944343137622e-7
vn -0.000003413029500306755 -0.999999999994115 3.479944343137622e-7
vn -0.000003413029500306755 -0.999999999994115 3.479944343137622e-7
vn -0.983850926304374 -0.03573190470204475 0.17538696016633948
vn -0.983850926304374 -0.03573190470204475 0.17538696016633948
vn -0.983850926304374 -0.03573190470204475 0.17538696016633948
vn -0.983850926304374 -0.03573190470204475 0.17538696016633948
vn -0.983850926304374 -0.03573190470204475 0.17538696016633948
vn -0.983850926304374 -0.03573190470204475 0.17538696016633948
vn -0.9669070944360989 -0.007670396541473137 0.25501340307136294
vn -0.9669070944360989 -0.007670396541473137 0.25501340307136294
vn -0.9669070944360989 -0.007670396541473137 0.25501340307136294
vn -0.9669070944360989 -0.007670396541473137 0.25501340307136294
vn -0.9669070944360989 -0.007670396541473137 0.25501340307136294
vn -0.9669070944360989 -0.007670396541473137 0.25501340307136294
vn 0.978325525202568 0.01202950007008661 -0.20672314303237385
vn 0.978325525202568 0.01202950007008661 -0.20672314303237385
vn 0.978325525202568 0.01202950007008661 -0.20672314303237385
vn 0.978325525202568 0.01202950007008661 -0.20672314303237385
vn 0.978325525202568 0.01202950007008661 -0.20672314303237385
vn 0.978325525202568 0.01202950007008661 -0.20672314303237385
vn 0.1162146282869185 -0.4875245987461958 0.8653403525720351
vn 0.1162146282869185 -0.4875245987461958 0.8653403525720351
vn 0.1162146282869185 -0.4875245987461958 0.8653403525720351
vn 0.1162146282869185 -0.4875245987461958 0.8653403525720351
vn 0.1162146282869185 -0.4875245987461958 0.8653403525720351
vn 0.1162146282869185 -0.4875245987461958 0.8653403525720351
vn 0.126946774003525 -0.1275959791906883 0.9836685329238034
vn 0.126946774003525 -0.1275959791906883 0.9836685329238034
vn 0.126946774003525 -0.1275959791906883 0.9836685329238034
vn 0.126946774003525 -0.1275959791906883 0.9836685329238034
vn 0.126946774003525 -0.1275959791906883 0.9836685329238034
vn 0.126946774003525 -0.1275959791906883 0.9836685329238034
vn 0.010088289066723375 0.9122955984161094 0.40940806969855775
vn 0.010088289066723375 0.9122955984161094 0.40940806969855775
vn 0.010088289066723375 0.9122955984161094 0.40940806969855775
vn 0.010088289066723375 0.9122955984161094 0.40940806969855775
vn 0.010088289066723375 0.9122955984161094 0.40940806969855775
vn 0.010088289066723375 0.9122955984161094 0.40940806969855775
vn 0.983821073152446 0.03575625349506314 -0.17554938438276066
vn 0.983821073152446 0.03575625349506314 -0.17554938438276066
vn 0.983821073152446 0.03575625349506314 -0.17554938438276066
vn 0.983821073152446 0.03575625349506314 -0.17554938438276066
vn 0.983821073152446 0.03575625349506314 -0.17554938438276066
vn 0.983821073152446 0.03575625349506314 -0.17554938438276066
vn 4.797635363631435e-7 -0.9798760308384686 -0.19960702439548153
vn 4.797635363631435e-7 -0.9798760308384686 -0.19960702439548153
vn 4.797635363631435e-7 -0.9798760308384686 -0.19960702439548153
vn 4.797635363631435e-7 -0.9798760308384686 -0.19960702439548153
vn 4.797635363631435e-7 -0.9798760308384686 -0.19960702439548153
vn 4.797635363631435e-7 -0.9798760308384686 -0.19960702439548153
vn 0.13434822404776953 -0.13468481824337458 0.9817385366939404
vn 0.13434822404776953 -0.13468481824337458 0.9817385366939404
vn 0.13434822404776953 -0.13468481824337458 0.9817385366939404
vn 0.13434822404776953 -0.13468481824337458 0.9817385366939404
vn 0.13434822404776953 -0.13468481824337458 0.9817385366939404
vn 0.13434822404776953 -0.13468481824337458 0.9817385366939404
vn 0.127328306735243 -0.14214172037799597 0.9816227552537274
vn 0.127328306735243 -0.14214172037799597 0.9816227552537274
vn 0.127328306735243 -0.14214172037799597 0.9816227552537274
vn 0.127328306735243 -0.14214172037799597 0.9816227552537274
vn 0.127328306735243 -0.14214172037799597 0.9816227552537274
vn 0.127328306735243 -0.14214172037799597 0.9816227552537274
vn 0.1200648641876156 -0.13497018872491373 0.9835484108792869
vn 0.1200648641876156 -0.13497018872491373 0.9835484108792869
vn 0.1200648641876156 -0.13497018872491373 0.9835484108792869
vn 0.1200648641876156 -0.13497018872491373 0.9835484108792869
vn 0.1200648641876156 -0.13497018872491373 0.9835484108792869
vn 0.1200648641876156 -0.13497018872491373 0.9835484108792869
vn -0.012139560570606157 0.9784901531274854 0.2059360369185122
vn -0.012139560570606157 0.9784901531274854 0.2059360369185122
vn -0.012139560570606157 0.9784901531274854 0.2059360369185122
vn -0.012139560570606157 0.9784901531274854 0.2059360369185122
vn -0.012139560570606157 0.9784901531274854 0.2059360369185122
vn -0.012139560570606157 0.9784901531274854 0.2059360369185122
vn 0.011854360916523131 -0.463642461369599 -0.8859430806448012
vn 0.011854360916523131 -0.463642461369599 -0.8859430806448012
vn 0.011854360916523131 -0.463642461369599 -0.8859430806448012
vn 0.011854360916523131 -0.463642461369599 -0.8859430806448012
vn 0.011854360916523131 -0.463642461369599 -0.8859430806448012
vn 0.011854360916523131 -0.463642461369599 -0.8859430806448012
vn 0.0015611554354341434 -0.6630913796134309 -0.7485368294720463
vn 0.0015611554354341434 -0.6630913796134309 -0.7485368294720463
vn 0.0015611554354341434 -0.6630913796134309 -0.7485368294720463
vn 0.0015611554354341434 -0.6630913796134309 -0.7485368294720463
vn 0.0015611554354341434 -0.6630913796134309 -0.7485368294720463
vn 0.0015611554354341434 -0.6630913796134309 -0.7485368294720463
vn -0.000003413029500306755 -0.999999999994115 3.479944343137622e-7
vn -1.0421792849482767e-7 -0.9999999999999714 2.152066375575028e-7
vn -1.0421792849482767e-7 -0.9999999999999714 2.152066375575028e-7
vn -0.000003413029500306755 -0.999999999994115 3.479944343137622e-7
vn -1.0421792849482767e-7 -0.9999999999999714 2.152066375575028e-7
vn -0.000003413029500306755 -0.999999999994115 3.479944343137622e-7
vn -0.9999852936838758 0.00014938856255537799 -0.005421263600839964
vn -0.9999852936838758 0.00014938856255537799 -0.005421263600839964
vn -0.9999852936838758 0.00014938856255537799 -0.005421263600839964
vn -0.9999852936838758 0.00014938856255537799 -0.005421263600839964
vn -0.9999852936838758 0.00014938856255537799 -0.005421263600839964
vn -0.9999852936838758 0.00014938856255537799 -0.005421263600839964
vn -0.9901066544037911 0.037688623131310446 0.13516057336293588
vn -0.9901066544037911 0.037688623131310446 0.13516057336293588
vn -0.9901066544037911 0.037688623131310446 0.13516057336293588
vn -0.9901066544037911 0.037688623131310446 0.13516057336293588
vn -0.9901066544037911 0.037688623131310446 0.13516057336293588
vn -0.9901066544037911 0.037688623131310446 0.13516057336293588
vn 0.9935823893040245 0.04163369937079227 0.10516972350257663
vn 0.9935823893040245 0.04163369937079227 0.10516972350257663
vn 0.9935823893040245 0.04163369937079227 0.10516972350257663
vn 0.9935823893040245 0.04163369937079227 0.10516972350257663
vn 0.9935823893040245 0.04163369937079227 0.10516972350257663
vn 0.9935823893040245 0.04163369937079227 0.10516972350257663
vn 0.0009059270986657643 -0.9998618115557413 -0.01659930988213226
vn 0.0009059270986657643 -0.9998618115557413 -0.01659930988213226
vn 0.0009059270986657643 -0.9998618115557413 -0.01659930988213226
vn 0.0009059270986657643 -0.9998618115557413 -0.01659930988213226
vn 0.0009059270986657643 -0.9998618115557413 -0.01659930988213226
vn 0.0009059270986657643 -0.9998618115557413 -0.01659930988213226
vn -0.17652887823260346 0.07109157452482895 0.9817247797532257
vn -0.17652887823260346 0.07109157452482895 0.9817247797532257
vn -0.17652887823260346 0.07109157452482895 0.9817247797532257
vn -0.17652887823260346 0.07109157452482895 0.9817247797532257
vn -0.17652887823260346 0.07109157452482895 0.9817247797532257
vn -0.17652887823260346 0.07109157452482895 0.9817247797532257
vn -0.044556199917563925 0.9883923107497646 0.14524250445254316
vn -0.044556199917563925 0.9883923107497646 0.14524250445254316
vn -0.044556199917563925 0.9883923107497646 0.14524250445254316
vn -0.044556199917563925 0.9883923107497646 0.14524250445254316
vn -0.044556199917563925 0.9883923107497646 0.14524250445254316
vn -0.044556199917563925 0.9883923107497646 0.14524250445254316
vn 0.9999858770166878 -0.00015551519339347688 0.005312398911086577
vn 0.9999858770166878 -0.00015551519339347688 0.005312398911086577
vn 0.9999858770166878 -0.00015551519339347688 0.005312398911086577
vn 0.9999858770166878 -0.00015551519339347688 0.005312398911086577
vn 0.9999858770166878 -0.00015551519339347688 0.005312398911086577
vn 0.9999858770166878 -0.00015551519339347688 0.005312398911086577
vn 0.0000022930450210834976 -0.9999999999973387 -2.539655337774898e-7
vn 0.0000022930450210834976 -0.9999999999973387 -2.539655337774898e-7
vn 0.0000022930450210834976 -0.9999999999973387 -2.539655337774898e-7
vn 0.0000022930450210834976 -0.9999999999973387 -2.539655337774898e-7
vn 0.0000022930450210834976 -0.9999999999973387 -2.539655337774898e-7
vn 0.0000022930450210834976 -0.9999999999973387 -2.539655337774898e-7
vn -0.16936836115302797 0.06385497385223307 0.9834820285875427
vn -0.16936836115302797 0.06385497385223307 0.9834820285875427
vn -0.16936836115302797 0.06385497385223307 0.9834820285875427
vn -0.16936836115302797 0.06385497385223307 0.9834820285875427
vn -0.16936836115302797 0.06385497385223307 0.9834820285875427
vn -0.16936836115302797 0.06385497385223307 0.9834820285875427
vn -0.17643660072127046 0.05649641334558035 0.9826893106190829
vn -0.17643660072127046 0.05649641334558035 0.9826893106190829
vn -0.17643660072127046 0.05649641334558035 0.9826893106190829
vn -0.17643660072127046 0.05649641334558035 0.9826893106190829
vn -0.17643660072127046 0.05649641334558035 0.9826893106190829
vn -0.17643660072127046 0.05649641334558035 0.9826893106190829
vn -0.18344345413596785 0.06382731466541879 0.9809559485712224
vn -0.18344345413596785 0.06382731466541879 0.9809559485712224
vn -0.18344345413596785 0.06382731466541879 0.9809559485712224
vn -0.18344345413596785 0.06382731466541879 0.9809559485712224
vn -0.18344345413596785 0.06382731466541879 0.9809559485712224
vn -0.18344345413596785 0.06382731466541879 0.9809559485712224
vn -0.9892554352522243 0.14364057247356998 0.027222596558694124
vn -0.9892554352522243 0.14364057247356998 0.027222596558694124
vn -0.9892554352522243 0.14364057247356998 0.027222596558694124
vn -0.9892554352522243 0.14364057247356998 0.027222596558694124
vn -0.9892554352522243 0.14364057247356998 0.027222596558694124
vn -0.9892554352522243 0.14364057247356998 0.027222596558694124
vn -0.9724192497928584 0.2318859272936706 -0.0250942096000065
vn -0.9724192497928584 0.2318859272936706 -0.0250942096000065
vn -0.9724192497928584 0.2318859272936706 -0.0250942096000065
vn -0.9724192497928584 0.2318859272936706 -0.0250942096000065
vn -0.9724192497928584 0.2318859272936706 -0.0250942096000065
vn -0.9724192497928584 0.2318859272936706 -0.0250942096000065
vn -0.4988811869806914 0.6708215390941638 0.5487403976053465
vn -0.4988811869806914 0.6708215390941638 0.5487403976053465
vn -0.4988811869806914 0.6708215390941638 0.5487403976053465
vn -0.4988811869806914 0.6708215390941638 0.5487403976053465
vn -0.4988811869806914 0.6708215390941638 0.5487403976053465
vn -0.4988811869806914 0.6708215390941638 0.5487403976053465
vn -0.37844695213925605 -0.30050292348570157 -0.8754860920614641
vn -0.37844695213925605 -0.30050292348570157 -0.8754860920614641
vn -0.37844695213925605 -0.30050292348570157 -0.8754860920614641
vn -0.37844695213925605 -0.30050292348570157 -0.8754860920614641
vn -0.37844695213925605 -0.30050292348570157 -0.8754860920614641
vn -0.37844695213925605 -0.30050292348570157 -0.8754860920614641
vn -0.9171490687647413 0.39110935560461213 -0.07662282703289441
vn -0.9171490687647413 0.39110935560461213 -0.07662282703289441
vn -0.9171490687647413 0.39110935560461213 -0.07662282703289441
vn -0.9171490687647413 0.39110935560461213 -0.07662282703289441
vn -0.9171490687647413 0.39110935560461213 -0.07662282703289441
vn -0.9171490687647413 0.39110935560461213 -0.07662282703289441
vn -0.14875636999172998 -0.19542186556013302 0.9693718774793711
vn -0.14875636999172998 -0.19542186556013302 0.9693718774793711
vn -0.14875636999172998 -0.19542186556013302 0.9693718774793711
vn -0.14875636999172998 -0.19542186556013302 0.9693718774793711
vn -0.14875636999172998 -0.19542186556013302 0.9693718774793711
vn -0.14875636999172998 -0.19542186556013302 0.9693718774793711
vn -0.3207795766710479 -0.34883614833882326 -0.8805758370537303
vn -0.3207795766710479 -0.34883614833882326 -0.8805758370537303
vn -0.3207795766710479 -0.34883614833882326 -0.8805758370537303
vn -0.3207795766710479 -0.34883614833882326 -0.8805758370537303
vn -0.3207795766710479 -0.34883614833882326 -0.8805758370537303
vn -0.3207795766710479 -0.34883614833882326 -0.8805758370537303
vn -0.1037787797053374 -0.2142222329657813 0.9712562997407149
vn -0.1037787797053374 -0.2142222329657813 0.9712562997407149
vn -0.1037787797053374 -0.2142222329657813 0.9712562997407149
vn -0.1037787797053374 -0.2142222329657813 0.9712562997407149
vn -0.1037787797053374 -0.2142222329657813 0.9712562997407149
vn -0.1037787797053374 -0.2142222329657813 0.9712562997407149
vn -0.5307781132098104 0.7768231807267094 -0.33885150202274683
vn -0.5307781132098104 0.7768231807267094 -0.33885150202274683
vn -0.5307781132098104 0.7768231807267094 -0.33885150202274683
vn -0.5307781132098104 0.7768231807267094 -0.33885150202274683
vn -0.5307781132098104 0.7768231807267094 -0.33885150202274683
vn -0.5307781132098104 0.7768231807267094 -0.33885150202274683
vn -0.230788635951521 -0.41266077226167075 -0.8811626935770931
vn -0.230788635951521 -0.41266077226167075 -0.8811626935770931
vn -0.230788635951521 -0.41266077226167075 -0.8811626935770931
vn -0.230788635951521 -0.41266077226167075 -0.8811626935770931
vn -0.230788635951521 -0.41266077226167075 -0.8811626935770931
vn -0.230788635951521 -0.41266077226167075 -0.8811626935770931
vn -0.05964557986959586 0.03269448865758255 0.997684055807969
vn -0.05964557986959586 0.03269448865758255 0.997684055807969
vn -0.05964557986959586 0.03269448865758255 0.997684055807969
vn -0.05964557986959586 0.03269448865758255 0.997684055807969
vn -0.05964557986959586 0.03269448865758255 0.997684055807969
vn -0.05964557986959586 0.03269448865758255 0.997684055807969
vn -0.24704689999146975 0.6919763145066656 0.6783337005975577
vn -0.24704689999146975 0.6919763145066656 0.6783337005975577
vn -0.24704689999146975 0.6919763145066656 0.6783337005975577
vn -0.24704689999146975 0.6919763145066656 0.6783337005975577
vn -0.24704689999146975 0.6919763145066656 0.6783337005975577
vn -0.24704689999146975 0.6919763145066656 0.6783337005975577
vn -0.10360248697865458 -0.9728300775035883 -0.20704628708624576
vn -0.10360248697865458 -0.9728300775035883 -0.20704628708624576
vn -0.10360248697865458 -0.9728300775035883 -0.20704628708624576
vn -0.10360248697865458 -0.9728300775035883 -0.20704628708624576
vn -0.10360248697865458 -0.9728300775035883 -0.20704628708624576
vn -0.10360248697865458 -0.9728300775035883 -0.20704628708624576
vn 0.19248241330470123 0.9292803498644552 0.31525949934013736
vn 0.19248241330470123 0.9292803498644552 0.31525949934013736
vn 0.19248241330470123 0.9292803498644552 0.31525949934013736
vn 0.19248241330470123 0.9292803498644552 0.31525949934013736
vn 0.19248241330470123 0.9292803498644552 0.31525949934013736
vn 0.19248241330470123 0.9292803498644552 0.31525949934013736
vn -0.9818457475999279 0.09012230554184211 0.1669038584448
vn -0.9818457475999279 0.09012230554184211 0.1669038584448
vn -0.9818457475999279 0.09012230554184211 0.1669038584448
vn -0.9818457475999279 0.09012230554184211 0.1669038584448
vn -0.9818457475999279 0.09012230554184211 0.1669038584448
vn -0.9818457475999279 0.09012230554184211 0.1669038584448
vn -0.09897427522349045 -0.9752783759973235 -0.19757576307838973
vn -0.09897427522349045 -0.9752783759973235 -0.19757576307838973
vn -0.09897427522349045 -0.9752783759973235 -0.19757576307838973
vn -0.09897427522349045 -0.9752783759973235 -0.19757576307838973
vn -0.09897427522349045 -0.9752783759973235 -0.19757576307838973
vn -0.09897427522349045 -0.9752783759973235 -0.19757576307838973
vn 0.1734341954538549 0.9309507035257013 0.32132750808524885
vn 0.1734341954538549 0.9309507035257013 0.32132750808524885
vn 0.1734341954538549 0.9309507035257013 0.32132750808524885
vn 0.1734341954538549 0.9309507035257013 0.32132750808524885
vn 0.1734341954538549 0.9309507035257013 0.32132750808524885
vn 0.1734341954538549 0.9309507035257013 0.32132750808524885
vn 0.9578875989573677 0.28251636571703176 -0.05134053822983934
vn 0.9578875989573677 0.28251636571703176 -0.05134053822983934
vn 0.9578875989573677 0.28251636571703176 -0.05134053822983934
vn 0.9578875989573677 0.28251636571703176 -0.05134053822983934
vn 0.9578875989573677 0.28251636571703176 -0.05134053822983934
vn 0.9578875989573677 0.28251636571703176 -0.05134053822983934
vn -0.916172745752873 -0.27118346124652903 0.29510511734972317
vn -0.916172745752873 -0.27118346124652903 0.29510511734972317
vn -0.916172745752873 -0.27118346124652903 0.29510511734972317
vn -0.916172745752873 -0.27118346124652903 0.29510511734972317
vn -0.916172745752873 -0.27118346124652903 0.29510511734972317
vn -0.916172745752873 -0.27118346124652903 0.29510511734972317
vn -0.02090125437026075 0.12417674397219107 -0.9920399557589475
vn -0.02090125437026075 0.12417674397219107 -0.9920399557589475
vn -0.02090125437026075 0.12417674397219107 -0.9920399557589475
vn -0.02090125437026075 0.12417674397219107 -0.9920399557589475
vn -0.02090125437026075 0.12417674397219107 -0.9920399557589475
vn -0.02090125437026075 0.12417674397219107 -0.9920399557589475
vn -0.13924512007758985 0.14309625755342922 -0.9798644077671055
vn -0.13924512007758985 0.14309625755342922 -0.9798644077671055
vn -0.13924512007758985 0.14309625755342922 -0.9798644077671055
vn -0.13924512007758985 0.14309625755342922 -0.9798644077671055
vn -0.13924512007758985 0.14309625755342922 -0.9798644077671055
vn -0.13924512007758985 0.14309625755342922 -0.9798644077671055
vn 0.984043088038411 0.15380143481703223 -0.08946686275962887
vn 0.984043088038411 0.15380143481703223 -0.08946686275962887
vn 0.984043088038411 0.15380143481703223 -0.08946686275962887
vn 0.984043088038411 0.15380143481703223 -0.08946686275962887
vn 0.984043088038411 0.15380143481703223 -0.08946686275962887
vn 0.984043088038411 0.15380143481703223 -0.08946686275962887
vn -0.4978016382681921 0.7240515811965328 -0.4774335940257079
vn -0.4978016382681921 0.7240515811965328 -0.4774335940257079
vn -0.4978016382681921 0.7240515811965328 -0.4774335940257079
vn -0.4978016382681921 0.7240515811965328 -0.4774335940257079
vn -0.4978016382681921 0.7240515811965328 -0.4774335940257079
vn -0.4978016382681921 0.7240515811965328 -0.4774335940257079
vn -0.9288062427715514 -0.026924161453733785 -0.3695863267473613
vn -0.9288062427715514 -0.026924161453733785 -0.3695863267473613
vn -0.9288062427715514 -0.026924161453733785 -0.3695863267473613
vn -0.3567919661918868 0.9040627893492417 -0.23530823567184422
vn -0.3567919661918868 0.9040627893492417 -0.23530823567184422
vn -0.3567919661918868 0.9040627893492417 -0.23530823567184422
vn -0.3567919661918868 0.9040627893492417 -0.23530823567184422
vn -0.3567919661918868 0.9040627893492417 -0.23530823567184422
vn -0.3567919661918868 0.9040627893492417 -0.23530823567184422
vn -0.16699175865743068 0.9682779816161894 0.1858803455392117
vn -0.16699175865743068 0.9682779816161894 0.1858803455392117
vn -0.16699175865743068 0.9682779816161894 0.1858803455392117
vn -0.16699175865743068 0.9682779816161894 0.1858803455392117
vn -0.16699175865743068 0.9682779816161894 0.1858803455392117
vn -0.16699175865743068 0.9682779816161894 0.1858803455392117
vn -0.934376759752159 0.05394109911657955 -0.3521795403784144
vn -0.934376759752159 0.05394109911657955 -0.3521795403784144
vn -0.934376759752159 0.05394109911657955 -0.3521795403784144
vn -0.934376759752159 0.05394109911657955 -0.3521795403784144
vn -0.934376759752159 0.05394109911657955 -0.3521795403784144
vn -0.934376759752159 0.05394109911657955 -0.3521795403784144
vn -0.1164110830398696 0.992117191515165 -0.046388986252624075
vn -0.1164110830398696 0.992117191515165 -0.046388986252624075
vn -0.1164110830398696 0.992117191515165 -0.046388986252624075
vn -0.1164110830398696 0.992117191515165 -0.046388986252624075
vn -0.1164110830398696 0.992117191515165 -0.046388986252624075
vn -0.1164110830398696 0.992117191515165 -0.046388986252624075
vn -0.06136733906450866 0.8929555586571611 0.44594217109331463
vn -0.06136733906450866 0.8929555586571611 0.44594217109331463
vn -0.06136733906450866 0.8929555586571611 0.44594217109331463
vn -0.06136733906450866 0.8929555586571611 0.44594217109331463
vn -0.06136733906450866 0.8929555586571611 0.44594217109331463
vn -0.06136733906450866 0.8929555586571611 0.44594217109331463
vn -0.9934559954298514 0.11164913987981742 0.024076019367415255
vn -0.9934559954298514 0.11164913987981742 0.024076019367415255
vn -0.9934559954298514 0.11164913987981742 0.024076019367415255
vn -0.9934559954298514 0.11164913987981742 0.024076019367415255
vn -0.9934559954298514 0.11164913987981742 0.024076019367415255
vn -0.9934559954298514 0.11164913987981742 0.024076019367415255
vn -0.24017481017283557 0.517533539046802 0.8212643280455658
vn -0.24017481017283557 0.517533539046802 0.8212643280455658
vn -0.24017481017283557 0.517533539046802 0.8212643280455658
vn -0.24017481017283557 0.517533539046802 0.8212643280455658
vn -0.24017481017283557 0.517533539046802 0.8212643280455658
vn -0.24017481017283557 0.517533539046802 0.8212643280455658
vn -0.15783774481702725 0.9533853978638208 0.2571838436821395
vn -0.15783774481702725 0.9533853978638208 0.2571838436821395
vn -0.15783774481702725 0.9533853978638208 0.2571838436821395
vn -0.15783774481702725 0.9533853978638208 0.2571838436821395
vn -0.15783774481702725 0.9533853978638208 0.2571838436821395
vn -0.15783774481702725 0.9533853978638208 0.2571838436821395
vn -0.894148526207562 0.30131053406017927 -0.33122556535571696
vn -0.894148526207562 0.30131053406017927 -0.33122556535571696
vn -0.894148526207562 0.30131053406017927 -0.33122556535571696
vn -0.9476537678071975 0.20170601913413266 0.24752175299533427
vn -0.9476537678071975 0.20170601913413266 0.24752175299533427
vn -0.9476537678071975 0.20170601913413266 0.24752175299533427
vn -0.9476537678071975 0.20170601913413266 0.24752175299533427
vn -0.9476537678071975 0.20170601913413266 0.24752175299533427
vn -0.9476537678071975 0.20170601913413266 0.24752175299533427
vn -0.9207048876458722 0.21832786878427354 0.3234740353986986
vn -0.9207048876458722 0.21832786878427354 0.3234740353986986
vn -0.9207048876458722 0.21832786878427354 0.3234740353986986
vn -0.9207048876458722 0.21832786878427354 0.3234740353986986
vn -0.9207048876458722 0.21832786878427354 0.3234740353986986
vn -0.9207048876458722 0.21832786878427354 0.3234740353986986
vn -0.6312331087504889 0.5830508923392328 0.5114649737368316
vn -0.6312331087504889 0.5830508923392328 0.5114649737368316
vn -0.6312331087504889 0.5830508923392328 0.5114649737368316
vn -0.8799834955720608 0.45264896836135526 -0.14400680179136563
vn -0.8799834955720608 0.45264896836135526 -0.14400680179136563
vn -0.8799834955720608 0.45264896836135526 -0.14400680179136563
vn -0.9940503438510299 0.07022740604192688 0.0832587853038457
vn -0.9940503438510299 0.07022740604192688 0.0832587853038457
vn -0.9940503438510299 0.07022740604192688 0.0832587853038457
vn -0.9940503438510299 0.07022740604192688 0.0832587853038457
vn -0.9940503438510299 0.07022740604192688 0.0832587853038457
vn -0.9940503438510299 0.07022740604192688 0.0832587853038457
vn -0.9780345182132861 0.15199088484828088 0.14264379448942596
vn -0.9780345182132861 0.15199088484828088 0.14264379448942596
vn -0.9780345182132861 0.15199088484828088 0.14264379448942596
vn -0.9780345182132861 0.15199088484828088 0.14264379448942596
vn -0.9780345182132861 0.15199088484828088 0.14264379448942596
vn -0.9780345182132861 0.15199088484828088 0.14264379448942596
vn -0.839262092039936 0.3688744632671547 -0.3994631036955962
vn -0.839262092039936 0.3688744632671547 -0.3994631036955962
vn -0.839262092039936 0.3688744632671547 -0.3994631036955962
vn -0.839262092039936 0.3688744632671547 -0.3994631036955962
vn -0.839262092039936 0.3688744632671547 -0.3994631036955962
vn -0.839262092039936 0.3688744632671547 -0.3994631036955962
vn -0.41553120299435864 -0.027488211786198563 0.9091634713025255
vn -0.41553120299435864 -0.027488211786198563 0.9091634713025255
vn -0.41553120299435864 -0.027488211786198563 0.9091634713025255
vn -0.41553120299435864 -0.027488211786198563 0.9091634713025255
vn -0.41553120299435864 -0.027488211786198563 0.9091634713025255
vn -0.41553120299435864 -0.027488211786198563 0.9091634713025255
vn -0.9361173582799419 0.23993929224842117 -0.25712531489977714
vn -0.9361173582799419 0.23993929224842117 -0.25712531489977714
vn -0.9361173582799419 0.23993929224842117 -0.25712531489977714
vn -0.9953821656361864 0.07753615919207361 0.056590532345586864
vn -0.9953821656361864 0.07753615919207361 0.056590532345586864
vn -0.9953821656361864 0.07753615919207361 0.056590532345586864
vn -0.820185671302112 -0.5463347519555226 -0.16974629125963667
vn -0.820185671302112 -0.5463347519555226 -0.16974629125963667
vn -0.820185671302112 -0.5463347519555226 -0.16974629125963667
vn -0.820185671302112 -0.5463347519555226 -0.16974629125963667
vn -0.820185671302112 -0.5463347519555226 -0.16974629125963667
vn -0.820185671302112 -0.5463347519555226 -0.16974629125963667
vn -0.9913997152939341 0.11175241240157519 0.06810288420863163
vn -0.9913997152939341 0.11175241240157519 0.06810288420863163
vn -0.9913997152939341 0.11175241240157519 0.06810288420863163
vn -0.13163727425217278 0.9571052201700069 0.2581108784045743
vn -0.13163727425217278 0.9571052201700069 0.2581108784045743
vn -0.13163727425217278 0.9571052201700069 0.2581108784045743
vn -0.13163727425217278 0.9571052201700069 0.2581108784045743
vn -0.13163727425217278 0.9571052201700069 0.2581108784045743
vn -0.13163727425217278 0.9571052201700069 0.2581108784045743
vn -0.8837352238347597 0.1651190985903216 0.43789009743821206
vn -0.8837352238347597 0.1651190985903216 0.43789009743821206
vn -0.8837352238347597 0.1651190985903216 0.43789009743821206
vn -0.8837352238347597 0.1651190985903216 0.43789009743821206
vn -0.8837352238347597 0.1651190985903216 0.43789009743821206
vn -0.8837352238347597 0.1651190985903216 0.43789009743821206
vn -0.8048679567432886 0.40439164585621323 0.43434429772887156
vn -0.8048679567432886 0.40439164585621323 0.43434429772887156
vn -0.8048679567432886 0.40439164585621323 0.43434429772887156
vn -0.9912705034244137 0.10401868368268742 0.08101174288725525
vn -0.9912705034244137 0.10401868368268742 0.08101174288725525
vn -0.9912705034244137 0.10401868368268742 0.08101174288725525
vn -0.9912705034244137 0.10401868368268742 0.08101174288725525
vn -0.9912705034244137 0.10401868368268742 0.08101174288725525
vn -0.9912705034244137 0.10401868368268742 0.08101174288725525
vn -0.1604088115463051 0.9221279058604608 0.3520641112236563
vn -0.1604088115463051 0.9221279058604608 0.3520641112236563
vn -0.1604088115463051 0.9221279058604608 0.3520641112236563
vn -0.1604088115463051 0.9221279058604608 0.3520641112236563
vn -0.1604088115463051 0.9221279058604608 0.3520641112236563
vn -0.1604088115463051 0.9221279058604608 0.3520641112236563
vn -0.9889242194124234 0.13219542062209969 0.06747784100040227
vn -0.9889242194124234 0.13219542062209969 0.06747784100040227
vn -0.9889242194124234 0.13219542062209969 0.06747784100040227
vn -0.9889242194124234 0.13219542062209969 0.06747784100040227
vn -0.9889242194124234 0.13219542062209969 0.06747784100040227
vn -0.9889242194124234 0.13219542062209969 0.06747784100040227
vn -0.9790331422094872 0.16527629333411725 -0.11907079120066826
vn -0.9790331422094872 0.16527629333411725 -0.11907079120066826
vn -0.9790331422094872 0.16527629333411725 -0.11907079120066826
vn -0.9790331422094872 0.16527629333411725 -0.11907079120066826
vn -0.9790331422094872 0.16527629333411725 -0.11907079120066826
vn -0.9790331422094872 0.16527629333411725 -0.11907079120066826
vn -0.9994202962077117 0.018485321451887783 -0.028589585847130672
vn -0.9994202962077117 0.018485321451887783 -0.028589585847130672
vn -0.9994202962077117 0.018485321451887783 -0.028589585847130672
vn -0.9994202962077117 0.018485321451887783 -0.028589585847130672
vn -0.9994202962077117 0.018485321451887783 -0.028589585847130672
vn -0.9994202962077117 0.018485321451887783 -0.028589585847130672
vn -0.9962459983164811 -0.03236310493511695 -0.08029034983954672
vn -0.9962459983164811 -0.03236310493511695 -0.08029034983954672
vn -0.9962459983164811 -0.03236310493511695 -0.08029034983954672
vn -0.9962459983164811 -0.03236310493511695 -0.08029034983954672
vn -0.9962459983164811 -0.03236310493511695 -0.08029034983954672
vn -0.9962459983164811 -0.03236310493511695 -0.08029034983954672
vn -0.9435271079280665 -0.09722971906138084 0.31670645452239166
vn -0.9435271079280665 -0.09722971906138084 0.31670645452239166
vn -0.9435271079280665 -0.09722971906138084 0.31670645452239166
vn -0.9435271079280665 -0.09722971906138084 0.31670645452239166
vn -0.9435271079280665 -0.09722971906138084 0.31670645452239166
vn -0.9435271079280665 -0.09722971906138084 0.31670645452239166
vn -0.8243974755893673 0.513142282398265 0.23885937339149563
vn -0.8243974755893673 0.513142282398265 0.23885937339149563
vn -0.8243974755893673 0.513142282398265 0.23885937339149563
vn -0.8243974755893673 0.513142282398265 0.23885937339149563
vn -0.8243974755893673 0.513142282398265 0.23885937339149563
vn -0.8243974755893673 0.513142282398265 0.23885937339149563
vn -0.9976259290685454 -0.02589567898292114 0.06381159346180797
vn -0.9976259290685454 -0.02589567898292114 0.06381159346180797
vn -0.9976259290685454 -0.02589567898292114 0.06381159346180797
vn -0.9976259290685454 -0.02589567898292114 0.06381159346180797
vn -0.9976259290685454 -0.02589567898292114 0.06381159346180797
vn -0.9976259290685454 -0.02589567898292114 0.06381159346180797
vn -0.8222266730670036 -0.5442634785788061 0.16649493680729244
vn -0.8222266730670036 -0.5442634785788061 0.16649493680729244
vn -0.8222266730670036 -0.5442634785788061 0.16649493680729244
vn -0.8222266730670036 -0.5442634785788061 0.16649493680729244
vn -0.8222266730670036 -0.5442634785788061 0.16649493680729244
vn -0.8222266730670036 -0.5442634785788061 0.16649493680729244
vn -0.7739818165977222 0.5825183380994019 0.24824289184989928
vn -0.7739818165977222 0.5825183380994019 0.24824289184989928
vn -0.7739818165977222 0.5825183380994019 0.24824289184989928
vn -0.7739818165977222 0.5825183380994019 0.24824289184989928
vn -0.7739818165977222 0.5825183380994019 0.24824289184989928
vn -0.7739818165977222 0.5825183380994019 0.24824289184989928
vn -0.3180311454119481 -0.9368441727798802 -0.14553070630058296
vn -0.3180311454119481 -0.9368441727798802 -0.14553070630058296
vn -0.3180311454119481 -0.9368441727798802 -0.14553070630058296
vn -0.3180311454119481 -0.9368441727798802 -0.14553070630058296
vn -0.3180311454119481 -0.9368441727798802 -0.14553070630058296
vn -0.3180311454119481 -0.9368441727798802 -0.14553070630058296
vn -0.885046127916841 0.353254670464249 0.30315753207631435
vn -0.885046127916841 0.353254670464249 0.30315753207631435
vn -0.885046127916841 0.353254670464249 0.30315753207631435
vn -0.885046127916841 0.353254670464249 0.30315753207631435
vn -0.885046127916841 0.353254670464249 0.30315753207631435
vn -0.885046127916841 0.353254670464249 0.30315753207631435
vn -0.855355274785959 0.39591888476194054 0.33408919555217254
vn -0.855355274785959 0.39591888476194054 0.33408919555217254
vn -0.855355274785959 0.39591888476194054 0.33408919555217254
vn -0.855355274785959 0.39591888476194054 0.33408919555217254
vn -0.855355274785959 0.39591888476194054 0.33408919555217254
vn -0.855355274785959 0.39591888476194054 0.33408919555217254
vn -0.8622745210053119 0.2187363132069708 0.4567680765001884
vn -0.8622745210053119 0.2187363132069708 0.4567680765001884
vn -0.8622745210053119 0.2187363132069708 0.4567680765001884
vn -0.8622745210053119 0.2187363132069708 0.4567680765001884
vn -0.8622745210053119 0.2187363132069708 0.4567680765001884
vn -0.8622745210053119 0.2187363132069708 0.4567680765001884
vn -0.868377027814904 0.3183400051076368 0.38023805531722277
vn -0.868377027814904 0.3183400051076368 0.38023805531722277
vn -0.868377027814904 0.3183400051076368 0.38023805531722277
vn -0.868377027814904 0.3183400051076368 0.38023805531722277
vn -0.868377027814904 0.3183400051076368 0.38023805531722277
vn -0.868377027814904 0.3183400051076368 0.38023805531722277
vn 0.26821349430931035 0.9632786872942106 0.012477663047702122
vn 0.26821349430931035 0.9632786872942106 0.012477663047702122
vn 0.26821349430931035 0.9632786872942106 0.012477663047702122
vn 0.26821349430931035 0.9632786872942106 0.012477663047702122
vn 0.26821349430931035 0.9632786872942106 0.012477663047702122
vn 0.26821349430931035 0.9632786872942106 0.012477663047702122
vn -0.4530311109140486 -0.4593577257291337 -0.7640374940779678
vn -0.4530311109140486 -0.4593577257291337 -0.7640374940779678
vn -0.4530311109140486 -0.4593577257291337 -0.7640374940779678
vn -0.4530311109140486 -0.4593577257291337 -0.7640374940779678
vn -0.4530311109140486 -0.4593577257291337 -0.7640374940779678
vn -0.4530311109140486 -0.4593577257291337 -0.7640374940779678
vn 0.44458196829257673 0.3061892613664688 0.8417808560979245
vn 0.44458196829257673 0.3061892613664688 0.8417808560979245
vn 0.44458196829257673 0.3061892613664688 0.8417808560979245
vn 0.44458196829257673 0.3061892613664688 0.8417808560979245
vn 0.44458196829257673 0.3061892613664688 0.8417808560979245
vn 0.44458196829257673 0.3061892613664688 0.8417808560979245
vn -0.8747162183078353 -0.46676287212180684 -0.1303992279035466
vn -0.8747162183078353 -0.46676287212180684 -0.1303992279035466
vn -0.8747162183078353 -0.46676287212180684 -0.1303992279035466
vn -0.8747162183078353 -0.46676287212180684 -0.1303992279035466
vn -0.8747162183078353 -0.46676287212180684 -0.1303992279035466
vn -0.8747162183078353 -0.46676287212180684 -0.1303992279035466
vn -0.9843044556821992 0.172042811886058 -0.03931932606884242
vn -0.9843044556821992 0.172042811886058 -0.03931932606884242
vn -0.9843044556821992 0.172042811886058 -0.03931932606884242
vn -0.9843044556821992 0.172042811886058 -0.03931932606884242
vn -0.9843044556821992 0.172042811886058 -0.03931932606884242
vn -0.9843044556821992 0.172042811886058 -0.03931932606884242
vn -0.978021114577557 0.20567385222540288 -0.03424859049998937
vn -0.978021114577557 0.20567385222540288 -0.03424859049998937
vn -0.978021114577557 0.20567385222540288 -0.03424859049998937
vn -0.978021114577557 0.20567385222540288 -0.03424859049998937
vn -0.978021114577557 0.20567385222540288 -0.03424859049998937
vn -0.978021114577557 0.20567385222540288 -0.03424859049998937
vn -0.22313227523437104 0.973235133952148 0.05500328890054963
vn -0.22313227523437104 0.973235133952148 0.05500328890054963
vn -0.22313227523437104 0.973235133952148 0.05500328890054963
vn -0.22313227523437104 0.973235133952148 0.05500328890054963
vn -0.22313227523437104 0.973235133952148 0.05500328890054963
vn -0.22313227523437104 0.973235133952148 0.05500328890054963
vn -0.219019822046253 0.9757105603979441 -0.004384048215686014
vn -0.219019822046253 0.9757105603979441 -0.004384048215686014
vn -0.219019822046253 0.9757105603979441 -0.004384048215686014
vn -0.219019822046253 0.9757105603979441 -0.004384048215686014
vn -0.219019822046253 0.9757105603979441 -0.004384048215686014
vn -0.219019822046253 0.9757105603979441 -0.004384048215686014
vn -0.9787551768392366 0.19789433736688944 -0.05362960981132032
vn -0.9787551768392366 0.19789433736688944 -0.05362960981132032
vn -0.9787551768392366 0.19789433736688944 -0.05362960981132032
vn -0.9787551768392366 0.19789433736688944 -0.05362960981132032
vn -0.9787551768392366 0.19789433736688944 -0.05362960981132032
vn -0.9787551768392366 0.19789433736688944 -0.05362960981132032
vn -0.8746850495501365 -0.47901251592470684 -0.0739802249317853
vn -0.8746850495501365 -0.47901251592470684 -0.0739802249317853
vn -0.8746850495501365 -0.47901251592470684 -0.0739802249317853
vn -0.8746850495501365 -0.47901251592470684 -0.0739802249317853
vn -0.8746850495501365 -0.47901251592470684 -0.0739802249317853
vn -0.8746850495501365 -0.47901251592470684 -0.0739802249317853
vn -0.9849414235399895 0.16396847202032985 -0.05481543923327805
vn -0.9849414235399895 0.16396847202032985 -0.05481543923327805
vn -0.9849414235399895 0.16396847202032985 -0.05481543923327805
vn -0.9849414235399895 0.16396847202032985 -0.05481543923327805
vn -0.9849414235399895 0.16396847202032985 -0.05481543923327805
vn -0.9849414235399895 0.16396847202032985 -0.05481543923327805
vn 0.22217542320131298 0.9699375291976835 -0.09929386073272703
vn 0.22217542320131298 0.9699375291976835 -0.09929386073272703
vn 0.22217542320131298 0.9699375291976835 -0.09929386073272703
vn 0.22217542320131298 0.9699375291976835 -0.09929386073272703
vn 0.22217542320131298 0.9699375291976835 -0.09929386073272703
vn 0.22217542320131298 0.9699375291976835 -0.09929386073272703
vn -0.8686408589591719 -0.4895576837260767 -0.0761336486149868
vn -0.8686408589591719 -0.4895576837260767 -0.0761336486149868
vn -0.8686408589591719 -0.4895576837260767 -0.0761336486149868
vn -0.8686408589591719 -0.4895576837260767 -0.0761336486149868
vn -0.8686408589591719 -0.4895576837260767 -0.0761336486149868
vn -0.8686408589591719 -0.4895576837260767 -0.0761336486149868
vn -0.9780805146322983 0.19363410474834095 -0.07657898128681735
vn -0.9780805146322983 0.19363410474834095 -0.07657898128681735
vn -0.9780805146322983 0.19363410474834095 -0.07657898128681735
vn -0.9780805146322983 0.19363410474834095 -0.07657898128681735
vn -0.9780805146322983 0.19363410474834095 -0.07657898128681735
vn -0.9780805146322983 0.19363410474834095 -0.07657898128681735
vn -0.9795491959612658 0.18529460277129842 -0.07841736335445325
vn -0.9795491959612658 0.18529460277129842 -0.07841736335445325
vn -0.9795491959612658 0.18529460277129842 -0.07841736335445325
vn -0.9795491959612658 0.18529460277129842 -0.07841736335445325
vn -0.9795491959612658 0.18529460277129842 -0.07841736335445325
vn -0.9795491959612658 0.18529460277129842 -0.07841736335445325
vn -0.24363863853094386 0.9271261802298735 -0.28474068860482915
vn -0.24363863853094386 0.9271261802298735 -0.28474068860482915
vn -0.24363863853094386 0.9271261802298735 -0.28474068860482915
vn -0.24363863853094386 0.9271261802298735 -0.28474068860482915
vn -0.24363863853094386 0.9271261802298735 -0.28474068860482915
vn -0.24363863853094386 0.9271261802298735 -0.28474068860482915
vn -0.9896559053769016 0.07744858495408286 -0.1207597020584076
vn -0.9896559053769016 0.07744858495408286 -0.1207597020584076
vn -0.9896559053769016 0.07744858495408286 -0.1207597020584076
vn -0.9896559053769016 0.07744858495408286 -0.1207597020584076
vn -0.9896559053769016 0.07744858495408286 -0.1207597020584076
vn -0.9896559053769016 0.07744858495408286 -0.1207597020584076
vn -0.9552884190581432 0.24938734251009478 -0.15883950959741203
vn -0.9552884190581432 0.24938734251009478 -0.15883950959741203
vn -0.9552884190581432 0.24938734251009478 -0.15883950959741203
vn -0.9552884190581432 0.24938734251009478 -0.15883950959741203
vn -0.9552884190581432 0.24938734251009478 -0.15883950959741203
vn -0.9552884190581432 0.24938734251009478 -0.15883950959741203
vn -0.8505021099472221 -0.5257023585477061 0.016828285495032347
vn -0.8505021099472221 -0.5257023585477061 0.016828285495032347
vn -0.8505021099472221 -0.5257023585477061 0.016828285495032347
vn -0.8505021099472221 -0.5257023585477061 0.016828285495032347
vn -0.8505021099472221 -0.5257023585477061 0.016828285495032347
vn -0.8505021099472221 -0.5257023585477061 0.016828285495032347
vn -0.9800514396812291 -0.13539142093254244 -0.14549343186761868
vn -0.9800514396812291 -0.13539142093254244 -0.14549343186761868
vn -0.9800514396812291 -0.13539142093254244 -0.14549343186761868
vn -0.9800514396812291 -0.13539142093254244 -0.14549343186761868
vn -0.9800514396812291 -0.13539142093254244 -0.14549343186761868
vn -0.9800514396812291 -0.13539142093254244 -0.14549343186761868
vn -0.9923799199024205 -0.0034592701216760763 -0.12316707362234036
vn -0.9923799199024205 -0.0034592701216760763 -0.12316707362234036
vn -0.9923799199024205 -0.0034592701216760763 -0.12316707362234036
vn -0.839049884684592 -0.53908087257025 0.07339689257503455
vn -0.839049884684592 -0.53908087257025 0.07339689257503455
vn -0.839049884684592 -0.53908087257025 0.07339689257503455
vn -0.5972711247591084 0.05121268994704971 -0.800402688599543
vn -0.5972711247591084 0.05121268994704971 -0.800402688599543
vn -0.5972711247591084 0.05121268994704971 -0.800402688599543
vn -0.5972711247591084 0.05121268994704971 -0.800402688599543
vn -0.5972711247591084 0.05121268994704971 -0.800402688599543
vn -0.5972711247591084 0.05121268994704971 -0.800402688599543
vn -0.47172702317539406 -0.8382459578090163 -0.27352756684276935
vn -0.47172702317539406 -0.8382459578090163 -0.27352756684276935
vn -0.47172702317539406 -0.8382459578090163 -0.27352756684276935
vn -0.47172702317539406 -0.8382459578090163 -0.27352756684276935
vn -0.47172702317539406 -0.8382459578090163 -0.27352756684276935
vn -0.47172702317539406 -0.8382459578090163 -0.27352756684276935
vn 0.17324300415221883 0.3847930921869807 0.9065986640832293
vn 0.17324300415221883 0.3847930921869807 0.9065986640832293
vn 0.17324300415221883 0.3847930921869807 0.9065986640832293
vn 0.17324300415221883 0.3847930921869807 0.9065986640832293
vn 0.17324300415221883 0.3847930921869807 0.9065986640832293
vn 0.17324300415221883 0.3847930921869807 0.9065986640832293
vn -0.9294920390653755 0.018705427140682084 0.3683675559947907
vn -0.9294920390653755 0.018705427140682084 0.3683675559947907
vn -0.9294920390653755 0.018705427140682084 0.3683675559947907
vn -0.9294920390653755 0.018705427140682084 0.3683675559947907
vn -0.9294920390653755 0.018705427140682084 0.3683675559947907
vn -0.9294920390653755 0.018705427140682084 0.3683675559947907
vn -0.13107561655717662 -0.6607807099297893 -0.7390453545817331
vn -0.13107561655717662 -0.6607807099297893 -0.7390453545817331
vn -0.13107561655717662 -0.6607807099297893 -0.7390453545817331
vn -0.13107561655717662 -0.6607807099297893 -0.7390453545817331
vn -0.13107561655717662 -0.6607807099297893 -0.7390453545817331
vn -0.13107561655717662 -0.6607807099297893 -0.7390453545817331
vn -0.17026930390343392 -0.48227454385930274 -0.8593134634657724
vn -0.17026930390343392 -0.48227454385930274 -0.8593134634657724
vn -0.17026930390343392 -0.48227454385930274 -0.8593134634657724
vn -0.17026930390343392 -0.48227454385930274 -0.8593134634657724
vn -0.17026930390343392 -0.48227454385930274 -0.8593134634657724
vn -0.17026930390343392 -0.48227454385930274 -0.8593134634657724
vn -0.2098348972368895 -0.646426792860517 -0.7335541679887385
vn -0.2098348972368895 -0.646426792860517 -0.7335541679887385
vn -0.2098348972368895 -0.646426792860517 -0.7335541679887385
vn -0.2098348972368895 -0.646426792860517 -0.7335541679887385
vn -0.2098348972368895 -0.646426792860517 -0.7335541679887385
vn -0.2098348972368895 -0.646426792860517 -0.7335541679887385
vn 0.31319764342255596 -0.11389664641060843 0.9428333840562576
vn 0.31319764342255596 -0.11389664641060843 0.9428333840562576
vn 0.31319764342255596 -0.11389664641060843 0.9428333840562576
vn 0.31319764342255596 -0.11389664641060843 0.9428333840562576
vn 0.31319764342255596 -0.11389664641060843 0.9428333840562576
vn 0.31319764342255596 -0.11389664641060843 0.9428333840562576
vn 0.9907254824124581 0.04279384887847827 -0.1289639678234527
vn 0.9907254824124581 0.04279384887847827 -0.1289639678234527
vn 0.9907254824124581 0.04279384887847827 -0.1289639678234527
vn 0.9907254824124581 0.04279384887847827 -0.1289639678234527
vn 0.9907254824124581 0.04279384887847827 -0.1289639678234527
vn 0.9907254824124581 0.04279384887847827 -0.1289639678234527
vn 0.829870626833006 0.529299087177508 -0.1765140760190267
vn 0.829870626833006 0.529299087177508 -0.1765140760190267
vn 0.829870626833006 0.529299087177508 -0.1765140760190267
vn 0.829870626833006 0.529299087177508 -0.1765140760190267
vn 0.829870626833006 0.529299087177508 -0.1765140760190267
vn 0.829870626833006 0.529299087177508 -0.1765140760190267
vn 0.3484739784843197 -0.09495361881248382 0.9324964861026145
vn 0.3484739784843197 -0.09495361881248382 0.9324964861026145
vn 0.3484739784843197 -0.09495361881248382 0.9324964861026145
vn 0.3484739784843197 -0.09495361881248382 0.9324964861026145
vn 0.3484739784843197 -0.09495361881248382 0.9324964861026145
vn 0.3484739784843197 -0.09495361881248382 0.9324964861026145
vn 0.33253149118572295 -0.6901095646726836 0.6427842531651492
vn 0.33253149118572295 -0.6901095646726836 0.6427842531651492
vn 0.33253149118572295 -0.6901095646726836 0.6427842531651492
vn 0.33253149118572295 -0.6901095646726836 0.6427842531651492
vn 0.33253149118572295 -0.6901095646726836 0.6427842531651492
vn 0.33253149118572295 -0.6901095646726836 0.6427842531651492
vn -0.16929173780854403 -0.5042401915397867 -0.8468070245018534
vn -0.16929173780854403 -0.5042401915397867 -0.8468070245018534
vn -0.16929173780854403 -0.5042401915397867 -0.8468070245018534
vn -0.16929173780854403 -0.5042401915397867 -0.8468070245018534
vn -0.16929173780854403 -0.5042401915397867 -0.8468070245018534
vn -0.16929173780854403 -0.5042401915397867 -0.8468070245018534
vn -0.9272208273804365 0.0652746740264297 0.3687828008498793
vn -0.9272208273804365 0.0652746740264297 0.3687828008498793
vn -0.9272208273804365 0.0652746740264297 0.3687828008498793
vn -0.34262244020954163 0.27616839892892076 -0.8979648539324329
vn -0.34262244020954163 0.27616839892892076 -0.8979648539324329
vn -0.34262244020954163 0.27616839892892076 -0.8979648539324329
vn -0.34262244020954163 0.27616839892892076 -0.8979648539324329
vn -0.34262244020954163 0.27616839892892076 -0.8979648539324329
vn -0.34262244020954163 0.27616839892892076 -0.8979648539324329
vn -0.9554027611344272 -0.28229581214039995 0.08668701439491858
vn -0.9554027611344272 -0.28229581214039995 0.08668701439491858
vn -0.9554027611344272 -0.28229581214039995 0.08668701439491858
vn -0.9554027611344272 -0.28229581214039995 0.08668701439491858
vn -0.9554027611344272 -0.28229581214039995 0.08668701439491858
vn -0.9554027611344272 -0.28229581214039995 0.08668701439491858
vn -0.9379853268519668 -0.24983241763272168 0.24034826754149513
vn -0.9379853268519668 -0.24983241763272168 0.24034826754149513
vn -0.9379853268519668 -0.24983241763272168 0.24034826754149513
vn -0.9379853268519668 -0.24983241763272168 0.24034826754149513
vn -0.9379853268519668 -0.24983241763272168 0.24034826754149513
vn -0.9379853268519668 -0.24983241763272168 0.24034826754149513
vn 0.9388307950388125 0.233566973959345 -0.25306759366277215
vn 0.9388307950388125 0.233566973959345 -0.25306759366277215
vn 0.9388307950388125 0.233566973959345 -0.25306759366277215
vn 0.9388307950388125 0.233566973959345 -0.25306759366277215
vn 0.9388307950388125 0.233566973959345 -0.25306759366277215
vn 0.9388307950388125 0.233566973959345 -0.25306759366277215
vn -0.3454983936797143 0.5854404650956625 -0.7334100638751228
vn -0.3454983936797143 0.5854404650956625 -0.7334100638751228
vn -0.3454983936797143 0.5854404650956625 -0.7334100638751228
vn -0.3454983936797143 0.5854404650956625 -0.7334100638751228
vn -0.3454983936797143 0.5854404650956625 -0.7334100638751228
vn -0.3454983936797143 0.5854404650956625 -0.7334100638751228
vn -0.10620430527115116 -0.37789020827958864 -0.9197388955721517
vn -0.10620430527115116 -0.37789020827958864 -0.9197388955721517
vn -0.10620430527115116 -0.37789020827958864 -0.9197388955721517
vn -0.10620430527115116 -0.37789020827958864 -0.9197388955721517
vn -0.10620430527115116 -0.37789020827958864 -0.9197388955721517
vn -0.10620430527115116 -0.37789020827958864 -0.9197388955721517
vn 0.24423213583950268 -0.9685176398143677 0.04821042617195304
vn 0.24423213583950268 -0.9685176398143677 0.04821042617195304
vn 0.24423213583950268 -0.9685176398143677 0.04821042617195304
vn 0.24423213583950268 -0.9685176398143677 0.04821042617195304
vn 0.24423213583950268 -0.9685176398143677 0.04821042617195304
vn 0.24423213583950268 -0.9685176398143677 0.04821042617195304
vn 0.9554005771018412 0.2823636187571541 -0.08649002298434814
vn 0.9554005771018412 0.2823636187571541 -0.08649002298434814
vn 0.9554005771018412 0.2823636187571541 -0.08649002298434814
vn 0.9554005771018412 0.2823636187571541 -0.08649002298434814
vn 0.9554005771018412 0.2823636187571541 -0.08649002298434814
vn 0.9554005771018412 0.2823636187571541 -0.08649002298434814
vn -0.2952880539703555 0.9167989644578142 -0.2688579996047733
vn -0.2952880539703555 0.9167989644578142 -0.2688579996047733
vn -0.2952880539703555 0.9167989644578142 -0.2688579996047733
vn -0.2952880539703555 0.9167989644578142 -0.2688579996047733
vn -0.2952880539703555 0.9167989644578142 -0.2688579996047733
vn -0.2952880539703555 0.9167989644578142 -0.2688579996047733
vn -0.10279385225842388 -0.3702393460094959 -0.9232314176869925
vn -0.10279385225842388 -0.3702393460094959 -0.9232314176869925
vn -0.10279385225842388 -0.3702393460094959 -0.9232314176869925
vn -0.10279385225842388 -0.3702393460094959 -0.9232314176869925
vn -0.10279385225842388 -0.3702393460094959 -0.9232314176869925
vn -0.10279385225842388 -0.3702393460094959 -0.9232314176869925
vn -0.1102392829279298 -0.36530497174504284 -0.9243373724554738
vn -0.1102392829279298 -0.36530497174504284 -0.9243373724554738
vn -0.1102392829279298 -0.36530497174504284 -0.9243373724554738
vn -0.1102392829279298 -0.36530497174504284 -0.9243373724554738
vn -0.1102392829279298 -0.36530497174504284 -0.9243373724554738
vn -0.1102392829279298 -0.36530497174504284 -0.9243373724554738
vn -0.11350853610662523 -0.37301870031556306 -0.9208544192465057
vn -0.11350853610662523 -0.37301870031556306 -0.9208544192465057
vn -0.11350853610662523 -0.37301870031556306 -0.9208544192465057
vn -0.11350853610662523 -0.37301870031556306 -0.9208544192465057
vn -0.11350853610662523 -0.37301870031556306 -0.9208544192465057
vn -0.11350853610662523 -0.37301870031556306 -0.9208544192465057
vn 0.33943232099885784 -0.698322813376097 0.6301832652330756
vn 0.33943232099885784 -0.698322813376097 0.6301832652330756
vn 0.33943232099885784 -0.698322813376097 0.6301832652330756
vn 0.33943232099885784 -0.698322813376097 0.6301832652330756
vn 0.33943232099885784 -0.698322813376097 0.6301832652330756
vn 0.33943232099885784 -0.698322813376097 0.6301832652330756
vn 0.17286691580254965 0.40245192008906433 0.8989713462828166
vn 0.17286691580254965 0.40245192008906433 0.8989713462828166
vn 0.17286691580254965 0.40245192008906433 0.8989713462828166
vn 0.17286691580254965 0.40245192008906433 0.8989713462828166
vn 0.17286691580254965 0.40245192008906433 0.8989713462828166
vn 0.17286691580254965 0.40245192008906433 0.8989713462828166
vn -0.3533794961202038 0.25886791085628436 -0.8989495739198798
vn -0.3533794961202038 0.25886791085628436 -0.8989495739198798
vn -0.3533794961202038 0.25886791085628436 -0.8989495739198798
vn -0.3533794961202038 0.25886791085628436 -0.8989495739198798
vn -0.3533794961202038 0.25886791085628436 -0.8989495739198798
vn -0.3533794961202038 0.25886791085628436 -0.8989495739198798
vn -0.9150975043364854 0.004810626467810889 0.4032039377661424
vn -0.9150975043364854 0.004810626467810889 0.4032039377661424
vn -0.9150975043364854 0.004810626467810889 0.4032039377661424
vn -0.9150975043364854 0.004810626467810889 0.4032039377661424
vn -0.9150975043364854 0.004810626467810889 0.4032039377661424
vn -0.9150975043364854 0.004810626467810889 0.4032039377661424
vn -0.9404419156906582 -0.14743794014894074 0.30631855480320214
vn -0.9404419156906582 -0.14743794014894074 0.30631855480320214
vn -0.9404419156906582 -0.14743794014894074 0.30631855480320214
vn -0.9404419156906582 -0.14743794014894074 0.30631855480320214
vn -0.9404419156906582 -0.14743794014894074 0.30631855480320214
vn -0.9404419156906582 -0.14743794014894074 0.30631855480320214
vn 0.9320237587743286 -0.026753080203099803 -0.3614083366219142
vn 0.9320237587743286 -0.026753080203099803 -0.3614083366219142
vn 0.9320237587743286 -0.026753080203099803 -0.3614083366219142
vn 0.9320237587743286 -0.026753080203099803 -0.3614083366219142
vn 0.9320237587743286 -0.026753080203099803 -0.3614083366219142
vn 0.9320237587743286 -0.026753080203099803 -0.3614083366219142
vn -0.36327517583812696 0.6153811863778881 -0.6995263698188374
vn -0.36327517583812696 0.6153811863778881 -0.6995263698188374
vn -0.36327517583812696 0.6153811863778881 -0.6995263698188374
vn -0.36327517583812696 0.6153811863778881 -0.6995263698188374
vn -0.36327517583812696 0.6153811863778881 -0.6995263698188374
vn -0.36327517583812696 0.6153811863778881 -0.6995263698188374
vn -0.4816452667188078 -0.4347884757289056 -0.7609052624477657
vn -0.4816452667188078 -0.4347884757289056 -0.7609052624477657
vn -0.4816452667188078 -0.4347884757289056 -0.7609052624477657
vn -0.4816452667188078 -0.4347884757289056 -0.7609052624477657
vn -0.4816452667188078 -0.4347884757289056 -0.7609052624477657
vn -0.4816452667188078 -0.4347884757289056 -0.7609052624477657
vn 0.055709645694415985 -0.9723395719619955 0.22683075667414648
vn 0.055709645694415985 -0.9723395719619955 0.22683075667414648
vn 0.055709645694415985 -0.9723395719619955 0.22683075667414648
vn 0.055709645694415985 -0.9723395719619955 0.22683075667414648
vn 0.055709645694415985 -0.9723395719619955 0.22683075667414648
vn 0.055709645694415985 -0.9723395719619955 0.22683075667414648
vn 0.9151487679644355 -0.004751488732249 -0.4030882730221798
vn 0.9151487679644355 -0.004751488732249 -0.4030882730221798
vn 0.9151487679644355 -0.004751488732249 -0.4030882730221798
vn 0.9151487679644355 -0.004751488732249 -0.4030882730221798
vn 0.9151487679644355 -0.004751488732249 -0.4030882730221798
vn 0.9151487679644355 -0.004751488732249 -0.4030882730221798
vn -0.1477010340190526 0.9262651878895195 -0.34672352999716627
vn -0.1477010340190526 0.9262651878895195 -0.34672352999716627
vn -0.1477010340190526 0.9262651878895195 -0.34672352999716627
vn -0.1477010340190526 0.9262651878895195 -0.34672352999716627
vn -0.1477010340190526 0.9262651878895195 -0.34672352999716627
vn -0.1477010340190526 0.9262651878895195 -0.34672352999716627
vn -0.4778796921289883 -0.4288656002291525 -0.7666193950004084
vn -0.4778796921289883 -0.4288656002291525 -0.7666193950004084
vn -0.4778796921289883 -0.4288656002291525 -0.7666193950004084
vn -0.4778796921289883 -0.4288656002291525 -0.7666193950004084
vn -0.4778796921289883 -0.4288656002291525 -0.7666193950004084
vn -0.4778796921289883 -0.4288656002291525 -0.7666193950004084
vn -0.48395227906036803 -0.4222083070182857 -0.7665052753093279
vn -0.48395227906036803 -0.4222083070182857 -0.7665052753093279
vn -0.48395227906036803 -0.4222083070182857 -0.7665052753093279
vn -0.48395227906036803 -0.4222083070182857 -0.7665052753093279
vn -0.48395227906036803 -0.4222083070182857 -0.7665052753093279
vn -0.48395227906036803 -0.4222083070182857 -0.7665052753093279
vn -0.4875689363887159 -0.42827947965821506 -0.7608240398229179
vn -0.4875689363887159 -0.42827947965821506 -0.7608240398229179
vn -0.4875689363887159 -0.42827947965821506 -0.7608240398229179
vn -0.4875689363887159 -0.42827947965821506 -0.7608240398229179
vn -0.4875689363887159 -0.42827947965821506 -0.7608240398229179
vn -0.4875689363887159 -0.42827947965821506 -0.7608240398229179
vn -0.8704922060649332 -0.09817824245719796 0.48229073377810394
vn -0.8704922060649332 -0.09817824245719796 0.48229073377810394
vn -0.8704922060649332 -0.09817824245719796 0.48229073377810394
vn -0.8704922060649332 -0.09817824245719796 0.48229073377810394
vn -0.8704922060649332 -0.09817824245719796 0.48229073377810394
vn -0.8704922060649332 -0.09817824245719796 0.48229073377810394
vn 0.9997740346870126 -0.0179900133950064 0.011324265260919123
vn 0.9997740346870126 -0.0179900133950064 0.011324265260919123
vn 0.9997740346870126 -0.0179900133950064 0.011324265260919123
vn -0.8442636098694322 0.20495723115195139 -0.49518833836103304
vn -0.8442636098694322 0.20495723115195139 -0.49518833836103304
vn -0.8442636098694322 0.20495723115195139 -0.49518833836103304
vn -0.8442636098694322 0.20495723115195139 -0.49518833836103304
vn -0.8442636098694322 0.20495723115195139 -0.49518833836103304
vn -0.8442636098694322 0.20495723115195139 -0.49518833836103304
vn -0.9986861112060137 0.016919455690298846 -0.04837130661201854
vn -0.9986861112060137 0.016919455690298846 -0.04837130661201854
vn -0.9986861112060137 0.016919455690298846 -0.04837130661201854
vn -0.9986861112060137 0.016919455690298846 -0.04837130661201854
vn -0.9986861112060137 0.016919455690298846 -0.04837130661201854
vn -0.9986861112060137 0.016919455690298846 -0.04837130661201854
vn -0.8401679431564564 0.48583053169280943 -0.2410114556765544
vn -0.8401679431564564 0.48583053169280943 -0.2410114556765544
vn -0.8401679431564564 0.48583053169280943 -0.2410114556765544
vn -0.8401679431564564 0.48583053169280943 -0.2410114556765544
vn -0.8401679431564564 0.48583053169280943 -0.2410114556765544
vn -0.8401679431564564 0.48583053169280943 -0.2410114556765544
vn -0.20452353841552542 0.31731444268885367 -0.926003059765493
vn -0.20452353841552542 0.31731444268885367 -0.926003059765493
vn -0.20452353841552542 0.31731444268885367 -0.926003059765493
vn -0.20452353841552542 0.31731444268885367 -0.926003059765493
vn -0.20452353841552542 0.31731444268885367 -0.926003059765493
vn -0.20452353841552542 0.31731444268885367 -0.926003059765493
vn -0.9007925089862869 0.2875485987073165 -0.32540537662375685
vn -0.9007925089862869 0.2875485987073165 -0.32540537662375685
vn -0.9007925089862869 0.2875485987073165 -0.32540537662375685
vn -0.9007925089862869 0.2875485987073165 -0.32540537662375685
vn -0.9007925089862869 0.2875485987073165 -0.32540537662375685
vn -0.9007925089862869 0.2875485987073165 -0.32540537662375685
vn -0.9992360328576704 0.01724313507512637 -0.035071711273410154
vn -0.9992360328576704 0.01724313507512637 -0.035071711273410154
vn -0.9992360328576704 0.01724313507512637 -0.035071711273410154
vn -0.9992360328576704 0.01724313507512637 -0.035071711273410154
vn -0.9992360328576704 0.01724313507512637 -0.035071711273410154
vn -0.9992360328576704 0.01724313507512637 -0.035071711273410154
vn -0.20577635499876754 0.5704025110353458 -0.7951710929906805
vn -0.20577635499876754 0.5704025110353458 -0.7951710929906805
vn -0.20577635499876754 0.5704025110353458 -0.7951710929906805
vn -0.20577635499876754 0.5704025110353458 -0.7951710929906805
vn -0.20577635499876754 0.5704025110353458 -0.7951710929906805
vn -0.20577635499876754 0.5704025110353458 -0.7951710929906805
vn -0.866030672948265 0.19566214078486951 -0.46011650717645103
vn -0.866030672948265 0.19566214078486951 -0.46011650717645103
vn -0.866030672948265 0.19566214078486951 -0.46011650717645103
vn -0.866030672948265 0.19566214078486951 -0.46011650717645103
vn -0.866030672948265 0.19566214078486951 -0.46011650717645103
vn -0.866030672948265 0.19566214078486951 -0.46011650717645103
vn -0.22217701697489944 0.9699371687301324 -0.0992938157384932
vn -0.22217701697489944 0.9699371687301324 -0.0992938157384932
vn -0.22217701697489944 0.9699371687301324 -0.0992938157384932
vn -0.22217701697489944 0.9699371687301324 -0.0992938157384932
vn -0.22217701697489944 0.9699371687301324 -0.0992938157384932
vn -0.22217701697489944 0.9699371687301324 -0.0992938157384932
f 385//385 386//386 387//387
f 388//388 389//389 390//390
f 391//391 392//392 393//393
f 394//394 395//395 396//396
f 397//397 398//398 399//399
f 400//400 401//401 402//402
f 403//403 404//404 405//405
f 406//406 407//407 408//408
f 409//409 410//410 411//411
f 412//412 413//413 414//414
f 415//415 416//416 417//417
f 418//418 419//419 420//420
f 421//421 422//422 423//423
f 424//424 425//425 426//426
f 427//427 428//428 429//429
f 430//430 431//431 432//432
f 433//433 434//434 435//435
f 436//436 437//437 438//438
f 439//439 440//440 441//441
f 442//442 443//443 444//444
f 445//445 446//446 447//447
f 448//448 449//449 450//450
f 451//451 452//452 453//453
f 454//454 455//455 456//456
f 457//457 458//458 459//459
f 460//460 461//461 462//462
f 463//463 464//464 465//465
f 466//466 467//467 468//468
f 469//469 470//470 471//471
f 472//472 473//473 474//474
f 475//475 476//476 477//477
f 478//478 479//479 480//480
f 481//481 482//482 483//483
f 484//484 485//485 486//486
f 487//487 488//488 489//489
f 490//490 491//491 492//492
f 493//493 494//494 495//495
f 496//496 497//497 498//498
f 499//499 500//500 501//501
f 502//502 503//503 504//504
f 505//505 506//506 507//507
f 508//508 509//509 510//510
f 511//511 512//512 513//513
f 514//514 515//515 516//516
f 517//517 518//518 519//519
f 520//520 521//521 522//522
f 523//523 524//524 525//525
f 526//526 527//527 528//528
f 529//529 530//530 531//531
f 532//532 533//533 534//534
f 535//535 536//536 537//537
f 538//538 539//539 540//540
f 541//541 542//542 543//543
f 544//544 545//545 546//546
f 547//547 548//548 549//549
f 550//550 551//551 552//552
f 553//553 554//554 555//555
f 556//556 557//557 558//558
f 559//559 560//560 561//561
f 562//562 563//563 564//564
f 565//565 566//566 567//567
f 568//568 569//569 570//570
f 571//571 572//572 573//573
f 574//574 575//575 576//576
f 577//577 578//578 579//579
f 580//580 581//581 582//582
f 583//583 584//584 585//585
f 586//586 587//587 588//588
f 589//589 590//590 591//591
f 592//592 593//593 594//594
f 595//595 596//596 597//597
f 598//598 599//599 600//600
f 601//601 602//602 603//603
f 604//604 605//605 606//606
f 607//607 608//608 609//609
f 610//610 611//611 612//612
f 613//613 614//614 615//615
f 616//616 617//617 618//618
f 619//619 620//620 621//621
f 622//622 623//623 624//624
f 625//625 626//626 627//627
f 628//628 629//629 630//630
f 631//631 632//632 633//633
f 634//634 635//635 636//636
f 637//637 638//638 639//639
f 640//640 641//641 642//642
f 643//643 644//644 645//645
f 646//646 647//647 648//648
f 649//649 650//650 651//651
f 652//652 653//653 654//654
f 655//655 656//656 657//657
f 658//658 659//659 660//660
f 661//661 662//662 663//663
f 664//664 665//665 666//666
f 667//667 668//668 669//669
f 670//670 671//671 672//672
f 673//673 674//674 675//675
f 676//676 677//677 678//678
f 679//679 680//680 681//681
f 682//682 683//683 684//684
f 685//685 686//686 687//687
f 688//688 689//689 690//690
f 691//691 692//692 693//693
f 694//694 695//695 696//696
f 697//697 698//698 699//699
f 700//700 701//701 702//702
f 703//703 704//704 705//705
f 706//706 707//707 708//708
f 709//709 710//710 711//711
f 712//712 713//713 714//714
f 715//715 716//716 717//717
f 718//718 719//719 720//720
f 721//721 722//722 723//723
f 724//724 725//725 726//726
f 727//727 728//728 729//729
f 730//730 731//731 732//732
f 733//733 734//734 735//735
f 736//736 737//737 738//738
f 739//739 740//740 741//741
f 742//742 743//743 744//744
f 745//745 746//746 747//747
f 748//748 749//749 750//750
f 751//751 752//752 753//753
f 754//754 755//755 756//756
f 757//757 758//758 759//759
f 760//760 761//761 762//762
f 763//763 764//764 765//765
f 766//766 767//767 768//768
f 769//769 770//770 771//771
f 772//772 773//773 774//774
f 775//775 776//776 777//777
f 778//778 779//779 780//780
f 781//781 782//782 783//783
f 784//784 785//785 786//786
f 787//787 788//788 789//789
f 790//790 791//791 792//792
f 793//793 794//794 795//795
f 796//796 797//797 798//798
f 799//799 800//800 801//801
f 802//802 803//803 804//804
f 805//805 806//806 807//807
f 808//808 809//809 810//810
f 811//811 812//812 813//813
f 814//814 815//815 816//816
f 817//817 818//818 819//819
f 820//820 821//821 822//822
f 823//823 824//824 825//825
f 826//826 827//827 828//828
f 829//829 830//830 831//831
f 832//832 833//833 834//834
f 835//835 836//836 837//837
f 838//838 839//839 840//840
f 841//841 842//842 843//843
f 844//844 845//845 846//846
f 847//847 848//848 849//849
f 850//850 851//851 852//852
f 853//853 854//854 855//855
f 856//856 857//857 858//858
f 859//859 860//860 861//861
f 862//862 863//863 864//864
f 865//865 866//866 867//867
f 868//868 869//869 870//870
f 871//871 872//872 873//873
f 874//874 875//875 876//876
f 877//877 878//878 879//879
f 880//880 881//881 882//882
f 883//883 884//884 885//885
f 886//886 887//887 888//888
f 889//889 890//890 891//891
f 892//892 893//893 894//894
f 895//895 896//896 897//897
f 898//898 899//899 900//900
f 901//901 902//902 903//903
f 904//904 905//905 906//906
f 907//907 908//908 909//909
f 910//910 911//911 912//912
f 913//913 914//914 915//915
f 916//916 917//917 918//918
f 919//919 920//920 921//921
f 922//922 923//923 924//924
f 925//925 926//926 927//927
f 928//928 929//929 930//930
f 931//931 932//932 933//933
f 934//934 935//935 936//936
f 937//937 938//938 939//939
f 940//940 941//941 942//942
f 943//943 944//944 945//945
f 946//946 947//947 948//948
f 949//949 950//950 951//951
f 952//952 953//953 954//954
f 955//955 956//956 957//957
f 958//958 959//959 960//960
f 961//961 962//962 963//963
f 964//964 965//965 966//966
f 967//967 968//968 969//969
f 970//970 971//971 972//972
f 973//973 974//974 975//975
f 976//976 977//977 978//978
f 979//979 980//980 981//981
f 982//982 983//983 984//984
f 985//985 986//986 987//987
f 988//988 989//989 990//990
f 991//991 992//992 993//993
f 994//994 995//995 996//996
f 997//997 998//998 999//999
f 1000//1000 1001//1001 1002//1002
f 1003//1003 1004//1004 1005//1005
f 1006//1006 1007//1007 1008//1008
f 1009//1009 1010//1010 1011//1011
f 1012//1012 1013//1013 1014//1014
f 1015//1015 1016//1016 1017//1017
f 1018//1018 1019//1019 1020//1020
f 1021//1021 1022//1022 1023//1023
f 1024//1024 1025//1025 1026//1026
f 1027//1027 1028//1028 1029//1029
f 1030//1030 1031//1031 1032//1032
f 1033//1033 1034//1034 1035//1035
f 1036//1036 1037//1037 1038//1038
f 1039//1039 1040//1040 1041//1041
f 1042//1042 1043//1043 1044//1044
f 1045//1045 1046//1046 1047//1047
f 1048//1048 1049//1049 1050//1050
f 1051//1051 1052//1052 1053//1053
f 1054//1054 1055//1055 1056//1056
f 1057//1057 1058//1058 1059//1059
f 1060//1060 1061//1061 1062//1062
f 1063//1063 1064//1064 1065//1065
f 1066//1066 1067//1067 1068//1068
f 1069//1069 1070//1070 1071//1071
f 1072//1072 1073//1073 1074//1074
f 1075//1075 1076//1076 1077//1077
f 1078//1078 1079//1079 1080//1080
f 1081//1081 1082//1082 1083//1083
f 1084//1084 1085//1085 1086//1086
f 1087//1087 1088//1088 1089//1089
f 1090//1090 1091//1091 1092//1092
f 1093//1093 1094//1094 1095//1095
f 1096//1096 1097//1097 1098//1098
f 1099//1099 1100//1100 1101//1101
f 1102//1102 1103//1103 1104//1104
f 1105//1105 1106//1106 1107//1107
f 1108//1108 1109//1109 1110//1110
f 1111//1111 1112//1112 1113//1113
f 1114//1114 1115//1115 1116//1116
f 1117//1117 1118//1118 1119//1119
f 1120//1120 1121//1121 1122//1122
f 1123//1123 1124//1124 1125//1125
f 1126//1126 1127//1127 1128//1128
f 1129//1129 1130//1130 1131//1131
f 1132//1132 1133//1133 1134//1134
f 1135//1135 1136//1136 1137//1137
f 1138//1138 1139//1139 1140//1140
f 1141//1141 1142//1142 1143//1143
f 1144//1144 1145//1145 1146//1146
f 1147//1147 1148//1148 1149//1149
f 1150//1150 1151//1151 1152//1152
f 1153//1153 1154//1154 1155//1155
f 1156//1156 1157//1157 1158//1158
f 1159//1159 1160//1160 1161//1161
f 1162//1162 1163//1163 1164//1164
f 1165//1165 1166//1166 1167//1167
f 1168//1168 1169//1169 1170//1170
f 1171//1171 1172//1172 1173//1173
f 1174//1174 1175//1175 1176//1176
f 1177//1177 1178//1178 1179//1179
f 1180//1180 1181//1181 1182//1182
f 1183//1183 1184//1184 1185//1185
f 1186//1186 1187//1187 1188//1188
f 1189//1189 1190//1190 1191//1191
f 1192//1192 1193//1193 1194//1194
f 1195//1195 1196//1196 1197//1197
f 1198//1198 1199//1199 1200//1200
f 1201//1201 1202//1202 1203//1203
f 1204//1204 1205//1205 1206//1206
f 1207//1207 1208//1208 1209//1209
f 1210//1210 1211//1211 1212//1212
f 1213//1213 1214//1214 1215//1215
f 1216//1216 1217//1217 1218//1218
f 1219//1219 1220//1220 1221//1221
f 1222//1222 1223//1223 1224//1224
f 1225//1225 1226//1226 1227//1227
f 1228//1228 1229//1229 1230//1230
f 1231//1231 1232//1232 1233//1233
f 1234//1234 1235//1235 1236//1236
f 1237//1237 1238//1238 1239//1239
f 1240//1240 1241//1241 1242//1242
f 1243//1243 1244//1244 1245//1245
f 1246//1246 1247//1247 1248//1248
f 1249//1249 1250//1250 1251//1251
f 1252//1252 1253//1253 1254//1254
f 1255//1255 1256//1256 1257//1257
f 1258//1258 1259//1259 1260//1260
f 1261//1261 1262//1262 1263//1263
f 1264//1264 1265//1265 1266//1266
f 1267//1267 1268//1268 1269//1269
f 1270//1270 1271//1271 1272//1272
f 1273//1273 1274//1274 1275//1275
f 1276//1276 1277//1277 1278//1278
f 1279//1279 1280//1280 1281//1281
f 1282//1282 1283//1283 1284//1284
f 1285//1285 1286//1286 1287//1287
f 1288//1288 1289//1289 1290//1290
f 1291//1291 1292//1292 1293//1293
f 1294//1294 1295//1295 1296//1296
f 1297//1297 1298//1298 1299//1299
f 1300//1300 1301//1301 1302//1302
f 1303//1303 1304//1304 1305//1305
f 1306//1306 1307//1307 1308//1308
f 1309//1309 1310//1310 1311//1311
f 1312//1312 1313//1313 1314//1314
f 1315//1315 1316//1316 1317//1317
f 1318//1318 1319//1319 1320//1320
f 1321//1321 1322//1322 1323//1323
f 1324//1324 1325//1325 1326//1326
f 1327//1327 1328//1328 1329//1329
f 1330//1330 1331//1331 1332//1332
f 1333//1333 1334//1334 1335//1335
f 1336//1336 1337//1337 1338//1338
f 1339//1339 1340//1340 1341//1341
f 1342//1342 1343//1343 1344//1344
f 1345//1345 1346//1346 1347//1347
f 1348//1348 1349//1349 1350//1350
f 1351//1351 1352//1352 1353//1353
f 1354//1354 1355//1355 1356//1356
f 1357//1357 1358//1358 1359//1359
f 1360//1360 1361//1361 1362//1362
f 1363//1363 1364//1364 1365//1365
f 1366//1366 1367//1367 1368//1368
f 1369//1369 1370//1370 1371//1371
f 1372//1372 1373//1373 1374//1374
f 1375//1375 1376//1376 1377//1377
f 1378//1378 1379//1379 1380//1380
f 1381//1381 1382//1382 1383//1383
f 1384//1384 1385//1385 1386//1386
f 1387//1387 1388//1388 1389//1389
f 1390//1390 1391//1391 1392//1392
f 1393//1393 1394//1394 1395//1395
f 1396//1396 1397//1397 1398//1398
f 1399//1399 1400//1400 1401//1401
f 1402//1402 1403//1403 1404//1404
f 1405//1405 1406//1406 1407//1407
f 1408//1408 1409//1409 1410//1410
f 1411//1411 1412//1412 1413//1413
f 1414//1414 1415//1415 1416//1416
f 1417//1417 1418//1418 1419//1419
f 1420//1420 1421//1421 1422//1422
f 1423//1423 1424//1424 1425//1425
f 1426//1426 1427//1427 1428//1428
f 1429//1429 1430//1430 1431//1431
f 1432//1432 1433//1433 1434//1434
f 1435//1435 1436//1436 1437//1437
f 1438//1438 1439//1439 1440//1440
f 1441//1441 1442//1442 1443//1443
f 1444//1444 1445//1445 1446//1446
f 1447//1447 1448//1448 1449//1449
f 1450//1450 1451//1451 1452//1452
f 1453//1453 1454//1454 1455//1455
f 1456//1456 1457//1457 1458//1458
f 1459//1459 1460//1460 1461//1461
f 1462//1462 1463//1463 1464//1464
f 1465//1465 1466//1466 1467//1467
f 1468//1468 1469//1469 1470//1470
f 1471//1471 1472//1472 1473//1473
f 1474//1474 1475//1475 1476//1476
f 1477//1477 1478//1478 1479//1479
f 1480//1480 1481//1481 1482//1482
f 1483//1483 1484//1484 1485//1485
f 1486//1486 1487//1487 1488//1488
f 1489//1489 1490//1490 1491//1491
f 1492//1492 1493//1493 1494//1494
f 1495//1495 1496//1496 1497//1497
f 1498//1498 1499//1499 1500//1500
f 1501//1501 1502//1502 1503//1503
f 1504//1504 1505//1505 1506//1506
f 1507//1507 1508//1508 1509//1509
f 1510//1510 1511//1511 1512//1512
f 1513//1513 1514//1514 1515//1515
f 1516//1516 1517//1517 1518//1518
f 1519//1519 1520//1520 1521//1521
f 1522//1522 1523//1523 1524//1524
f 1525//1525 1526//1526 1527//1527
f 1528//1528 1529//1529 1530//1530
f 1531//1531 1532//1532 1533//1533
f 1534//1534 1535//1535 1536//1536
f 1537//1537 1538//1538 1539//1539
f 1540//1540 1541//1541 1542//1542
f 1543//1543 1544//1544 1545//1545
f 1546//1546 1547//1547 1548//1548
f 1549//1549 1550//1550 1551//1551
f 1552//1552 1553//1553 1554//1554
f 1555//1555 1556//1556 1557//1557
f 1558//1558 1559//1559 1560//1560
f 1561//1561 1562//1562 1563//1563
f 1564//1564 1565//1565 1566//1566
f 1567//1567 1568//1568 1569//1569
f 1570//1570 1571//1571 1572//1572
f 1573//1573 1574//1574 1575//1575
f 1576//1576 1577//1577 1578//1578
f 1579//1579 1580//1580 1581//1581
f 1582//1582 1583//1583 1584//1584
f 1585//1585 1586//1586 1587//1587
f 1588//1588 1589//1589 1590//1590
f 1591//1591 1592//1592 1593//1593
f 1594//1594 1595//1595 1596//1596
f 1597//1597 1598//1598 1599//1599
f 1600//1600 1601//1601 1602//1602
f 1603//1603 1604//1604 1605//1605
f 1606//1606 1607//1607 1608//1608
f 1609//1609 1610//1610 1611//1611
f 1612//1612 1613//1613 1614//1614
f 1615//1615 1616//1616 1617//1617
f 1618//1618 1619//1619 1620//1620
f 1621//1621 1622//1622 1623//1623
f 1624//1624 1625//1625 1626//1626
f 1627//1627 1628//1628 1629//1629
f 1630//1630 1631//1631 1632//1632
f 1633//1633 1634//1634 1635//1635
f 1636//1636 1637//1637 1638//1638
f 1639//1639 1640//1640 1641//1641
f 1642//1642 1643//1643 1644//1644
f 1645//1645 1646//1646 1647//1647
f 1648//1648 1649//1649 1650//1650
f 1651//1651 1652//1652 1653//1653
f 1654//1654 1655//1655 1656//1656
f 1657//1657 1658//1658 1659//1659
f 1660//1660 1661//1661 1662//1662
f 1663//1663 1664//1664 1665//1665
f 1666//1666 1667//1667 1668//1668
f 1669//1669 1670//1670 1671//1671
f 1672//1672 1673//1673 1674//1674
f 1675//1675 1676//1676 1677//1677
f 1678//1678 1679//1679 1680//1680
f 1681//1681 1682//1682 1683//1683
f 1684//1684 1685//1685 1686//1686
f 1687//1687 1688//1688 1689//1689
f 1690//1690 1691//1691 1692//1692
f 1693//1693 1694//1694 1695//1695
f 1696//1696 1697//1697 1698//1698
f 1699//1699 1700//1700 1701//1701
f 1702//1702 1703//1703 1704//1704
f 1705//1705 1706//1706 1707//1707
f 1708//1708 1709//1709 1710//1710
f 1711//1711 1712//1712 1713//1713
f 1714//1714 1715//1715 1716//1716
f 1717//1717 1718//1718 1719//1719
f 1720//1720 1721//1721 1722//1722
f 1723//1723 1724//1724 1725//1725
f 1726//1726 1727//1727 1728//1728
f 1729//1729 1730//1730 1731//1731
f 1732//1732 1733//1733 1734//1734
f 1735//1735 1736//1736 1737//1737
f 1738//1738 1739//1739 1740//1740
f 1741//1741 1742//1742 1743//1743
f 1744//1744 1745//1745 1746//1746
f 1747//1747 1748//1748 1749//1749
f 1750//1750 1751//1751 1752//1752
f 1753//1753 1754//1754 1755//1755
f 1756//1756 1757//1757 1758//1758
f 1759//1759 1760//1760 1761//1761
f 1762//1762 1763//1763 1764//1764
f 1765//1765 1766//1766 1767//1767
f 1768//1768 1769//1769 1770//1770
f 1771//1771 1772//1772 1773//1773
f 1774//1774 1775//1775 1776//1776
f 1777//1777 1778//1778 1779//1779
f 1780//1780 1781//1781 1782//1782
f 1783//1783 1784//1784 1785//1785
f 1786//1786 1787//1787 1788//1788
f 1789//1789 1790//1790 1791//1791
f 1792//1792 1793//1793 1794//1794
f 1795//1795 1796//1796 1797//1797
f 1798//1798 1799//1799 1800//1800
f 1801//1801 1802//1802 1803//1803
f 1804//1804 1805//1805 1806//1806
f 1807//1807 1808//1808 1809//1809
f 1810//1810 1811//1811 1812//1812
f 1813//1813 1814//1814 1815//1815
f 1816//1816 1817//1817 1818//1818
f 1819//1819 1820//1820 1821//1821
f 1822//1822 1823//1823 1824//1824
f 1825//1825 1826//1826 1827//1827
f 1828//1828 1829//1829 1830//1830
f 1831//1831 1832//1832 1833//1833
f 1834//1834 1835//1835 1836//1836
f 1837//1837 1838//1838 1839//1839
f 1840//1840 1841//1841 1842//1842
f 1843//1843 1844//1844 1845//1845
f 1846//1846 1847//1847 1848//1848
f 1849//1849 1850//1850 1851//1851
f 1852//1852 1853//1853 1854//1854
f 1855//1855 1856//1856 1857//1857
f 1858//1858 1859//1859 1860//1860
f 1861//1861 1862//1862 1863//1863
f 1864//1864 1865//1865 1866//1866
f 1867//1867 1868//1868 1869//1869
f 1870//1870 1871//1871 1872//1872
f 1873//1873 1874//1874 1875//1875
f 1876//1876 1877//1877 1878//1878
f 1879//1879 1880//1880 1881//1881
f 1882//1882 1883//1883 1884//1884
f 1885//1885 1886//1886 1887//1887
f 1888//1888 1889//1889 1890//1890
f 1891//1891 1892//1892 1893//1893
f 1894//1894 1895//1895 1896//1896
f 1897//1897 1898//1898 1899//1899
f 1900//1900 1901//1901 1902//1902
f 1903//1903 1904//1904 1905//1905
f 1906//1906 1907//1907 1908//1908
f 1909//1909 1910//1910 1911//1911
f 1912//1912 1913//1913 1914//1914
f 1915//1915 1916//1916 1917//1917
f 1918//1918 1919//1919 1920//1920
f 1921//1921 1922//1922 1923//1923
f 1924//1924 1925//1925 1926//1926
f 1927//1927 1928//1928 1929//1929
f 1930//1930 1931//1931 1932//1932
f 1933//1933 1934//1934 1935//1935
f 1936//1936 1937//1937 1938//1938
f 1939//1939 1940//1940 1941//1941
f 1942//1942 1943//1943 1944//1944
f 1945//1945 1946//1946 1947//1947
f 1948//1948 1949//1949 1950//1950
f 1951//1951 1952//1952 1953//1953
f 1954//1954 1955//1955 1956//1956
f 1957//1957 1958//1958 1959//1959
f 1960//1960 1961//1961 1962//1962
f 1963//1963 1964//1964 1965//1965
f 1966//1966 1967//1967 1968//1968
f 1969//1969 1970//1970 1971//1971
f 1972//1972 1973//1973 1974//1974
f 1975//1975 1976//1976 1977//1977
f 1978//1978 1979//1979 1980//1980
f 1981//1981 1982//1982 1983//1983
f 1984//1984 1985//1985 1986//1986
f 1987//1987 1988//1988 1989//1989
f 1990//1990 1991//1991 1992//1992
f 1993//1993 1994//1994 1995//1995
f 1996//1996 1997//1997 1998//1998
f 1999//1999 2000//2000 2001//2001
f 2002//2002 2003//2003 2004//2004
f 2005//2005 2006//2006 2007//2007
f 2008//2008 2009//2009 2010//2010
f 2011//2011 2012//2012 2013//2013
f 2014//2014 2015//2015 2016//2016
f 2017//2017 2018//2018 2019//2019
f 2020//2020 2021//2021 2022//2022
f 2023//2023 2024//2024 2025//2025
f 2026//2026 2027//2027 2028//2028
f 2029//2029 2030//2030 2031//2031
f 2032//2032 2033//2033 2034//2034
f 2035//2035 2036//2036 2037//2037
f 2038//2038 2039//2039 2040//2040
f 2041//2041 2042//2042 2043//2043
f 2044//2044 2045//2045 2046//2046
f 2047//2047 2048//2048 2049//2049
f 2050//2050 2051//2051 2052//2052
f 2053//2053 2054//2054 2055//2055
f 2056//2056 2057//2057 2058//2058
f 2059//2059 2060//2060 2061//2061
f 2062//2062 2063//2063 2064//2064
f 2065//2065 2066//2066 2067//2067
f 2068//2068 2069//2069 2070//2070
f 2071//2071 2072//2072 2073//2073
f 2074//2074 2075//2075 2076//2076
f 2077//2077 2078//2078 2079//2079
f 2080//2080 2081//2081 2082//2082
f 2083//2083 2084//2084 2085//2085
f 2086//2086 2087//2087 2088//2088
f 2089//2089 2090//2090 2091//2091
f 2092//2092 2093//2093 2094//2094
f 2095//2095 2096//2096 2097//2097
f 2098//2098 2099//2099 2100//2100
f 2101//2101 2102//2102 2103//2103
f 2104//2104 2105//2105 2106//2106
f 2107//2107 2108//2108 2109//2109
f 2110//2110 2111//2111 2112//2112
f 2113//2113 2114//2114 2115//2115
f 2116//2116 2117//2117 2118//2118
f 2119//2119 2120//2120 2121//2121
f 2122//2122 2123//2123 2124//2124
f 2125//2125 2126//2126 2127//2127
f 2128//2128 2129//2129 2130//2130
f 2131//2131 2132//2132 2133//2133
f 2134//2134 2135//2135 2136//2136
f 2137//2137 2138//2138 2139//2139
f 2140//2140 2141//2141 2142//2142
f 2143//2143 2144//2144 2145//2145
f 2146//2146 2147//2147 2148//2148
f 2149//2149 2150//2150 2151//2151
f 2152//2152 2153//2153 2154//2154
f 2155//2155 2156//2156 2157//2157
f 2158//2158 2159//2159 2160//2160
f 2161//2161 2162//2162 2163//2163
f 2164//2164 2165//2165 2166//2166
f 2167//2167 2168//2168 2169//2169
f 2170//2170 2171//2171 2172//2172
f 2173//2173 2174//2174 2175//2175
f 2176//2176 2177//2177 2178//2178
f 2179//2179 2180//2180 2181//2181
f 2182//2182 2183//2183 2184//2184
f 2185//2185 2186//2186 2187//2187
f 2188//2188 2189//2189 2190//2190
f 2191//2191 2192//2192 2193//2193
f 2194//2194 2195//2195 2196//2196
f 2197//2197 2198//2198 2199//2199
f 2200//2200 2201//2201 2202//2202
f 2203//2203 2204//2204 2205//2205
f 2206//2206 2207//2207 2208//2208
f 2209//2209 2210//2210 2211//2211
f 2212//2212 2213//2213 2214//2214
f 2215//2215 2216//2216 2217//2217
f 2218//2218 2219//2219 2220//2220
f 2221//2221 2222//2222 2223//2223
f 2224//2224 2225//2225 2226//2226
f 2227//2227 2228//2228 2229//2229
f 2230//2230 2231//2231 2232//2232
f 2233//2233 2234//2234 2235//2235
f 2236//2236 2237//2237 2238//2238
f 2239//2239 2240//2240 2241//2241
f 2242//2242 2243//2243 2244//2244
f 2245//2245 2246//2246 2247//2247
f 2248//2248 2249//2249 2250//2250
f 2251//2251 2252//2252 2253//2253
f 2254//2254 2255//2255 2256//2256
f 2257//2257 2258//2258 2259//2259
f 2260//2260 2261//2261 2262//2262
f 2263//2263 2264//2264 2265//2265
f 2266//2266 2267//2267 2268//2268
f 2269//2269 2270//2270 2271//2271
f 2272//2272 2273//2273 2274//2274
f 2275//2275 2276//2276 2277//2277
f 2278//2278 2279//2279 2280//2280
f 2281//2281 2282//2282 2283//2283
f 2284//2284 2285//2285 2286//2286
f 2287//2287 2288//2288 2289//2289
f 2290//2290 2291//2291 2292//2292
f 2293//2293 2294//2294 2295//2295
f 2296//2296 2297//2297 2298//2298
f 2299//2299 2300//2300 2301//2301
f 2302//2302 2303//2303 2304//2304
f 2305//2305 2306//2306 2307//2307
f 2308//2308 2309//2309 2310//2310
f 2311//2311 2312//2312 2313//2313
f 2314//2314 2315//2315 2316//2316
f 2317//2317 2318//2318 2319//2319
f 2320//2320 2321//2321 2322//2322
f 2323//2323 2324//2324 2325//2325
f 2326//2326 2327//2327 2328//2328
f 2329//2329 2330//2330 2331//2331
f 2332//2332 2333//2333 2334//2334
f 2335//2335 2336//2336 2337//2337
f 2338//2338 2339//2339 2340//2340
f 2341//2341 2342//2342 2343//2343
f 2344//2344 2345//2345 2346//2346
f 2347//2347 2348//2348 2349//2349
f 2350//2350 2351//2351 2352//2352
f 2353//2353 2354//2354 2355//2355
f 2356//2356 2357//2357 2358//2358
f 2359//2359 2360//2360 2361//2361
f 2362//2362 2363//2363 2364//2364
f 2365//2365 2366//2366 2367//2367
f 2368//2368 2369//2369 2370//2370
f 2371//2371 2372//2372 2373//2373
f 2374//2374 2375//2375 2376//2376
f 2377//2377 2378//2378 2379//2379
f 2380//2380 2381//2381 2382//2382
f 2383//2383 2384//2384 2385//2385
f 2386//2386 2387//2387 2388//2388
f 2389//2389 2390//2390 2391//2391
f 2392//2392 2393//2393 2394//2394
f 2395//2395 2396//2396 2397//2397
f 2398//2398 2399//2399 2400//2400
f 2401//2401 2402//2402 2403//2403
f 2404//2404 2405//2405 2406//2406
f 2407//2407 2408//2408 2409//2409
f 2410//2410 2411//2411 2412//2412
f 2413//2413 2414//2414 2415//2415
f 2416//2416 2417//2417 2418//2418
f 2419//2419 2420//2420 2421//2421
f 2422//2422 2423//2423 2424//2424
f 2425//2425 2426//2426 2427//2427
f 2428//2428 2429//2429 2430//2430
f 2431//2431 2432//2432 2433//2433
f 2434//2434 2435//2435 2436//2436
f 2437//2437 2438//2438 2439//2439
f 2440//2440 2441//2441 2442//2442
f 2443//2443 2444//2444 2445//2445
f 2446//2446 2447//2447 2448//2448
f 2449//2449 2450//2450 2451//2451
f 2452//2452 2453//2453 2454//2454
f 2455//2455 2456//2456 2457//2457
f 2458//2458 2459//2459 2460//2460
f 2461//2461 2462//2462 2463//2463
f 2464//2464 2465//2465 2466//2466
f 2467//2467 2468//2468 2469//2469
f 2470//2470 2471//2471 2472//2472
f 2473//2473 2474//2474 2475//2475
f 2476//2476 2477//2477 2478//2478
f 2479//2479 2480//2480 2481//2481
f 2482//2482 2483//2483 2484//2484
f 2485//2485 2486//2486 2487//2487
f 2488//2488 2489//2489 2490//2490
f 2491//2491 2492//2492 2493//2493
f 2494//2494 2495//2495 2496//2496
f 2497//2497 2498//2498 2499//2499
f 2500//2500 2501//2501 2502//2502
f 2503//2503 2504//2504 2505//2505
f 2506//2506 2507//2507 2508//2508
f 2509//2509 2510//2510 2511//2511
f 2512//2512 2513//2513 2514//2514
f 2515//2515 2516//2516 2517//2517
f 2518//2518 2519//2519 2520//2520
f 2521//2521 2522//2522 2523//2523
f 2524//2524 2525//2525 2526//2526
f 2527//2527 2528//2528 2529//2529
f 2530//2530 2531//2531 2532//2532
f 2533//2533 2534//2534 2535//2535
f 2536//2536 2537//2537 2538//2538
f 2539//2539 2540//2540 2541//2541
f 2542//2542 2543//2543 2544//2544
f 2545//2545 2546//2546 2547//2547
f 2548//2548 2549//2549 2550//2550
f 2551//2551 2552//2552 2553//2553
f 2554//2554 2555//2555 2556//2556
f 2557//2557 2558//2558 2559//2559
f 2560//2560 2561//2561 2562//2562
f 2563//2563 2564//2564 2565//2565
f 2566//2566 2567//2567 2568//2568
f 2569//2569 2570//2570 2571//2571
f 2572//2572 2573//2573 2574//2574
f 2575//2575 2576//2576 2577//2577
f 2578//2578 2579//2579 2580//2580
f 2581//2581 2582//2582 2583//2583
f 2584//2584 2585//2585 2586//2586
f 2587//2587 2588//2588 2589//2589
f 2590//2590 2591//2591 2592//2592
f 2593//2593 2594//2594 2595//2595
f 2596//2596 2597//2597 2598//2598
f 2599//2599 2600//2600 2601//2601
f 2602//2602 2603//2603 2604//2604
f 2605//2605 2606//2606 2607//2607
f 2608//2608 2609//2609 2610//2610
f 2611//2611 2612//2612 2613//2613
f 2614//2614 2615//2615 2616//2616
f 2617//2617 2618//2618 2619//2619
f 2620//2620 2621//2621 2622//2622
f 2623//2623 2624//2624 2625//2625
f 2626//2626 2627//2627 2628//2628
f 2629//2629 2630//2630 2631//2631
f 2632//2632 2633//2633 2634//2634
f 2635//2635 2636//2636 2637//2637
f 2638//2638 2639//2639 2640//2640
f 2641//2641 2642//2642 2643//2643
f 2644//2644 2645//2645 2646//2646
f 2647//2647 2648//2648 2649//2649
f 2650//2650 2651//2651 2652//2652
f 2653//2653 2654//2654 2655//2655
f 2656//2656 2657//2657 2658//2658
f 2659//2659 2660//2660 2661//2661
f 2662//2662 2663//2663 2664//2664
f 2665//2665 2666//2666 2667//2667
f 2668//2668 2669//2669 2670//2670
f 2671//2671 2672//2672 2673//2673
f 2674//2674 2675//2675 2676//2676
f 2677//2677 2678//2678 2679//2679
f 2680//2680 2681//2681 2682//2682
f 2683//2683 2684//2684 2685//2685
f 2686//2686 2687//2687 2688//2688
f 2689//2689 2690//2690 2691//2691
f 2692//2692 2693//2693 2694//2694
f 2695//2695 2696//2696 2697//2697
f 2698//2698 2699//2699 2700//2700
f 2701//2701 2702//2702 2703//2703
f 2704//2704 2705//2705 2706//2706
f 2707//2707 2708//2708 2709//2709
f 2710//2710 2711//2711 2712//2712
f 2713//2713 2714//2714 2715//2715
f 2716//2716 2717//2717 2718//2718
f 2719//2719 2720//2720 2721//2721
f 2722//2722 2723//2723 2724//2724
f 2725//2725 2726//2726 2727//2727
f 2728//2728 2729//2729 2730//2730
f 2731//2731 2732//2732 2733//2733
f 2734//2734 2735//2735 2736//2736
f 2737//2737 2738//2738 2739//2739
f 2740//2740 2741//2741 2742//2742
f 2743//2743 2744//2744 2745//2745
f 2746//2746 2747//2747 2748//2748
f 2749//2749 2750//2750 2751//2751
f 2752//2752 2753//2753 2754//2754
f 2755//2755 2756//2756 2757//2757
f 2758//2758 2759//2759 2760//2760
f 2761//2761 2762//2762 2763//2763
f 2764//2764 2765//2765 2766//2766
f 2767//2767 2768//2768 2769//2769
f 2770//2770 2771//2771 2772//2772
f 2773//2773 2774//2774 2775//2775
f 2776//2776 2777//2777 2778//2778
f 2779//2779 2780//2780 2781//2781
f 2782//2782 2783//2783 2784//2784
f 2785//2785 2786//2786 2787//2787
f 2788//2788 2789//2789 2790//2790
f 2791//2791 2792//2792 2793//2793
f 2794//2794 2795//2795 2796//2796
f 2797//2797 2798//2798 2799//2799
f 2800//2800 2801//2801 2802//2802
f 2803//2803 2804//2804 2805//2805
f 2806//2806 2807//2807 2808//2808
f 2809//2809 2810//2810 2811//2811
f 2812//2812 2813//2813 2814//2814
f 2815//2815 2816//2816 2817//2817
f 2818//2818 2819//2819 2820//2820
f 2821//2821 2822//2822 2823//2823
f 2824//2824 2825//2825 2826//2826
f 2827//2827 2828//2828 2829//2829
f 2830//2830 2831//2831 2832//2832
f 2833//2833 2834//2834 2835//2835
f 2836//2836 2837//2837 2838//2838
f 2839//2839 2840//2840 2841//2841
f 2842//2842 2843//2843 2844//2844
f 2845//2845 2846//2846 2847//2847
f 2848//2848 2849//2849 2850//2850
f 2851//2851 2852//2852 2853//2853
f 2854//2854 2855//2855 2856//2856
f 2857//2857 2858//2858 2859//2859
f 2860//2860 2861//2861 2862//2862
f 2863//2863 2864//2864 2865//2865
f 2866//2866 2867//2867 2868//2868
f 2869//2869 2870//2870 2871//2871
f 2872//2872 2873//2873 2874//2874
f 2875//2875 2876//2876 2877//2877
f 2878//2878 2879//2879 2880//2880
f 2881//2881 2882//2882 2883//2883
f 2884//2884 2885//2885 2886//2886
f 2887//2887 2888//2888 2889//2889
f 2890//2890 2891//2891 2892//2892
f 2893//2893 2894//2894 2895//2895
f 2896//2896 2897//2897 2898//2898
f 2899//2899 2900//2900 2901//2901
f 2902//2902 2903//2903 2904//2904
f 2905//2905 2906//2906 2907//2907
f 2908//2908 2909//2909 2910//2910
f 2911//2911 2912//2912 2913//2913
f 2914//2914 2915//2915 2916//2916
f 2917//2917 2918//2918 2919//2919
f 2920//2920 2921//2921 2922//2922
f 2923//2923 2924//2924 2925//2925
f 2926//2926 2927//2927 2928//2928
f 2929//2929 2930//2930 2931//2931
f 2932//2932 2933//2933 2934//2934
f 2935//2935 2936//2936 2937//2937
f 2938//2938 2939//2939 2940//2940
f 2941//2941 2942//2942 2943//2943
f 2944//2944 2945//2945 2946//2946
f 2947//2947 2948//2948 2949//2949
f 2950//2950 2951//2951 2952//2952
f 2953//2953 2954//2954 2955//2955
f 2956//2956 2957//2957 2958//2958
f 2959//2959 2960//2960 2961//2961
f 2962//2962 2963//2963 2964//2964
f 2965//2965 2966//2966 2967//2967
f 2968//2968 2969//2969 2970//2970
f 2971//2971 2972//2972 2973//2973
f 2974//2974 2975//2975 2976//2976
f 2977//2977 2978//2978 2979//2979
f 2980//2980 2981//2981 2982//2982
f 2983//2983 2984//2984 2985//2985
f 2986//2986 2987//2987 2988//2988
f 2989//2989 2990//2990 2991//2991
f 2992//2992 2993//2993 2994//2994
f 2995//2995 2996//2996 2997//2997
f 2998//2998 2999//2999 3000//3000
f 3001//3001 3002//3002 3003//3003
f 3004//3004 3005//3005 3006//3006
f 3007//3007 3008//3008 3009//3009
f 3010//3010 3011//3011 3012//3012
f 3013//3013 3014//3014 3015//3015
f 3016//3016 3017//3017 3018//3018
f 3019//3019 3020//3020 3021//3021
f 3022//3022 3023//3023 3024//3024
f 3025//3025 3026//3026 3027//3027
f 3028//3028 3029//3029 3030//3030
f 3031//3031 3032//3032 3033//3033
f 3034//3034 3035//3035 3036//3036
f 3037//3037 3038//3038 3039//3039
f 3040//3040 3041//3041 3042//3042
f 3043//3043 3044//3044 3045//3045
f 3046//3046 3047//3047 3048//3048
f 3049//3049 3050//3050 3051//3051
f 3052//3052 3053//3053 3054//3054
f 3055//3055 3056//3056 3057//3057
f 3058//3058 3059//3059 3060//3060
f 3061//3061 3062//3062 3063//3063
f 3064//3064 3065//3065 3066//3066
f 3067//3067 3068//3068 3069//3069
f 3070//3070 3071//3071 3072//3072
f 3073//3073 3074//3074 3075//3075
f 3076//3076 3077//3077 3078//3078
f 3079//3079 3080//3080 3081//3081
f 3082//3082 3083//3083 3084//3084
f 3085//3085 3086//3086 3087//3087
f 3088//3088 3089//3089 3090//3090
f 3091//3091 3092//3092 3093//3093
f 3094//3094 3095//3095 3096//3096
f 3097//3097 3098//3098 3099//3099
f 3100//3100 3101//3101 3102//3102
f 3103//3103 3104//3104 3105//3105
f 3106//3106 3107//3107 3108//3108
f 3109//3109 3110//3110 3111//3111
f 3112//3112 3113//3113 3114//3114
f 3115//3115 3116//3116 3117//3117
f 3118//3118 3119//3119 3120//3120
f 3121//3121 3122//3122 3123//3123
f 3124//3124 3125//3125 3126//3126
f 3127//3127 3128//3128 3129//3129
f 3130//3130 3131//3131 3132//3132
f 3133//3133 3134//3134 3135//3135
f 3136//3136 3137//3137 3138//3138
f 3139//3139 3140//3140 3141//3141
f 3142//3142 3143//3143 3144//3144
f 3145//3145 3146//3146 3147//3147
f 3148//3148 3149//3149 3150//3150
f 3151//3151 3152//3152 3153//3153
f 3154//3154 3155//3155 3156//3156
f 3157//3157 3158//3158 3159//3159
f 3160//3160 3161//3161 3162//3162
f 3163//3163 3164//3164 3165//3165
f 3166//3166 3167//3167 3168//3168
f 3169//3169 3170//3170 3171//3171
f 3172//3172 3173//3173 3174//3174
f 3175//3175 3176//3176 3177//3177
f 3178//3178 3179//3179 3180//3180
f 3181//3181 3182//3182 3183//3183
f 3184//3184 3185//3185 3186//3186
f 3187//3187 3188//3188 3189//3189
f 3190//3190 3191//3191 3192//3192
f 3193//3193 3194//3194 3195//3195
f 3196//3196 3197//3197 3198//3198
f 3199//3199 3200//3200 3201//3201
f 3202//3202 3203//3203 3204//3204
f 3205//3205 3206//3206 3207//3207
f 3208//3208 3209//3209 3210//3210
f 3211//3211 3212//3212 3213//3213
f 3214//3214 3215//3215 3216//3216
f 3217//3217 3218//3218 3219//3219
f 3220//3220 3221//3221 3222//3222
f 3223//3223 3224//3224 3225//3225
f 3226//3226 3227//3227 3228//3228
f 3229//3229 3230//3230 3231//3231
f 3232//3232 3233//3233 3234//3234
f 3235//3235 3236//3236 3237//3237
f 3238//3238 3239//3239 3240//3240
f 3241//3241 3242//3242 3243//3243
f 3244//3244 3245//3245 3246//3246
f 3247//3247 3248//3248 3249//3249
f 3250//3250 3251//3251 3252//3252
f 3253//3253 3254//3254 3255//3255
f 3256//3256 3257//3257 3258//3258
f 3259//3259 3260//3260 3261//3261
f 3262//3262 3263//3263 3264//3264
f 3265//3265 3266//3266 3267//3267
f 3268//3268 3269//3269 3270//3270
f 3271//3271 3272//3272 3273//3273
f 3274//3274 3275//3275 3276//3276
f 3277//3277 3278//3278 3279//3279
f 3280//3280 3281//3281 3282//3282
f 3283//3283 3284//3284 3285//3285
f 3286//3286 3287//3287 3288//3288
f 3289//3289 3290//3290 3291//3291
f 3292//3292 3293//3293 3294//3294
f 3295//3295 3296//3296 3297//3297
f 3298//3298 3299//3299 3300//3300
f 3301//3301 3302//3302 3303//3303
f 3304//3304 3305//3305 3306//3306
f 3307//3307 3308//3308 3309//3309
f 3310//3310 3311//3311 3312//3312
f 3313//3313 3314//3314 3315//3315
f 3316//3316 3317//3317 3318//3318
f 3319//3319 3320//3320 3321//3321
f 3322//3322 3323//3323 3324//3324
f 3325//3325 3326//3326 3327//3327
f 3328//3328 3329//3329 3330//3330
f 3331//3331 3332//3332 3333//3333
f 3334//3334 3335//3335 3336//3336
f 3337//3337 3338//3338 3339//3339
f 3340//3340 3341//3341 3342//3342
f 3343//3343 3344//3344 3345//3345
f 3346//3346 3347//3347 3348//3348
f 3349//3349 3350//3350 3351//3351
f 3352//3352 3353//3353 3354//3354
f 3355//3355 3356//3356 3357//3357
f 3358//3358 3359//3359 3360//3360
f 3361//3361 3362//3362 3363//3363
f 3364//3364 3365//3365 3366//3366
f 3367//3367 3368//3368 3369//3369
f 3370//3370 3371//3371 3372//3372
f 3373//3373 3374//3374 3375//3375
f 3376//3376 3377//3377 3378//3378
f 3379//3379 3380//3380 3381//3381
f 3382//3382 3383//3383 3384//3384
o Cylinder_2
usemtl Black
v 118.97672128982776 8.426307745353705 57.573319327928886
v 119.05649728632852 -2.6374902550147583 58.283412116345275
v 123.49473195886276 -0.5209103044219148 69.32266931750785
v 118.97672128982776 8.426307745353705 57.573319327928886
v 123.49473195886276 -0.5209103044219148 69.32266931750785
v 123.77695816368032 6.857776853109019 71.83445314390218
v 131.03514740092578 -0.07248796771181644 66.72305323097459
v 131.31197199672442 7.167503699030821 69.1865792075663
v 130.99560552519506 -1.5620082762148897 82.88144183005988
v 119.05649728632852 -2.6374902550147583 58.283412116345275
v 129.8124014245832 -2.637513059212014 54.44291018959723
v 131.03514740092578 -0.07248796771181644 66.72305323097459
v 119.05649728632852 -2.6374902550147583 58.283412116345275
v 131.03514740092578 -0.07248796771181644 66.72305323097459
v 123.49473195886276 -0.5209103044219148 69.32266931750785
v 129.8124014245832 -2.637513059212014 54.44291018959723
v 129.73395747535506 8.217785463912492 53.744795365677035
v 131.31197199672442 7.167503699030821 69.1865792075663
v 129.8124014245832 -2.637513059212014 54.44291018959723
v 131.31197199672442 7.167503699030821 69.1865792075663
v 131.03514740092578 -0.07248796771181644 66.72305323097459
v 129.73395747535506 8.217785463912492 53.744795365677035
v 118.97672128982776 8.426307745353705 57.573319327928886
v 123.77695816368032 6.857776853109019 71.83445314390218
v 129.73395747535506 8.217785463912492 53.744795365677035
v 123.77695816368032 6.857776853109019 71.83445314390218
v 131.31197199672442 7.167503699030821 69.1865792075663
v 131.31197199672442 7.167503699030821 69.1865792075663
v 123.77695816368032 6.857776853109019 71.83445314390218
v 130.99560552519506 -1.5620082762148897 82.88144183005988
v 123.77695816368032 6.857776853109019 71.83445314390218
v 123.49473195886276 -0.5209103044219148 69.32266931750785
v 130.99560552519506 -1.5620082762148897 82.88144183005988
v 123.49473195886276 -0.5209103044219148 69.32266931750785
v 131.03514740092578 -0.07248796771181644 66.72305323097459
v 130.99560552519506 -1.5620082762148897 82.88144183005988
v 63.6658129760076 34.491447736416895 50.76843194810192
v 63.53864441571659 23.510828967664153 49.24459761712245
v 64.5408159499857 23.119549643882227 61.76880462223645
v 63.6658129760076 34.491447736416895 50.76843194810192
v 64.5408159499857 23.119549643882227 61.76880462223645
v 64.09099302572486 29.856497014169985 65.66331648787886
v 72.30331618693526 23.34182075837707 62.92432934042081
v 71.86213059282409 29.952304918471576 66.7446241665312
v 67.68126947933979 18.88113216848865 77.35952121216697
v 63.53864441571659 23.510828967664153 49.24459761712245
v 74.64886263992867 23.225710739934602 50.644432451189815
v 72.30331618693526 23.34182075837707 62.92432934042081
v 63.53864441571659 23.510828967664153 49.24459761712245
v 72.30331618693526 23.34182075837707 62.92432934042081
v 64.5408159499857 23.119549643882227 61.76880462223645
v 74.64886263992867 23.225710739934602 50.644432451189815
v 74.77389677801511 33.99959472615558 52.1381961060097
v 71.86213059282409 29.952304918471576 66.7446241665312
v 74.64886263992867 23.225710739934602 50.644432451189815
v 71.86213059282409 29.952304918471576 66.7446241665312
v 72.30331618693526 23.34182075837707 62.92432934042081
v 74.77389677801511 33.99959472615558 52.1381961060097
v 63.6658129760076 34.491447736416895 50.76843194810192
v 64.09099302572486 29.856497014169985 65.66331648787886
v 74.77389677801511 33.99959472615558 52.1381961060097
v 64.09099302572486 29.856497014169985 65.66331648787886
v 71.86213059282409 29.952304918471576 66.7446241665312
v 71.86213059282409 29.952304918471576 66.7446241665312
v 64.09099302572486 29.856497014169985 65.66331648787886
v 67.68126947933979 18.88113216848865 77.35952121216697
v 64.09099302572486 29.856497014169985 65.66331648787886
v 64.5408159499857 23.119549643882227 61.76880462223645
v 67.68126947933979 18.88113216848865 77.35952121216697
v 64.5408159499857 23.119549643882227 61.76880462223645
v 72.30331618693526 23.34182075837707 62.92432934042081
v 67.68126947933979 18.88113216848865 77.35952121216697
v 92.38244993464832 8.339403456731333 86.79744957597573
v 92.38847036877814 -3.2106704405010267 87.5463133948829
v 95.79135818796203 -1.001122351718697 99.754227009778
v 92.38244993464832 8.339403456731333 86.79744957597573
v 95.79135818796203 -1.001122351718697 99.754227009778
v 95.81269192144646 6.7019340568763655 102.40325885549858
v 103.87425250394244 -0.5329734872568762 98.39715401367484
v 103.8951981606624 7.025225400706679 100.99533733589254
v 102.09188934467875 -2.0879738065157194 115.11066543700306
v 92.38847036877814 -3.2106704405010267 87.5463133948829
v 103.93244304148993 -3.2106916961029817 85.47365315390385
v 103.87425250394244 -0.5329734872568762 98.39715401367484
v 92.38847036877814 -3.2106704405010267 87.5463133948829
v 103.87425250394244 -0.5329734872568762 98.39715401367484
v 95.79135818796203 -1.001122351718697 99.754227009778
v 103.93244304148993 -3.2106916961029817 85.47365315390385
v 103.92651700441093 8.121663278990585 84.73740710294301
v 103.8951981606624 7.025225400706679 100.99533733589254
v 103.93244304148993 -3.2106916961029817 85.47365315390385
v 103.8951981606624 7.025225400706679 100.99533733589254
v 103.87425250394244 -0.5329734872568762 98.39715401367484
v 103.92651700441093 8.121663278990585 84.73740710294301
v 92.38244993464832 8.339403456731333 86.79744957597573
v 95.81269192144646 6.7019340568763655 102.40325885549858
v 103.92651700441093 8.121663278990585 84.73740710294301
v 95.81269192144646 6.7019340568763655 102.40325885549858
v 103.8951981606624 7.025225400706679 100.99533733589254
v 103.8951981606624 7.025225400706679 100.99533733589254
v 95.81269192144646 6.7019340568763655 102.40325885549858
v 102.09188934467875 -2.0879738065157194 115.11066543700306
v 95.81269192144646 6.7019340568763655 102.40325885549858
v 95.79135818796203 -1.001122351718697 99.754227009778
v 102.09188934467875 -2.0879738065157194 115.11066543700306
v 95.79135818796203 -1.001122351718697 99.754227009778
v 103.87425250394244 -0.5329734872568762 98.39715401367484
v 102.09188934467875 -2.0879738065157194 115.11066543700306
v 34.09517114291475 153.79311195998724 272.16219059404705
v 35.796612430366395 158.9719120424474 270.2748153288155
v 37.401183988698676 155.76337668934127 265.19279337476115
v 34.09517114291475 153.79311195998724 272.16219059404705
v 37.401183988698676 155.76337668934127 265.19279337476115
v 36.27162101221302 151.88945818518337 265.02487203616363
v 42.00768664859311 154.33389087356358 266.24582409831817
v 40.89935776426046 150.53298324192545 266.0815737462059
v 41.156138719602495 153.1456827124843 258.37552285837177
v 35.796612430366395 158.9719120424474 270.2748153288155
v 42.474430244212726 157.25379157758712 271.7502204362916
v 42.00768664859311 154.33389087356358 266.24582409831817
v 35.796612430366395 158.9719120424474 270.2748153288155
v 42.00768664859311 154.33389087356358 266.24582409831817
v 37.401183988698676 155.76337668934127 265.19279337476115
v 42.474430244212726 157.25379157758712 271.7502204362916
v 40.80506297691613 152.17281829741475 273.60266878077283
v 40.89935776426046 150.53298324192545 266.0815737462059
v 42.474430244212726 157.25379157758712 271.7502204362916
v 40.89935776426046 150.53298324192545 266.0815737462059
v 42.00768664859311 154.33389087356358 266.24582409831817
v 40.80506297691613 152.17281829741475 273.60266878077283
v 34.09517114291475 153.79311195998724 272.16219059404705
v 36.27162101221302 151.88945818518337 265.02487203616363
v 40.80506297691613 152.17281829741475 273.60266878077283
v 36.27162101221302 151.88945818518337 265.02487203616363
v 40.89935776426046 150.53298324192545 266.0815737462059
v 40.89935776426046 150.53298324192545 266.0815737462059
v 36.27162101221302 151.88945818518337 265.02487203616363
v 41.156138719602495 153.1456827124843 258.37552285837177
v 36.27162101221302 151.88945818518337 265.02487203616363
v 37.401183988698676 155.76337668934127 265.19279337476115
v 41.156138719602495 153.1456827124843 258.37552285837177
v 37.401183988698676 155.76337668934127 265.19279337476115
v 42.00768664859311 154.33389087356358 266.24582409831817
v 41.156138719602495 153.1456827124843 258.37552285837177
v 59.79815603285033 145.21610182469354 272.20181752930836
v 60.82563122101874 150.6445086097057 269.80547432708346
v 64.84769551790805 147.31602623868673 265.94320908379467
v 59.79815603285033 145.21610182469354 272.20181752930836
v 64.84769551790805 147.31602623868673 265.94320908379467
v 64.74962747067138 143.1106482956909 266.2286663207214
v 69.24928840188386 147.35455108283637 268.6238964359365
v 69.15287754731708 143.2284351934783 268.9045079471043
v 71.3749683906849 144.9957985734345 260.89391132021785
v 60.82563122101874 150.6445086097057 269.80547432708346
v 67.13887451391201 151.04691324076978 273.5697977823669
v 69.24928840188386 147.35455108283637 268.6238964359365
v 60.82563122101874 150.6445086097057 269.80547432708346
v 69.24928840188386 147.35455108283637 268.6238964359365
v 64.84769551790805 147.31602623868673 265.94320908379467
v 67.13887451391201 151.04691324076978 273.5697977823669
v 66.13048326285025 145.72109506337722 275.92160654146966
v 69.15287754731708 143.2284351934783 268.9045079471043
v 67.13887451391201 151.04691324076978 273.5697977823669
v 69.15287754731708 143.2284351934783 268.9045079471043
v 69.24928840188386 147.35455108283637 268.6238964359365
v 66.13048326285025 145.72109506337722 275.92160654146966
v 59.79815603285033 145.21610182469354 272.20181752930836
v 64.74962747067138 143.1106482956909 266.2286663207214
v 66.13048326285025 145.72109506337722 275.92160654146966
v 64.74962747067138 143.1106482956909 266.2286663207214
v 69.15287754731708 143.2284351934783 268.9045079471043
v 69.15287754731708 143.2284351934783 268.9045079471043
v 64.74962747067138 143.1106482956909 266.2286663207214
v 71.3749683906849 144.9957985734345 260.89391132021785
v 64.74962747067138 143.1106482956909 266.2286663207214
v 64.84769551790805 147.31602623868673 265.94320908379467
v 71.3749683906849 144.9957985734345 260.89391132021785
v 64.84769551790805 147.31602623868673 265.94320908379467
v 69.24928840188386 147.35455108283637 268.6238964359365
v 71.3749683906849 144.9957985734345 260.89391132021785
v -118.97672128982776 8.426318233915955 57.573329816488325
v -123.77695816368032 6.857787341671272 71.83446363246162
v -123.49473195886276 -0.5208998158596626 69.32267980606727
v -118.97672128982776 8.426318233915955 57.573329816488325
v -123.49473195886276 -0.5208998158596626 69.32267980606727
v -119.05649728632852 -2.6374797664525063 58.28342260490471
v -131.03514740092578 -0.07247747914956443 66.72306371953403
v -130.99560552519506 -1.5619977876533422 82.88144707433891
v -131.31197199672442 7.167514187593072 69.18658969612572
v -119.05649728632852 -2.6374797664525063 58.28342260490471
v -123.49473195886276 -0.5208998158596626 69.32267980606727
v -131.03514740092578 -0.07247747914956443 66.72306371953403
v -119.05649728632852 -2.6374797664525063 58.28342260490471
v -131.03514740092578 -0.07247747914956443 66.72306371953403
v -129.8124014245832 -2.6375025706497617 54.44292067815665
v -129.8124014245832 -2.6375025706497617 54.44292067815665
v -131.03514740092578 -0.07247747914956443 66.72306371953403
v -131.31197199672442 7.167514187593072 69.18658969612572
v -129.8124014245832 -2.6375025706497617 54.44292067815665
v -131.31197199672442 7.167514187593072 69.18658969612572
v -129.73395747535506 8.21779595247404 53.744800609956044
v -129.73395747535506 8.21779595247404 53.744800609956044
v -131.31197199672442 7.167514187593072 69.18658969612572
v -123.77695816368032 6.857787341671272 71.83446363246162
v -129.73395747535506 8.21779595247404 53.744800609956044
v -123.77695816368032 6.857787341671272 71.83446363246162
v -118.97672128982776 8.426318233915955 57.573329816488325
v -131.31197199672442 7.167514187593072 69.18658969612572
v -130.99560552519506 -1.5619977876533422 82.88144707433891
v -123.77695816368032 6.857787341671272 71.83446363246162
v -123.77695816368032 6.857787341671272 71.83446363246162
v -130.99560552519506 -1.5619977876533422 82.88144707433891
v -123.49473195886276 -0.5208998158596626 69.32267980606727
v -123.49473195886276 -0.5208998158596626 69.32267980606727
v -130.99560552519506 -1.5619977876533422 82.88144707433891
v -131.03514740092578 -0.07247747914956443 66.72306371953403
v -63.6658024874464 34.49145298069802 50.76843719238164
v -64.09098253716365 29.85650225845111 65.66332173215858
v -64.5408054614245 23.11955488816335 61.768809866516165
v -63.6658024874464 34.49145298069802 50.76843719238164
v -64.5408054614245 23.11955488816335 61.768809866516165
v -63.53864441571659 23.510834211945284 49.24460286140217
v -72.30330569837406 23.341826002658202 62.92433458470053
v -67.68125899077859 18.88113741276907 77.35952121216626
v -71.86212010426289 29.9523101627527 66.7446294108109
v -63.53864441571659 23.510834211945284 49.24460286140217
v -64.5408054614245 23.11955488816335 61.768809866516165
v -72.30330569837406 23.341826002658202 62.92433458470053
v -63.53864441571659 23.510834211945284 49.24460286140217
v -72.30330569837406 23.341826002658202 62.92433458470053
v -74.64886263992867 23.22571598421573 50.644437695469534
v -74.64886263992867 23.22571598421573 50.644437695469534
v -72.30330569837406 23.341826002658202 62.92433458470053
v -71.86212010426289 29.9523101627527 66.7446294108109
v -74.64886263992867 23.22571598421573 50.644437695469534
v -71.86212010426289 29.9523101627527 66.7446294108109
v -74.77388628945391 33.999599970436705 52.138201350289414
v -74.77388628945391 33.999599970436705 52.138201350289414
v -71.86212010426289 29.9523101627527 66.7446294108109
v -64.09098253716365 29.85650225845111 65.66332173215858
v -74.77388628945391 33.999599970436705 52.138201350289414
v -64.09098253716365 29.85650225845111 65.66332173215858
v -63.6658024874464 34.49145298069802 50.76843719238164
v -71.86212010426289 29.9523101627527 66.7446294108109
v -67.68125899077859 18.88113741276907 77.35952121216626
v -64.09098253716365 29.85650225845111 65.66332173215858
v -64.09098253716365 29.85650225845111 65.66332173215858
v -67.68125899077859 18.88113741276907 77.35952121216626
v -64.5408054614245 23.11955488816335 61.768809866516165
v -64.5408054614245 23.11955488816335 61.768809866516165
v -67.68125899077859 18.88113741276907 77.35952121216626
v -72.30330569837406 23.341826002658202 62.92433458470053
v -92.38244993464832 8.339408701012458 86.79745482025544
v -95.81269192144646 6.7019393011581965 102.40326934405873
v -95.79135818796203 -1.0011171074368663 99.75423749833814
v -92.38244993464832 8.339408701012458 86.79745482025544
v -95.79135818796203 -1.0011171074368663 99.75423749833814
v -92.38847036877814 -3.2106651962199004 87.54631863916264
v -103.87425250394244 -0.5329629986946243 98.39716450223428
v -102.09188934467875 -2.087963317954877 115.11066543700166
v -103.8951981606624 7.025235889268932 100.99534782445198
v -92.38847036877814 -3.2106651962199004 87.54631863916264
v -95.79135818796203 -1.0011171074368663 99.75423749833814
v -103.87425250394244 -0.5329629986946243 98.39716450223428
v -92.38847036877814 -3.2106651962199004 87.54631863916264
v -103.87425250394244 -0.5329629986946243 98.39716450223428
v -103.93244304148993 -3.2106812075407296 85.4736636424633
v -103.93244304148993 -3.2106812075407296 85.4736636424633
v -103.87425250394244 -0.5329629986946243 98.39716450223428
v -103.8951981606624 7.025235889268932 100.99534782445198
v -103.93244304148993 -3.2106812075407296 85.4736636424633
v -103.8951981606624 7.025235889268932 100.99534782445198
v -103.92651700441093 8.121673767552837 84.73741759150244
v -103.92651700441093 8.121673767552837 84.73741759150244
v -103.8951981606624 7.025235889268932 100.99534782445198
v -95.81269192144646 6.7019393011581965 102.40326934405873
v -103.92651700441093 8.121673767552837 84.73741759150244
v -95.81269192144646 6.7019393011581965 102.40326934405873
v -92.38244993464832 8.339408701012458 86.79745482025544
v -103.8951981606624 7.025235889268932 100.99534782445198
v -102.09188934467875 -2.087963317954877 115.11066543700166
v -95.81269192144646 6.7019393011581965 102.40326934405873
v -95.81269192144646 6.7019393011581965 102.40326934405873
v -102.09188934467875 -2.087963317954877 115.11066543700166
v -95.79135818796203 -1.0011171074368663 99.75423749833814
v -95.79135818796203 -1.0011171074368663 99.75423749833814
v -102.09188934467875 -2.087963317954877 115.11066543700166
v -103.87425250394244 -0.5329629986946243 98.39716450223428
v -34.095139677231145 153.79312244854808 272.1621905940456
v -36.27159479081001 151.88945818518337 265.02487203616363
v -37.40115776729567 155.76337668934127 265.19279337476115
v -34.095139677231145 153.79312244854808 272.1621905940456
v -37.40115776729567 155.76337668934127 265.19279337476115
v -35.79658096468279 158.9719120424474 270.2748153288155
v -42.0076604271901 154.33389087356358 266.24582409831817
v -41.15611249819949 153.14569320104516 258.3755228583704
v -40.89933154285745 150.53299373048628 266.08157374620447
v -35.79658096468279 158.9719120424474 270.2748153288155
v -37.40115776729567 155.76337668934127 265.19279337476115
v -42.0076604271901 154.33389087356358 266.24582409831817
v -35.79658096468279 158.9719120424474 270.2748153288155
v -42.0076604271901 154.33389087356358 266.24582409831817
v -42.47439877852912 157.25379157758994 271.7502414134133
v -42.47439877852912 157.25379157758994 271.7502414134133
v -42.0076604271901 154.33389087356358 266.24582409831817
v -40.89933154285745 150.53299373048628 266.08157374620447
v -42.47439877852912 157.25379157758994 271.7502414134133
v -40.89933154285745 150.53299373048628 266.08157374620447
v -40.80503151123253 152.17281829741475 273.60266878077283
v -40.80503151123253 152.17281829741475 273.60266878077283
v -40.89933154285745 150.53299373048628 266.08157374620447
v -36.27159479081001 151.88945818518337 265.02487203616363
v -40.80503151123253 152.17281829741475 273.60266878077283
v -36.27159479081001 151.88945818518337 265.02487203616363
v -34.095139677231145 153.79312244854808 272.1621905940456
v -40.89933154285745 150.53299373048628 266.08157374620447
v -41.15611249819949 153.14569320104516 258.3755228583704
v -36.27159479081001 151.88945818518337 265.02487203616363
v -36.27159479081001 151.88945818518337 265.02487203616363
v -41.15611249819949 153.14569320104516 258.3755228583704
v -37.40115776729567 155.76337668934127 265.19279337476115
v -37.40115776729567 155.76337668934127 265.19279337476115
v -41.15611249819949 153.14569320104516 258.3755228583704
v -42.0076604271901 154.33389087356358 266.24582409831817
v -59.798124567166724 145.21610182469354 272.20181752930836
v -64.74959600498778 143.11065878425458 266.22868729784176
v -64.84766405222445 147.3160367272476 265.94320908379325
v -59.798124567166724 145.21610182469354 272.20181752930836
v -64.84766405222445 147.3160367272476 265.94320908379325
v -60.82559975533513 150.6445086097057 269.80547432708346
v -69.24925693620025 147.3545615713972 268.6238964359351
v -71.3749369250013 144.9957985734345 260.89391132021785
v -69.15284608163347 143.2284351934783 268.9045079471043
v -60.82559975533513 150.6445086097057 269.80547432708346
v -64.84766405222445 147.3160367272476 265.94320908379325
v -69.24925693620025 147.3545615713972 268.6238964359351
v -60.82559975533513 150.6445086097057 269.80547432708346
v -69.24925693620025 147.3545615713972 268.6238964359351
v -67.13884304822841 151.04691324076978 273.5697977823669
v -67.13884304822841 151.04691324076978 273.5697977823669
v -69.24925693620025 147.3545615713972 268.6238964359351
v -69.15284608163347 143.2284351934783 268.9045079471043
v -67.13884304822841 151.04691324076978 273.5697977823669
v -69.15284608163347 143.2284351934783 268.9045079471043
v -66.13045179716664 145.72109506337722 275.92160654146966
v -66.13045179716664 145.72109506337722 275.92160654146966
v -69.15284608163347 143.2284351934783 268.9045079471043
v -64.74959600498778 143.11065878425458 266.22868729784176
v -66.13045179716664 145.72109506337722 275.92160654146966
v -64.74959600498778 143.11065878425458 266.22868729784176
v -59.798124567166724 145.21610182469354 272.20181752930836
v -69.15284608163347 143.2284351934783 268.9045079471043
v -71.3749369250013 144.9957985734345 260.89391132021785
v -64.74959600498778 143.11065878425458 266.22868729784176
v -64.74959600498778 143.11065878425458 266.22868729784176
v -71.3749369250013 144.9957985734345 260.89391132021785
v -64.84766405222445 147.3160367272476 265.94320908379325
v -64.84766405222445 147.3160367272476 265.94320908379325
v -71.3749369250013 144.9957985734345 260.89391132021785
v -69.24925693620025 147.3545615713972 268.6238964359351
vn -0.9389198845822223 -0.023236052391394486 0.34335045683000137
vn -0.9389198845822223 -0.023236052391394486 0.34335045683000137
vn -0.9389198845822223 -0.023236052391394486 0.34335045683000137
vn -0.9389198845822223 -0.023236052391394486 0.34335045683000137
vn -0.9389198845822223 -0.023236052391394486 0.34335045683000137
vn -0.9389198845822223 -0.023236052391394486 0.34335045683000137
vn 0.9992827790691344 -0.03785280807803211 -0.0010451681563157854
vn 0.9992827790691344 -0.03785280807803211 -0.0010451681563157854
vn 0.9992827790691344 -0.03785280807803211 -0.0010451681563157854
vn 0.08598243971763579 -0.9806282370335482 0.17599795678552144
vn 0.08598243971763579 -0.9806282370335482 0.17599795678552144
vn 0.08598243971763579 -0.9806282370335482 0.17599795678552144
vn 0.08598243971763579 -0.9806282370335482 0.17599795678552144
vn 0.08598243971763579 -0.9806282370335482 0.17599795678552144
vn 0.08598243971763579 -0.9806282370335482 0.17599795678552144
vn 0.9949406444671186 -0.0011067437385729475 -0.10045839489884247
vn 0.9949406444671186 -0.0011067437385729475 -0.10045839489884247
vn 0.9949406444671186 -0.0011067437385729475 -0.10045839489884247
vn 0.9949406444671186 -0.0011067437385729475 -0.10045839489884247
vn 0.9949406444671186 -0.0011067437385729475 -0.10045839489884247
vn 0.9949406444671186 -0.0011067437385729475 -0.10045839489884247
vn 0.02377974648616906 0.9962879645762024 0.08273339892486638
vn 0.02377974648616906 0.9962879645762024 0.08273339892486638
vn 0.02377974648616906 0.9962879645762024 0.08273339892486638
vn 0.02377974648616906 0.9962879645762024 0.08273339892486638
vn 0.02377974648616906 0.9962879645762024 0.08273339892486638
vn 0.02377974648616906 0.9962879645762024 0.08273339892486638
vn 0.1533520618223091 0.8316706934617827 0.5336731235237956
vn 0.1533520618223091 0.8316706934617827 0.5336731235237956
vn 0.1533520618223091 0.8316706934617827 0.5336731235237956
vn -0.8719973149039496 -0.12752800001470255 0.47260691066948274
vn -0.8719973149039496 -0.12752800001470255 0.47260691066948274
vn -0.8719973149039496 -0.12752800001470255 0.47260691066948274
vn 0.02758461364710475 -0.9954053340209508 -0.09169138505104614
vn 0.02758461364710475 -0.9954053340209508 -0.09169138505104614
vn 0.02758461364710475 -0.9954053340209508 -0.09169138505104614
vn -0.998417380693538 -0.0322679621953504 0.04605987999131163
vn -0.998417380693538 -0.0322679621953504 0.04605987999131163
vn -0.998417380693538 -0.0322679621953504 0.04605987999131163
vn -0.998417380693538 -0.0322679621953504 0.04605987999131163
vn -0.998417380693538 -0.0322679621953504 0.04605987999131163
vn -0.998417380693538 -0.0322679621953504 0.04605987999131163
vn 0.9562058100641515 -0.09598240392264268 0.2765100846927478
vn 0.9562058100641515 -0.09598240392264268 0.2765100846927478
vn 0.9562058100641515 -0.09598240392264268 0.2765100846927478
vn -0.0018147394498978042 -0.9999357290760729 -0.011191266140688818
vn -0.0018147394498978042 -0.9999357290760729 -0.011191266140688818
vn -0.0018147394498978042 -0.9999357290760729 -0.011191266140688818
vn -0.0018147394498978042 -0.9999357290760729 -0.011191266140688818
vn -0.0018147394498978042 -0.9999357290760729 -0.011191266140688818
vn -0.0018147394498978042 -0.9999357290760729 -0.011191266140688818
vn 0.9817245002874339 -0.03907960281046494 0.18625195349194298
vn 0.9817245002874339 -0.03907960281046494 0.18625195349194298
vn 0.9817245002874339 -0.03907960281046494 0.18625195349194298
vn 0.9817245002874339 -0.03907960281046494 0.18625195349194298
vn 0.9817245002874339 -0.03907960281046494 0.18625195349194298
vn 0.9817245002874339 -0.03907960281046494 0.18625195349194298
vn -0.016355186759539116 0.9595623260056617 0.28102072944298023
vn -0.016355186759539116 0.9595623260056617 0.28102072944298023
vn -0.016355186759539116 0.9595623260056617 0.28102072944298023
vn -0.016355186759539116 0.9595623260056617 0.28102072944298023
vn -0.016355186759539116 0.9595623260056617 0.28102072944298023
vn -0.016355186759539116 0.9595623260056617 0.28102072944298023
vn -0.10579233192568582 0.7087186874586853 0.6975140174595519
vn -0.10579233192568582 0.7087186874586853 0.6975140174595519
vn -0.10579233192568582 0.7087186874586853 0.6975140174595519
vn -0.9758279991277499 -0.15450339621464484 0.15455878065148115
vn -0.9758279991277499 -0.15450339621464484 0.15455878065148115
vn -0.9758279991277499 -0.15450339621464484 0.15455878065148115
vn 0.06832860670960482 -0.959152342618353 -0.2745140891736699
vn 0.06832860670960482 -0.959152342618353 -0.2745140891736699
vn 0.06832860670960482 -0.959152342618353 -0.2745140891736699
vn -0.9707612588835933 -0.022811760981401585 0.2389606700100852
vn -0.9707612588835933 -0.022811760981401585 0.2389606700100852
vn -0.9707612588835933 -0.022811760981401585 0.2389606700100852
vn -0.9707612588835933 -0.022811760981401585 0.2389606700100852
vn -0.9707612588835933 -0.022811760981401585 0.2389606700100852
vn -0.9707612588835933 -0.022811760981401585 0.2389606700100852
vn 0.994010773715743 -0.03797929625916446 0.10247026296779216
vn 0.994010773715743 -0.03797929625916446 0.10247026296779216
vn 0.994010773715743 -0.03797929625916446 0.10247026296779216
vn 0.05547163146956137 -0.981457102636281 0.18347984572399723
vn 0.05547163146956137 -0.981457102636281 0.18347984572399723
vn 0.05547163146956137 -0.981457102636281 0.18347984572399723
vn 0.05547163146956137 -0.981457102636281 0.18347984572399723
vn 0.05547163146956137 -0.981457102636281 0.18347984572399723
vn 0.05547163146956137 -0.981457102636281 0.18347984572399723
vn 0.999994502016023 -0.0011033047432147092 0.0031270843240370745
vn 0.999994502016023 -0.0011033047432147092 0.0031270843240370745
vn 0.999994502016023 -0.0011033047432147092 0.0031270843240370745
vn 0.999994502016023 -0.0011033047432147092 0.0031270843240370745
vn 0.999994502016023 -0.0011033047432147092 0.0031270843240370745
vn 0.999994502016023 -0.0011033047432147092 0.0031270843240370745
vn 0.009566987617642882 0.9963801922584351 0.08446884172858005
vn 0.009566987617642882 0.9963801922584351 0.08446884172858005
vn 0.009566987617642882 0.9963801922584351 0.08446884172858005
vn 0.009566987617642882 0.9963801922584351 0.08446884172858005
vn 0.009566987617642882 0.9963801922584351 0.08446884172858005
vn 0.009566987617642882 0.9963801922584351 0.08446884172858005
vn 0.061877120027296166 0.8348886853699286 0.5469297076027231
vn 0.061877120027296166 0.8348886853699286 0.5469297076027231
vn 0.061877120027296166 0.8348886853699286 0.5469297076027231
vn -0.9210356324424737 -0.1243743491491463 0.3690858776017023
vn -0.9210356324424737 -0.1243743491491463 0.3690858776017023
vn -0.9210356324424737 -0.1243743491491463 0.3690858776017023
vn 0.04286203665377937 -0.9951960671936821 -0.08802064335210251
vn 0.04286203665377937 -0.9951960671936821 -0.08802064335210251
vn 0.04286203665377937 -0.9951960671936821 -0.08802064335210251
vn -0.904730293488234 0.2128460526845339 -0.3689981760135228
vn -0.904730293488234 0.2128460526845339 -0.3689981760135228
vn -0.904730293488234 0.2128460526845339 -0.3689981760135228
vn -0.904730293488234 0.2128460526845339 -0.3689981760135228
vn -0.904730293488234 0.2128460526845339 -0.3689981760135228
vn -0.904730293488234 0.2128460526845339 -0.3689981760135228
vn 0.9588904276377334 -0.2769342636616474 -0.06193998219975519
vn 0.9588904276377334 -0.2769342636616474 -0.06193998219975519
vn 0.9588904276377334 -0.2769342636616474 -0.06193998219975519
vn 0.33177567943290937 0.8314502724861884 -0.4456628130318642
vn 0.33177567943290937 0.8314502724861884 -0.4456628130318642
vn 0.33177567943290937 0.8314502724861884 -0.4456628130318642
vn 0.33177567943290937 0.8314502724861884 -0.4456628130318642
vn 0.33177567943290937 0.8314502724861884 -0.4456628130318642
vn 0.33177567943290937 0.8314502724861884 -0.4456628130318642
vn 0.9557472506991503 -0.2851203812259563 0.0724814527350304
vn 0.9557472506991503 -0.2851203812259563 0.0724814527350304
vn 0.9557472506991503 -0.2851203812259563 0.0724814527350304
vn 0.9557472506991503 -0.2851203812259563 0.0724814527350304
vn 0.9557472506991503 -0.2851203812259563 0.0724814527350304
vn 0.9557472506991503 -0.2851203812259563 0.0724814527350304
vn -0.28714560691319224 -0.9402789297246693 0.18281940473123956
vn -0.28714560691319224 -0.9402789297246693 0.18281940473123956
vn -0.28714560691319224 -0.9402789297246693 0.18281940473123956
vn -0.28714560691319224 -0.9402789297246693 0.18281940473123956
vn -0.28714560691319224 -0.9402789297246693 0.18281940473123956
vn -0.28714560691319224 -0.9402789297246693 0.18281940473123956
vn -0.1982821981910647 -0.926216960141708 -0.3206342349568637
vn -0.1982821981910647 -0.926216960141708 -0.3206342349568637
vn -0.1982821981910647 -0.926216960141708 -0.3206342349568637
vn -0.801368082879134 0.2570847120704013 -0.5401079952771486
vn -0.801368082879134 0.2570847120704013 -0.5401079952771486
vn -0.801368082879134 0.2570847120704013 -0.5401079952771486
vn 0.32817263339108893 0.9281464316432297 -0.1756329243652721
vn 0.32817263339108893 0.9281464316432297 -0.1756329243652721
vn 0.32817263339108893 0.9281464316432297 -0.1756329243652721
vn -0.7600603162320193 -0.09034755202337855 -0.6435414792635092
vn -0.7600603162320193 -0.09034755202337855 -0.6435414792635092
vn -0.7600603162320193 -0.09034755202337855 -0.6435414792635092
vn -0.7600603162320193 -0.09034755202337855 -0.6435414792635092
vn -0.7600603162320193 -0.09034755202337855 -0.6435414792635092
vn -0.7600603162320193 -0.09034755202337855 -0.6435414792635092
vn 0.9638539329461142 -0.004405427836303131 0.2663947975278172
vn 0.9638539329461142 -0.004405427836303131 0.2663947975278172
vn 0.9638539329461142 -0.004405427836303131 0.2663947975278172
vn 0.25796062031209405 0.8350293586215003 -0.48598589342527787
vn 0.25796062031209405 0.8350293586215003 -0.48598589342527787
vn 0.25796062031209405 0.8350293586215003 -0.48598589342527787
vn 0.25796062031209405 0.8350293586215003 -0.48598589342527787
vn 0.25796062031209405 0.8350293586215003 -0.48598589342527787
vn 0.25796062031209405 0.8350293586215003 -0.48598589342527787
vn 0.9193738200647672 0.002096951336195774 0.39337943740695264
vn 0.9193738200647672 0.002096951336195774 0.39337943740695264
vn 0.9193738200647672 0.002096951336195774 0.39337943740695264
vn 0.9193738200647672 0.002096951336195774 0.39337943740695264
vn 0.9193738200647672 0.002096951336195774 0.39337943740695264
vn 0.9193738200647672 0.002096951336195774 0.39337943740695264
vn -0.10701773485257249 -0.9561166736426836 0.27274183912534283
vn -0.10701773485257249 -0.9561166736426836 0.27274183912534283
vn -0.10701773485257249 -0.9561166736426836 0.27274183912534283
vn -0.10701773485257249 -0.9561166736426836 0.27274183912534283
vn -0.10701773485257249 -0.9561166736426836 0.27274183912534283
vn -0.10701773485257249 -0.9561166736426836 0.27274183912534283
vn 0.13416934670449662 -0.9748653736877041 -0.17786536928143631
vn 0.13416934670449662 -0.9748653736877041 -0.17786536928143631
vn 0.13416934670449662 -0.9748653736877041 -0.17786536928143631
vn -0.6199817046312732 -0.038736718128941465 -0.7836594621333297
vn -0.6199817046312732 -0.038736718128941465 -0.7836594621333297
vn -0.6199817046312732 -0.038736718128941465 -0.7836594621333297
vn 0.1451242728733093 0.9567721774376405 -0.25204353969945237
vn 0.1451242728733093 0.9567721774376405 -0.25204353969945237
vn 0.1451242728733093 0.9567721774376405 -0.25204353969945237
vn 0.9389198115994192 -0.023236109414721425 0.34335065254835057
vn 0.9389198115994192 -0.023236109414721425 0.34335065254835057
vn 0.9389198115994192 -0.023236109414721425 0.34335065254835057
vn 0.9389198115994192 -0.023236109414721425 0.34335065254835057
vn 0.9389198115994192 -0.023236109414721425 0.34335065254835057
vn 0.9389198115994192 -0.023236109414721425 0.34335065254835057
vn -0.9992827775743062 -0.037852847532134894 -0.001045168449919553
vn -0.9992827775743062 -0.037852847532134894 -0.001045168449919553
vn -0.9992827775743062 -0.037852847532134894 -0.001045168449919553
vn -0.08598243266250592 -0.9806282161745368 0.17599807645478396
vn -0.08598243266250592 -0.9806282161745368 0.17599807645478396
vn -0.08598243266250592 -0.9806282161745368 0.17599807645478396
vn -0.08598243266250592 -0.9806282161745368 0.17599807645478396
vn -0.08598243266250592 -0.9806282161745368 0.17599807645478396
vn -0.08598243266250592 -0.9806282161745368 0.17599807645478396
vn -0.9949406452119334 -0.0011067436229851306 -0.10045838752346496
vn -0.9949406452119334 -0.0011067436229851306 -0.10045838752346496
vn -0.9949406452119334 -0.0011067436229851306 -0.10045838752346496
vn -0.9949406452119334 -0.0011067436229851306 -0.10045838752346496
vn -0.9949406452119334 -0.0011067436229851306 -0.10045838752346496
vn -0.9949406452119334 -0.0011067436229851306 -0.10045838752346496
vn -0.023779770730834333 0.9962879658448982 0.08273337667848184
vn -0.023779770730834333 0.9962879658448982 0.08273337667848184
vn -0.023779770730834333 0.9962879658448982 0.08273337667848184
vn -0.023779770730834333 0.9962879658448982 0.08273337667848184
vn -0.023779770730834333 0.9962879658448982 0.08273337667848184
vn -0.023779770730834333 0.9962879658448982 0.08273337667848184
vn -0.1533521751424313 0.8316703847085617 0.5336735721185731
vn -0.1533521751424313 0.8316703847085617 0.5336735721185731
vn -0.1533521751424313 0.8316703847085617 0.5336735721185731
vn 0.8719972485232662 -0.1275280350101126 0.47260702370395724
vn 0.8719972485232662 -0.1275280350101126 0.47260702370395724
vn 0.8719972485232662 -0.1275280350101126 0.47260702370395724
vn -0.027584622521342143 -0.9954053257897336 -0.09169147173968327
vn -0.027584622521342143 -0.9954053257897336 -0.09169147173968327
vn -0.027584622521342143 -0.9954053257897336 -0.09169147173968327
vn 0.9984174245396455 -0.03226833614161871 0.04605866756944576
vn 0.9984174245396455 -0.03226833614161871 0.04605866756944576
vn 0.9984174245396455 -0.03226833614161871 0.04605866756944576
vn 0.9984174245396455 -0.03226833614161871 0.04605866756944576
vn 0.9984174245396455 -0.03226833614161871 0.04605866756944576
vn 0.9984174245396455 -0.03226833614161871 0.04605866756944576
vn -0.9562058100641515 -0.09598240392264268 0.2765100846927478
vn -0.9562058100641515 -0.09598240392264268 0.2765100846927478
vn -0.9562058100641515 -0.09598240392264268 0.2765100846927478
vn 0.0018145106946313683 -0.9999357295328407 -0.01119126242051073
vn 0.0018145106946313683 -0.9999357295328407 -0.01119126242051073
vn 0.0018145106946313683 -0.9999357295328407 -0.01119126242051073
vn 0.0018145106946313683 -0.9999357295328407 -0.01119126242051073
vn 0.0018145106946313683 -0.9999357295328407 -0.01119126242051073
vn 0.0018145106946313683 -0.9999357295328407 -0.01119126242051073
vn -0.9817245006888026 -0.03907937930902426 0.1862519982715427
vn -0.9817245006888026 -0.03907937930902426 0.1862519982715427
vn -0.9817245006888026 -0.03907937930902426 0.1862519982715427
vn -0.9817245006888026 -0.03907937930902426 0.1862519982715427
vn -0.9817245006888026 -0.03907937930902426 0.1862519982715427
vn -0.9817245006888026 -0.03907937930902426 0.1862519982715427
vn 0.016354983785547703 0.9595623291919317 0.28102073037612224
vn 0.016354983785547703 0.9595623291919317 0.28102073037612224
vn 0.016354983785547703 0.9595623291919317 0.28102073037612224
vn 0.016354983785547703 0.9595623291919317 0.28102073037612224
vn 0.016354983785547703 0.9595623291919317 0.28102073037612224
vn 0.016354983785547703 0.9595623291919317 0.28102073037612224
vn 0.1057928034260196 0.7087186517067878 0.6975139822728833
vn 0.1057928034260196 0.7087186517067878 0.6975139822728833
vn 0.1057928034260196 0.7087186517067878 0.6975139822728833
vn 0.9758278720880088 -0.1545036780968287 0.1545593009519012
vn 0.9758278720880088 -0.1545036780968287 0.1545593009519012
vn 0.9758278720880088 -0.1545036780968287 0.1545593009519012
vn -0.06832854404262192 -0.9591524188404018 -0.27451383845194777
vn -0.06832854404262192 -0.9591524188404018 -0.27451383845194777
vn -0.06832854404262192 -0.9591524188404018 -0.27451383845194777
vn 0.9707612614490739 -0.022811489095511554 0.23896068554272248
vn 0.9707612614490739 -0.022811489095511554 0.23896068554272248
vn 0.9707612614490739 -0.022811489095511554 0.23896068554272248
vn 0.9707612614490739 -0.022811489095511554 0.23896068554272248
vn 0.9707612614490739 -0.022811489095511554 0.23896068554272248
vn 0.9707612614490739 -0.022811489095511554 0.23896068554272248
vn -0.9940107670355491 -0.03797931918513777 0.10247031927164417
vn -0.9940107670355491 -0.03797931918513777 0.10247031927164417
vn -0.9940107670355491 -0.03797931918513777 0.10247031927164417
vn -0.05547207402162868 -0.981457089234532 0.18347978361394257
vn -0.05547207402162868 -0.981457089234532 0.18347978361394257
vn -0.05547207402162868 -0.981457089234532 0.18347978361394257
vn -0.05547207402162868 -0.981457089234532 0.18347978361394257
vn -0.05547207402162868 -0.981457089234532 0.18347978361394257
vn -0.05547207402162868 -0.981457089234532 0.18347978361394257
vn -0.9999945021787687 -0.0011033063732158765 0.0031270317048196954
vn -0.9999945021787687 -0.0011033063732158765 0.0031270317048196954
vn -0.9999945021787687 -0.0011033063732158765 0.0031270317048196954
vn -0.9999945021787687 -0.0011033063732158765 0.0031270317048196954
vn -0.9999945021787687 -0.0011033063732158765 0.0031270317048196954
vn -0.9999945021787687 -0.0011033063732158765 0.0031270317048196954
vn -0.009566438659490528 0.9963801870323644 0.0844689655478544
vn -0.009566438659490528 0.9963801870323644 0.0844689655478544
vn -0.009566438659490528 0.9963801870323644 0.0844689655478544
vn -0.009566438659490528 0.9963801870323644 0.0844689655478544
vn -0.009566438659490528 0.9963801870323644 0.0844689655478544
vn -0.009566438659490528 0.9963801870323644 0.0844689655478544
vn -0.06187659347949102 0.8348889660965726 0.5469293386440061
vn -0.06187659347949102 0.8348889660965726 0.5469293386440061
vn -0.06187659347949102 0.8348889660965726 0.5469293386440061
vn 0.9210355157343562 -0.12437443204153571 0.3690861409079101
vn 0.9210355157343562 -0.12437443204153571 0.3690861409079101
vn 0.9210355157343562 -0.12437443204153571 0.3690861409079101
vn -0.042862659028952775 -0.995196040325074 -0.08802064406865844
vn -0.042862659028952775 -0.995196040325074 -0.08802064406865844
vn -0.042862659028952775 -0.995196040325074 -0.08802064406865844
vn 0.9047302644631849 0.212845121105452 -0.3689987845318476
vn 0.9047302644631849 0.212845121105452 -0.3689987845318476
vn 0.9047302644631849 0.212845121105452 -0.3689987845318476
vn 0.9047302644631849 0.212845121105452 -0.3689987845318476
vn 0.9047302644631849 0.212845121105452 -0.3689987845318476
vn 0.9047302644631849 0.212845121105452 -0.3689987845318476
vn -0.9588898264043477 -0.2769362463312307 -0.06194042529889092
vn -0.9588898264043477 -0.2769362463312307 -0.06194042529889092
vn -0.9588898264043477 -0.2769362463312307 -0.06194042529889092
vn -0.3317797500856274 0.8314485132144308 -0.44566306477722734
vn -0.3317797500856274 0.8314485132144308 -0.44566306477722734
vn -0.3317797500856274 0.8314485132144308 -0.44566306477722734
vn -0.3317797500856274 0.8314485132144308 -0.44566306477722734
vn -0.3317797500856274 0.8314485132144308 -0.44566306477722734
vn -0.3317797500856274 0.8314485132144308 -0.44566306477722734
vn -0.9557472088661657 -0.2851202850995866 0.07248238247508437
vn -0.9557472088661657 -0.2851202850995866 0.07248238247508437
vn -0.9557472088661657 -0.2851202850995866 0.07248238247508437
vn -0.9557472088661657 -0.2851202850995866 0.07248238247508437
vn -0.9557472088661657 -0.2851202850995866 0.07248238247508437
vn -0.9557472088661657 -0.2851202850995866 0.07248238247508437
vn 0.2871450323720164 -0.9402791409738758 0.18281922063476824
vn 0.2871450323720164 -0.9402791409738758 0.18281922063476824
vn 0.2871450323720164 -0.9402791409738758 0.18281922063476824
vn 0.2871450323720164 -0.9402791409738758 0.18281922063476824
vn 0.2871450323720164 -0.9402791409738758 0.18281922063476824
vn 0.2871450323720164 -0.9402791409738758 0.18281922063476824
vn 0.19827649228152766 -0.9262180487952554 -0.3206346186774645
vn 0.19827649228152766 -0.9262180487952554 -0.3206346186774645
vn 0.19827649228152766 -0.9262180487952554 -0.3206346186774645
vn 0.801368082879134 0.2570847120704013 -0.5401079952771486
vn 0.801368082879134 0.2570847120704013 -0.5401079952771486
vn 0.801368082879134 0.2570847120704013 -0.5401079952771486
vn -0.3281726995727226 0.9281467235848228 -0.17563125790675813
vn -0.3281726995727226 0.9281467235848228 -0.17563125790675813
vn -0.3281726995727226 0.9281467235848228 -0.17563125790675813
vn 0.7600599774936745 -0.0903473158502337 -0.6435419124897562
vn 0.7600599774936745 -0.0903473158502337 -0.6435419124897562
vn 0.7600599774936745 -0.0903473158502337 -0.6435419124897562
vn 0.7600599774936745 -0.0903473158502337 -0.6435419124897562
vn 0.7600599774936745 -0.0903473158502337 -0.6435419124897562
vn 0.7600599774936745 -0.0903473158502337 -0.6435419124897562
vn -0.9638537136467751 -0.004405426719828272 0.2663955910009337
vn -0.9638537136467751 -0.004405426719828272 0.2663955910009337
vn -0.9638537136467751 -0.004405426719828272 0.2663955910009337
vn -0.2579588396149646 0.8350304555955084 -0.4859849537716765
vn -0.2579588396149646 0.8350304555955084 -0.4859849537716765
vn -0.2579588396149646 0.8350304555955084 -0.4859849537716765
vn -0.2579588396149646 0.8350304555955084 -0.4859849537716765
vn -0.2579588396149646 0.8350304555955084 -0.4859849537716765
vn -0.2579588396149646 0.8350304555955084 -0.4859849537716765
vn -0.9193734084395195 0.0020972594809360156 0.3933803977792616
vn -0.9193734084395195 0.0020972594809360156 0.3933803977792616
vn -0.9193734084395195 0.0020972594809360156 0.3933803977792616
vn -0.9193734084395195 0.0020972594809360156 0.3933803977792616
vn -0.9193734084395195 0.0020972594809360156 0.3933803977792616
vn -0.9193734084395195 0.0020972594809360156 0.3933803977792616
vn 0.10701799832892289 -0.9561167047792097 0.2727416265915715
vn 0.10701799832892289 -0.9561167047792097 0.2727416265915715
vn 0.10701799832892289 -0.9561167047792097 0.2727416265915715
vn 0.10701799832892289 -0.9561167047792097 0.2727416265915715
vn 0.10701799832892289 -0.9561167047792097 0.2727416265915715
vn 0.10701799832892289 -0.9561167047792097 0.2727416265915715
vn -0.13416664953677382 -0.9748656116870189 -0.17786609936177017
vn -0.13416664953677382 -0.9748656116870189 -0.17786609936177017
vn -0.13416664953677382 -0.9748656116870189 -0.17786609936177017
vn 0.6199835851764982 -0.03874316120498592 -0.7836576558495045
vn 0.6199835851764982 -0.03874316120498592 -0.7836576558495045
vn 0.6199835851764982 -0.03874316120498592 -0.7836576558495045
vn -0.14512965689922047 0.9567710759817977 -0.2520446207578087
vn -0.14512965689922047 0.9567710759817977 -0.2520446207578087
vn -0.14512965689922047 0.9567710759817977 -0.2520446207578087
f 3385//3385 3386//3386 3387//3387
f 3388//3388 3389//3389 3390//3390
f 3391//3391 3392//3392 3393//3393
f 3394//3394 3395//3395 3396//3396
f 3397//3397 3398//3398 3399//3399
f 3400//3400 3401//3401 3402//3402
f 3403//3403 3404//3404 3405//3405
f 3406//3406 3407//3407 3408//3408
f 3409//3409 3410//3410 3411//3411
f 3412//3412 3413//3413 3414//3414
f 3415//3415 3416//3416 3417//3417
f 3418//3418 3419//3419 3420//3420
f 3421//3421 3422//3422 3423//3423
f 3424//3424 3425//3425 3426//3426
f 3427//3427 3428//3428 3429//3429
f 3430//3430 3431//3431 3432//3432
f 3433//3433 3434//3434 3435//3435
f 3436//3436 3437//3437 3438//3438
f 3439//3439 3440//3440 3441//3441
f 3442//3442 3443//3443 3444//3444
f 3445//3445 3446//3446 3447//3447
f 3448//3448 3449//3449 3450//3450
f 3451//3451 3452//3452 3453//3453
f 3454//3454 3455//3455 3456//3456
f 3457//3457 3458//3458 3459//3459
f 3460//3460 3461//3461 3462//3462
f 3463//3463 3464//3464 3465//3465
f 3466//3466 3467//3467 3468//3468
f 3469//3469 3470//3470 3471//3471
f 3472//3472 3473//3473 3474//3474
f 3475//3475 3476//3476 3477//3477
f 3478//3478 3479//3479 3480//3480
f 3481//3481 3482//3482 3483//3483
f 3484//3484 3485//3485 3486//3486
f 3487//3487 3488//3488 3489//3489
f 3490//3490 3491//3491 3492//3492
f 3493//3493 3494//3494 3495//3495
f 3496//3496 3497//3497 3498//3498
f 3499//3499 3500//3500 3501//3501
f 3502//3502 3503//3503 3504//3504
f 3505//3505 3506//3506 3507//3507
f 3508//3508 3509//3509 3510//3510
f 3511//3511 3512//3512 3513//3513
f 3514//3514 3515//3515 3516//3516
f 3517//3517 3518//3518 3519//3519
f 3520//3520 3521//3521 3522//3522
f 3523//3523 3524//3524 3525//3525
f 3526//3526 3527//3527 3528//3528
f 3529//3529 3530//3530 3531//3531
f 3532//3532 3533//3533 3534//3534
f 3535//3535 3536//3536 3537//3537
f 3538//3538 3539//3539 3540//3540
f 3541//3541 3542//3542 3543//3543
f 3544//3544 3545//3545 3546//3546
f 3547//3547 3548//3548 3549//3549
f 3550//3550 3551//3551 3552//3552
f 3553//3553 3554//3554 3555//3555
f 3556//3556 3557//3557 3558//3558
f 3559//3559 3560//3560 3561//3561
f 3562//3562 3563//3563 3564//3564
f 3565//3565 3566//3566 3567//3567
f 3568//3568 3569//3569 3570//3570
f 3571//3571 3572//3572 3573//3573
f 3574//3574 3575//3575 3576//3576
f 3577//3577 3578//3578 3579//3579
f 3580//3580 3581//3581 3582//3582
f 3583//3583 3584//3584 3585//3585
f 3586//3586 3587//3587 3588//3588
f 3589//3589 3590//3590 3591//3591
f 3592//3592 3593//3593 3594//3594
f 3595//3595 3596//3596 3597//3597
f 3598//3598 3599//3599 3600//3600
f 3601//3601 3602//3602 3603//3603
f 3604//3604 3605//3605 3606//3606
f 3607//3607 3608//3608 3609//3609
f 3610//3610 3611//3611 3612//3612
f 3613//3613 3614//3614 3615//3615
f 3616//3616 3617//3617 3618//3618
f 3619//3619 3620//3620 3621//3621
f 3622//3622 3623//3623 3624//3624
f 3625//3625 3626//3626 3627//3627
f 3628//3628 3629//3629 3630//3630
f 3631//3631 3632//3632 3633//3633
f 3634//3634 3635//3635 3636//3636
f 3637//3637 3638//3638 3639//3639
f 3640//3640 3641//3641 3642//3642
f 3643//3643 3644//3644 3645//3645
f 3646//3646 3647//3647 3648//3648
f 3649//3649 3650//3650 3651//3651
f 3652//3652 3653//3653 3654//3654
f 3655//3655 3656//3656 3657//3657
f 3658//3658 3659//3659 3660//3660
f 3661//3661 3662//3662 3663//3663
f 3664//3664 3665//3665 3666//3666
f 3667//3667 3668//3668 3669//3669
f 3670//3670 3671//3671 3672//3672
f 3673//3673 3674//3674 3675//3675
f 3676//3676 3677//3677 3678//3678
f 3679//3679 3680//3680 3681//3681
f 3682//3682 3683//3683 3684//3684
f 3685//3685 3686//3686 3687//3687
f 3688//3688 3689//3689 3690//3690
f 3691//3691 3692//3692 3693//3693
f 3694//3694 3695//3695 3696//3696
f 3697//3697 3698//3698 3699//3699
f 3700//3700 3701//3701 3702//3702
f 3703//3703 3704//3704 3705//3705
f 3706//3706 3707//3707 3708//3708
f 3709//3709 3710//3710 3711//3711
f 3712//3712 3713//3713 3714//3714
f 3715//3715 3716//3716 3717//3717
f 3718//3718 3719//3719 3720//3720
f 3721//3721 3722//3722 3723//3723
f 3724//3724 3725//3725 3726//3726
f 3727//3727 3728//3728 3729//3729
f 3730//3730 3731//3731 3732//3732
f 3733//3733 3734//3734 3735//3735
f 3736//3736 3737//3737 3738//3738
f 3739//3739 3740//3740 3741//3741
f 3742//3742 3743//3743 3744//3744
